# WaveFront *.obj file (generated by Autodesk ATF)

mtllib Car_Back_Cover.mtl

g Body1

v 116.080000 12.000000 6.580400
v 116.080000 12.000000 19.580400
v 116.043065 12.469303 19.580400
v 115.933170 12.927051 19.580400
v 115.753020 13.361971 19.580400
v 115.507051 13.763356 19.580400
v 115.201320 14.121320 19.580400
v 114.843356 14.427051 19.580400
v 114.441971 14.673020 19.580400
v 114.007051 14.853170 19.580400
v 113.549303 14.963065 19.580400
v 113.080000 15.000000 19.580400
v 113.080000 15.000000 3.580400
v 113.374051 14.985554 3.594846
v 113.665271 14.942356 3.638044
v 113.950854 14.870821 3.709579
v 114.228050 14.771639 3.808761
v 114.494190 14.645764 3.934636
v 114.746711 14.494409 4.085991
v 114.983180 14.319031 4.261369
v 115.201320 14.121320 4.459080
v 115.399031 13.903180 4.677220
v 115.574409 13.666711 4.913689
v 115.725764 13.414190 5.166210
v 115.851639 13.148050 5.432350
v 115.950821 12.870854 5.709546
v 116.022356 12.585271 5.995129
v 116.065554 12.294051 6.286349
v 116.043065 12.469303 11.580400
v 115.933170 12.927051 11.580400
v 115.753020 13.361971 11.580400
v 115.507051 13.763356 11.580400
v 115.201320 14.121320 11.580400
v 114.843356 14.427051 11.580400
v 114.441971 14.673020 11.580400
v 114.007051 14.853170 11.580400
v 113.549303 14.963065 11.580400
v 113.080000 -15.000000 3.580400
v 113.374051 -14.985554 3.594846
v 113.665271 -14.942356 3.638044
v 113.950854 -14.870821 3.709579
v 114.228050 -14.771639 3.808761
v 114.494190 -14.645764 3.934636
v 114.746711 -14.494409 4.085991
v 114.983180 -14.319031 4.261369
v 115.201320 -14.121320 4.459080
v 115.399031 -13.903180 4.677220
v 115.574409 -13.666711 4.913689
v 115.725764 -13.414190 5.166210
v 115.851639 -13.148050 5.432350
v 115.950821 -12.870854 5.709546
v 116.022356 -12.585271 5.995129
v 116.065554 -12.294051 6.286349
v 116.080000 -12.000000 6.580400
v 113.549303 -5.000000 3.617335
v 113.549303 5.000000 3.617335
v 114.007051 -5.000000 3.727230
v 114.007051 5.000000 3.727230
v 114.441971 -5.000000 3.907380
v 114.441971 5.000000 3.907380
v 114.843356 -5.000000 4.153349
v 114.843356 5.000000 4.153349
v 115.201320 -5.000000 4.459080
v 115.201320 5.000000 4.459080
v 115.507051 -5.000000 4.817044
v 115.507051 5.000000 4.817044
v 115.753020 -5.000000 5.218429
v 115.753020 5.000000 5.218429
v 115.933170 -5.000000 5.653349
v 115.933170 5.000000 5.653349
v 116.043065 -5.000000 6.111097
v 116.043065 5.000000 6.111097
v 113.080000 -15.000000 19.580400
v 113.549303 -14.963065 19.580400
v 114.007051 -14.853170 19.580400
v 114.441971 -14.673020 19.580400
v 114.843356 -14.427051 19.580400
v 115.201320 -14.121320 19.580400
v 115.507051 -13.763356 19.580400
v 115.753020 -13.361971 19.580400
v 115.933170 -12.927051 19.580400
v 116.043065 -12.469303 19.580400
v 116.080000 -12.000000 19.580400
v 113.549303 -14.963065 11.580400
v 114.007051 -14.853170 11.580400
v 114.441971 -14.673020 11.580400
v 114.843356 -14.427051 11.580400
v 115.201320 -14.121320 11.580400
v 115.507051 -13.763356 11.580400
v 115.753020 -13.361971 11.580400
v 115.933170 -12.927051 11.580400
v 116.043065 -12.469303 11.580400
v 116.080000 28.000000 19.580400
v 116.080000 -28.000000 19.580400
v 116.080000 -28.000000 6.580400
v 116.080000 -80.322284 6.580400
v 116.080000 -80.322284 21.580400
v 116.080000 80.638194 21.580400
v 116.080000 80.638194 6.580400
v 116.080000 28.000000 6.580400
v 116.043065 81.107497 6.580400
v 115.933170 81.565245 6.580400
v 115.753020 82.000165 6.580400
v 115.507051 82.401549 6.580400
v 115.201320 82.759514 6.580400
v 114.843356 83.065245 6.580400
v 114.441971 83.311213 6.580400
v 114.007051 83.491363 6.580400
v 113.549303 83.601259 6.580400
v 113.080000 83.638194 6.580400
v 113.080000 83.601259 6.111097
v 113.080000 83.491363 5.653349
v 113.080000 83.311213 5.218429
v 113.080000 83.065245 4.817044
v 113.080000 82.759514 4.459080
v 113.080000 82.401549 4.153349
v 113.080000 82.000165 3.907380
v 113.080000 81.565245 3.727230
v 113.080000 81.107497 3.617335
v 113.080000 80.638194 3.580400
v 113.549303 80.638194 3.617335
v 114.007051 80.638194 3.727230
v 114.441971 80.638194 3.907380
v 114.843356 80.638194 4.153349
v 115.201320 80.638194 4.459080
v 115.507051 80.638194 4.817044
v 115.753020 80.638194 5.218429
v 115.933170 80.638194 5.653349
v 116.043065 80.638194 6.111097
v 113.308854 83.509658 5.742357
v 113.308854 81.476237 3.708935
v 113.544267 82.575290 4.337162
v 114.001688 82.487324 4.405265
v 114.436413 82.353826 4.526927
v 114.837740 82.178083 4.699153
v 115.195785 81.964424 4.917701
v 115.501732 81.718108 5.177190
v 115.748049 81.445201 5.471231
v 115.928669 81.152423 5.792583
v 116.039145 80.846983 6.133334
v 116.039145 81.085260 6.371611
v 115.928669 81.426011 6.066171
v 115.748049 81.747363 5.773393
v 115.501732 82.041404 5.500486
v 115.195785 82.300893 5.254170
v 114.837740 82.519441 5.040510
v 114.436413 82.691666 4.864768
v 114.001688 82.813328 4.731270
v 113.544267 82.881431 4.643304
v 115.892836 81.660223 6.372049
v 115.708473 82.006037 6.111217
v 115.459389 82.318170 5.861939
v 115.151716 82.588936 5.630351
v 114.793031 82.811669 5.422156
v 114.392165 82.980884 5.242482
v 113.958990 83.092413 5.095751
v 113.504170 83.143512 4.985578
v 115.630348 82.214524 6.475955
v 115.375799 82.541239 6.252187
v 115.064721 82.821095 6.036500
v 114.704772 83.047200 5.834207
v 114.304815 83.213988 5.650287
v 113.874700 83.317351 5.489269
v 113.425016 83.354745 5.355119
v 114.937051 82.991355 6.462100
v 114.575247 83.219934 6.265989
v 114.176625 83.384942 6.077621
v 113.751001 83.482316 5.901632
v 114.010915 83.489318 6.513417
v 113.591096 83.583035 6.322161
v 113.158692 83.604241 6.137263
v 113.504170 82.233016 4.075081
v 113.958990 82.122842 4.126180
v 114.392165 81.976112 4.237710
v 114.793031 81.796437 4.406924
v 115.151716 81.588243 4.629657
v 115.459389 81.356655 4.900424
v 115.708473 81.107376 5.212557
v 115.892836 80.846545 5.558371
v 113.425016 81.863475 3.863849
v 113.874700 81.729325 3.901242
v 114.304815 81.568307 4.004606
v 114.704772 81.384387 4.171393
v 115.064721 81.182093 4.397499
v 115.375799 80.966407 4.677355
v 115.630348 80.742639 5.004070
v 113.751001 81.316961 3.736278
v 114.176625 81.140973 3.833652
v 114.575247 80.952604 3.998660
v 114.937051 80.756494 4.227239
v 114.010915 80.705177 3.729276
v 113.591096 80.896433 3.635558
v 113.158692 81.081330 3.614353
v 100.080000 83.638194 6.580400
v 100.080000 83.601259 6.111097
v 100.080000 83.491363 5.653349
v 100.080000 83.311213 5.218429
v 100.080000 83.065245 4.817044
v 100.080000 82.759514 4.459080
v 100.080000 82.401549 4.153349
v 100.080000 82.000165 3.907380
v 100.080000 81.565245 3.727230
v 100.080000 81.107497 3.617335
v 100.080000 80.638194 3.580400
v 106.580000 83.601259 6.111097
v 106.580000 83.491363 5.653349
v 106.580000 83.311213 5.218429
v 106.580000 83.065245 4.817044
v 106.580000 82.759514 4.459080
v 106.580000 82.401549 4.153349
v 106.580000 82.000165 3.907380
v 106.580000 81.565245 3.727230
v 106.580000 81.107497 3.617335
v 113.080000 25.000000 3.580400
v 113.374051 25.014446 3.594846
v 113.665271 25.057644 3.638044
v 113.950854 25.129179 3.709579
v 114.228050 25.228361 3.808761
v 114.494190 25.354236 3.934636
v 114.746711 25.505591 4.085991
v 114.983180 25.680969 4.261369
v 115.201320 25.878680 4.459080
v 115.399031 26.096820 4.677220
v 115.574409 26.333289 4.913689
v 115.725764 26.585810 5.166210
v 115.851639 26.851950 5.432350
v 115.950821 27.129146 5.709546
v 116.022356 27.414729 5.995129
v 116.065554 27.705949 6.286349
v 116.043065 71.365161 6.111097
v 116.043065 62.092129 6.111097
v 116.043065 52.819097 6.111097
v 116.043065 43.546065 6.111097
v 116.043065 34.273032 6.111097
v 115.933170 71.365161 5.653349
v 115.933170 62.092129 5.653349
v 115.933170 52.819097 5.653349
v 115.933170 43.546065 5.653349
v 115.933170 34.273032 5.653349
v 115.753020 71.365161 5.218429
v 115.753020 62.092129 5.218429
v 115.753020 52.819097 5.218429
v 115.753020 43.546065 5.218429
v 115.753020 34.273032 5.218429
v 115.507051 71.365161 4.817044
v 115.507051 62.092129 4.817044
v 115.507051 52.819097 4.817044
v 115.507051 43.546065 4.817044
v 115.507051 34.273032 4.817044
v 115.201320 71.365161 4.459080
v 115.201320 62.092129 4.459080
v 115.201320 52.819097 4.459080
v 115.201320 43.546065 4.459080
v 115.201320 34.273032 4.459080
v 114.843356 71.365161 4.153349
v 114.843356 62.092129 4.153349
v 114.843356 52.819097 4.153349
v 114.843356 43.546065 4.153349
v 114.843356 34.273032 4.153349
v 114.441971 71.365161 3.907380
v 114.441971 62.092129 3.907380
v 114.441971 52.819097 3.907380
v 114.441971 43.546065 3.907380
v 114.441971 34.273032 3.907380
v 114.007051 71.365161 3.727230
v 114.007051 62.092129 3.727230
v 114.007051 52.819097 3.727230
v 114.007051 43.546065 3.727230
v 114.007051 34.273032 3.727230
v 113.549303 71.365161 3.617335
v 113.549303 62.092129 3.617335
v 113.549303 52.819097 3.617335
v 113.549303 43.546065 3.617335
v 113.549303 34.273032 3.617335
v 113.080000 25.000000 19.580400
v 113.549303 25.036935 19.580400
v 114.007051 25.146830 19.580400
v 114.441971 25.326980 19.580400
v 114.843356 25.572949 19.580400
v 115.201320 25.878680 19.580400
v 115.507051 26.236644 19.580400
v 115.753020 26.638029 19.580400
v 115.933170 27.072949 19.580400
v 116.043065 27.530697 19.580400
v 113.549303 25.036935 11.580400
v 114.007051 25.146830 11.580400
v 114.441971 25.326980 11.580400
v 114.843356 25.572949 11.580400
v 115.201320 25.878680 11.580400
v 115.507051 26.236644 11.580400
v 115.753020 26.638029 11.580400
v 115.933170 27.072949 11.580400
v 116.043065 27.530697 11.580400
v 116.043065 81.107497 21.580400
v 115.933170 81.565245 21.580400
v 115.753020 82.000165 21.580400
v 115.507051 82.401549 21.580400
v 115.201320 82.759514 21.580400
v 114.843356 83.065245 21.580400
v 114.441971 83.311213 21.580400
v 114.007051 83.491363 21.580400
v 113.549303 83.601259 21.580400
v 113.080000 83.638194 21.580400
v 116.043065 81.107497 14.080400
v 115.933170 81.565245 14.080400
v 115.753020 82.000165 14.080400
v 115.507051 82.401549 14.080400
v 115.201320 82.759514 14.080400
v 114.843356 83.065245 14.080400
v 114.441971 83.311213 14.080400
v 114.007051 83.491363 14.080400
v 113.549303 83.601259 14.080400
v 109.080000 15.000000 3.580400
v 108.477317 15.036456 3.580400
v 107.883422 15.145291 3.580400
v 107.306976 15.324919 3.580400
v 106.756384 15.572720 3.580400
v 106.239676 15.885081 3.580400
v 105.764387 16.257446 3.580400
v 105.337446 16.684387 3.580400
v 104.965081 17.159676 3.580400
v 104.652720 17.676384 3.580400
v 104.404919 18.226976 3.580400
v 104.225291 18.803422 3.580400
v 104.116456 19.397317 3.580400
v 104.080000 20.000000 3.580400
v 104.116456 20.602683 3.580400
v 104.225291 21.196578 3.580400
v 104.404919 21.773024 3.580400
v 104.652720 22.323616 3.580400
v 104.965081 22.840324 3.580400
v 105.337446 23.315613 3.580400
v 105.764387 23.742554 3.580400
v 106.239676 24.114919 3.580400
v 106.756384 24.427280 3.580400
v 107.306976 24.675081 3.580400
v 107.883422 24.854709 3.580400
v 108.477317 24.963544 3.580400
v 109.080000 25.000000 3.580400
v 100.080000 -80.322284 3.580400
v 113.080000 -80.322284 3.580400
v 113.080000 -25.000000 3.580400
v 109.080000 -25.000000 3.580400
v 108.477317 -24.963544 3.580400
v 107.883422 -24.854709 3.580400
v 107.306976 -24.675081 3.580400
v 106.756384 -24.427280 3.580400
v 106.239676 -24.114919 3.580400
v 105.764387 -23.742554 3.580400
v 105.337446 -23.315613 3.580400
v 104.965081 -22.840324 3.580400
v 104.652720 -22.323616 3.580400
v 104.404919 -21.773024 3.580400
v 104.225291 -21.196578 3.580400
v 104.116456 -20.602683 3.580400
v 104.080000 -20.000000 3.580400
v 104.116456 -19.397317 3.580400
v 104.225291 -18.803422 3.580400
v 104.404919 -18.226976 3.580400
v 104.652720 -17.676384 3.580400
v 104.965081 -17.159676 3.580400
v 105.337446 -16.684387 3.580400
v 105.764387 -16.257446 3.580400
v 106.239676 -15.885081 3.580400
v 106.756384 -15.572720 3.580400
v 107.306976 -15.324919 3.580400
v 107.883422 -15.145291 3.580400
v 108.477317 -15.036456 3.580400
v 109.080000 -15.000000 3.580400
v 100.080000 83.638194 1.580400
v 95.080000 83.638194 21.580400
v 95.080000 83.638194 1.580400
v 116.043065 -27.530697 19.580400
v 115.933170 -27.072949 19.580400
v 115.753020 -26.638029 19.580400
v 115.507051 -26.236644 19.580400
v 115.201320 -25.878680 19.580400
v 114.843356 -25.572949 19.580400
v 114.441971 -25.326980 19.580400
v 114.007051 -25.146830 19.580400
v 113.549303 -25.036935 19.580400
v 113.080000 -25.000000 19.580400
v 113.374051 -25.014446 3.594846
v 113.665271 -25.057644 3.638044
v 113.950854 -25.129179 3.709579
v 114.228050 -25.228361 3.808761
v 114.494190 -25.354236 3.934636
v 114.746711 -25.505591 4.085991
v 114.983180 -25.680969 4.261369
v 115.201320 -25.878680 4.459080
v 115.399031 -26.096820 4.677220
v 115.574409 -26.333289 4.913689
v 115.725764 -26.585810 5.166210
v 115.851639 -26.851950 5.432350
v 115.950821 -27.129146 5.709546
v 116.022356 -27.414729 5.995129
v 116.065554 -27.705949 6.286349
v 116.043065 -27.530697 11.580400
v 115.933170 -27.072949 11.580400
v 115.753020 -26.638029 11.580400
v 115.507051 -26.236644 11.580400
v 115.201320 -25.878680 11.580400
v 114.843356 -25.572949 11.580400
v 114.441971 -25.326980 11.580400
v 114.007051 -25.146830 11.580400
v 113.549303 -25.036935 11.580400
v 116.043065 -80.322284 6.111097
v 115.933170 -80.322284 5.653349
v 115.753020 -80.322284 5.218429
v 115.507051 -80.322284 4.817044
v 115.201320 -80.322284 4.459080
v 114.843356 -80.322284 4.153349
v 114.441971 -80.322284 3.907380
v 114.007051 -80.322284 3.727230
v 113.549303 -80.322284 3.617335
v 113.080000 -80.791588 3.617335
v 113.080000 -81.249335 3.727230
v 113.080000 -81.684256 3.907380
v 113.080000 -82.085640 4.153349
v 113.080000 -82.443605 4.459080
v 113.080000 -82.749335 4.817044
v 113.080000 -82.995304 5.218429
v 113.080000 -83.175454 5.653349
v 113.080000 -83.285349 6.111097
v 113.080000 -83.322284 6.580400
v 113.549303 -83.285349 6.580400
v 114.007051 -83.175454 6.580400
v 114.441971 -82.995304 6.580400
v 114.843356 -82.749335 6.580400
v 115.201320 -82.443605 6.580400
v 115.507051 -82.085640 6.580400
v 115.753020 -81.684256 6.580400
v 115.933170 -81.249335 6.580400
v 116.043065 -80.791588 6.580400
v 113.308854 -81.160327 3.708935
v 113.308854 -83.193749 5.742357
v 113.544267 -82.565522 4.643304
v 114.001688 -82.497419 4.731270
v 114.436413 -82.375757 4.864768
v 114.837740 -82.203531 5.040510
v 115.195785 -81.984984 5.254170
v 115.501732 -81.725494 5.500486
v 115.748049 -81.431454 5.773393
v 115.928669 -81.110101 6.066171
v 116.039145 -80.769350 6.371611
v 116.039145 -80.531073 6.133334
v 115.928669 -80.836514 5.792583
v 115.748049 -81.129292 5.471231
v 115.501732 -81.402198 5.177190
v 115.195785 -81.648514 4.917701
v 114.837740 -81.862174 4.699153
v 114.436413 -82.037916 4.526927
v 114.001688 -82.171414 4.405265
v 113.544267 -82.259380 4.337162
v 115.892836 -80.530636 5.558371
v 115.708473 -80.791467 5.212557
v 115.459389 -81.040746 4.900424
v 115.151716 -81.272334 4.629657
v 114.793031 -81.480528 4.406924
v 114.392165 -81.660203 4.237710
v 113.958990 -81.806933 4.126180
v 113.504170 -81.917107 4.075081
v 115.630348 -80.426730 5.004070
v 115.375799 -80.650498 4.677355
v 115.064721 -80.866184 4.397499
v 114.704772 -81.068478 4.171393
v 114.304815 -81.252398 4.004606
v 113.874700 -81.413415 3.901242
v 113.425016 -81.547566 3.863849
v 114.937051 -80.440584 4.227239
v 114.575247 -80.636695 3.998660
v 114.176625 -80.825064 3.833652
v 113.751001 -81.001052 3.736278
v 114.010915 -80.389268 3.729276
v 113.591096 -80.580524 3.635558
v 113.158692 -80.765421 3.614353
v 113.504170 -82.827603 4.985578
v 113.958990 -82.776504 5.095751
v 114.392165 -82.664974 5.242482
v 114.793031 -82.495760 5.422156
v 115.151716 -82.273027 5.630351
v 115.459389 -82.002261 5.861939
v 115.708473 -81.690128 6.111217
v 115.892836 -81.344314 6.372049
v 113.425016 -83.038835 5.355119
v 113.874700 -83.001442 5.489269
v 114.304815 -82.898079 5.650287
v 114.704772 -82.731291 5.834207
v 115.064721 -82.505185 6.036500
v 115.375799 -82.225330 6.252187
v 115.630348 -81.898614 6.475955
v 113.751001 -83.166407 5.901632
v 114.176625 -83.069033 6.077621
v 114.575247 -82.904025 6.265989
v 114.937051 -82.675445 6.462100
v 114.010915 -83.173409 6.513417
v 113.591096 -83.267126 6.322161
v 113.158692 -83.288332 6.137263
v 100.080000 -80.791588 3.617335
v 100.080000 -81.249335 3.727230
v 100.080000 -81.684256 3.907380
v 100.080000 -82.085640 4.153349
v 100.080000 -82.443605 4.459080
v 100.080000 -82.749335 4.817044
v 100.080000 -82.995304 5.218429
v 100.080000 -83.175454 5.653349
v 100.080000 -83.285349 6.111097
v 100.080000 -83.322284 6.580400
v 106.580000 -80.791588 3.617335
v 106.580000 -81.249335 3.727230
v 106.580000 -81.684256 3.907380
v 106.580000 -82.085640 4.153349
v 106.580000 -82.443605 4.459080
v 106.580000 -82.749335 4.817044
v 106.580000 -82.995304 5.218429
v 106.580000 -83.175454 5.653349
v 106.580000 -83.285349 6.111097
v 113.080000 -83.322284 21.580400
v 113.549303 -83.285349 21.580400
v 114.007051 -83.175454 21.580400
v 114.441971 -82.995304 21.580400
v 114.843356 -82.749335 21.580400
v 115.201320 -82.443605 21.580400
v 115.507051 -82.085640 21.580400
v 115.753020 -81.684256 21.580400
v 115.933170 -81.249335 21.580400
v 116.043065 -80.791588 21.580400
v 113.549303 -83.285349 14.080400
v 114.007051 -83.175454 14.080400
v 114.441971 -82.995304 14.080400
v 114.843356 -82.749335 14.080400
v 115.201320 -82.443605 14.080400
v 115.507051 -82.085640 14.080400
v 115.753020 -81.684256 14.080400
v 115.933170 -81.249335 14.080400
v 116.043065 -80.791588 14.080400
v 113.549303 -71.101904 3.617335
v 113.549303 -61.881523 3.617335
v 113.549303 -52.661142 3.617335
v 113.549303 -43.440761 3.617335
v 113.549303 -34.220381 3.617335
v 114.007051 -71.101904 3.727230
v 114.007051 -61.881523 3.727230
v 114.007051 -52.661142 3.727230
v 114.007051 -43.440761 3.727230
v 114.007051 -34.220381 3.727230
v 114.441971 -71.101904 3.907380
v 114.441971 -61.881523 3.907380
v 114.441971 -52.661142 3.907380
v 114.441971 -43.440761 3.907380
v 114.441971 -34.220381 3.907380
v 114.843356 -71.101904 4.153349
v 114.843356 -61.881523 4.153349
v 114.843356 -52.661142 4.153349
v 114.843356 -43.440761 4.153349
v 114.843356 -34.220381 4.153349
v 115.201320 -71.101904 4.459080
v 115.201320 -61.881523 4.459080
v 115.201320 -52.661142 4.459080
v 115.201320 -43.440761 4.459080
v 115.201320 -34.220381 4.459080
v 115.507051 -71.101904 4.817044
v 115.507051 -61.881523 4.817044
v 115.507051 -52.661142 4.817044
v 115.507051 -43.440761 4.817044
v 115.507051 -34.220381 4.817044
v 115.753020 -71.101904 5.218429
v 115.753020 -61.881523 5.218429
v 115.753020 -52.661142 5.218429
v 115.753020 -43.440761 5.218429
v 115.753020 -34.220381 5.218429
v 115.933170 -71.101904 5.653349
v 115.933170 -61.881523 5.653349
v 115.933170 -52.661142 5.653349
v 115.933170 -43.440761 5.653349
v 115.933170 -34.220381 5.653349
v 116.043065 -71.101904 6.111097
v 116.043065 -61.881523 6.111097
v 116.043065 -52.661142 6.111097
v 116.043065 -43.440761 6.111097
v 116.043065 -34.220381 6.111097
v 109.080000 -25.000000 19.580400
v 107.080000 91.638194 -1.419600
v 107.080000 91.601259 -0.950297
v 107.080000 91.491364 -0.492549
v 107.080000 91.311214 -0.057629
v 107.080000 91.065245 0.343756
v 107.080000 90.759514 0.701720
v 107.080000 90.401550 1.007451
v 107.080000 90.000165 1.253420
v 107.080000 89.565245 1.433570
v 107.080000 89.107497 1.543465
v 107.080000 88.638194 1.580400
v 103.080000 88.638194 1.580400
v 103.080000 89.107497 1.543465
v 103.080000 89.565245 1.433570
v 103.080000 90.000165 1.253420
v 103.080000 90.401550 1.007451
v 103.080000 90.759514 0.701720
v 103.080000 91.065245 0.343756
v 103.080000 91.311214 -0.057629
v 103.080000 91.491364 -0.492549
v 103.080000 91.601259 -0.950297
v 103.080000 91.638194 -1.419600
v 115.080000 83.638194 -1.419600
v 115.043065 83.638194 -0.950297
v 114.933170 83.638194 -0.492549
v 114.753020 83.638194 -0.057629
v 114.507051 83.638194 0.343756
v 114.201320 83.638194 0.701720
v 113.843356 83.638194 1.007451
v 113.441971 83.638194 1.253420
v 113.007051 83.638194 1.433570
v 112.549303 83.638194 1.543465
v 112.080000 83.638194 1.580400
v 112.043544 84.240877 1.580400
v 111.934709 84.834772 1.580400
v 111.755081 85.411218 1.580400
v 111.507280 85.961810 1.580400
v 111.194919 86.478518 1.580400
v 110.822554 86.953807 1.580400
v 110.395613 87.380748 1.580400
v 109.920324 87.753113 1.580400
v 109.403616 88.065474 1.580400
v 108.853025 88.313275 1.580400
v 108.276578 88.492903 1.580400
v 107.682684 88.601738 1.580400
v 107.864137 91.599672 -1.419600
v 108.640723 91.484476 -1.419600
v 109.402278 91.293717 -1.419600
v 110.141468 91.029230 -1.419600
v 110.851174 90.693564 -1.419600
v 111.524562 90.289951 -1.419600
v 112.155146 89.822278 -1.419600
v 112.736854 89.295048 -1.419600
v 113.264084 88.713340 -1.419600
v 113.731757 88.082756 -1.419600
v 114.135370 87.409368 -1.419600
v 114.471036 86.699661 -1.419600
v 114.735523 85.960471 -1.419600
v 114.926282 85.198917 -1.419600
v 115.041478 84.422331 -1.419600
v 110.118582 88.185754 1.543465
v 111.627560 86.676776 1.543465
v 112.522967 84.174279 1.543465
v 112.978511 84.219147 1.433570
v 113.411337 84.261776 1.253420
v 113.810788 84.301119 1.007451
v 114.167029 84.336205 0.701720
v 114.471288 84.366172 0.343756
v 114.716072 84.390281 -0.057629
v 114.895354 84.407939 -0.492549
v 115.004721 84.418711 -0.950297
v 112.444212 84.705202 1.543465
v 112.893164 84.794504 1.433570
v 113.319728 84.879353 1.253420
v 113.713400 84.957659 1.007451
v 114.064486 85.027495 0.701720
v 114.364342 85.087140 0.343756
v 114.605585 85.135126 -0.057629
v 114.782273 85.170271 -0.492549
v 114.890057 85.191711 -0.950297
v 112.313797 85.225849 1.543465
v 112.751834 85.358726 1.433570
v 113.168027 85.484977 1.253420
v 113.552128 85.601493 1.007451
v 113.894679 85.705404 0.701720
v 114.187245 85.794153 0.343756
v 114.422622 85.865554 -0.057629
v 114.595015 85.917849 -0.492549
v 114.700178 85.949750 -0.950297
v 112.132977 85.731206 1.543465
v 112.555881 85.906378 1.433570
v 112.957695 86.072815 1.253420
v 113.328526 86.226418 1.007451
v 113.659242 86.363405 0.701720
v 113.941700 86.480403 0.343756
v 114.168946 86.574531 -0.057629
v 114.335383 86.643472 -0.492549
v 114.436913 86.685527 -0.950297
v 111.903495 86.216406 1.543465
v 112.307192 86.432186 1.433570
v 112.690758 86.637207 1.253420
v 113.044747 86.826418 1.007451
v 113.360444 86.995161 0.701720
v 113.630074 87.139282 0.343756
v 113.846999 87.255230 -0.057629
v 114.005877 87.340152 -0.492549
v 114.102796 87.391957 -0.950297
v 111.307829 87.107883 1.543465
v 111.661672 87.398275 1.433570
v 111.997871 87.674186 1.253420
v 112.308145 87.928821 1.007451
v 112.584855 88.155912 0.701720
v 112.821188 88.349865 0.343756
v 113.011324 88.505906 -0.057629
v 113.150582 88.620192 -0.492549
v 113.235533 88.689909 -0.950297
v 113.701047 88.062236 -0.950297
v 113.609672 88.001181 -0.492549
v 113.459883 87.901095 -0.057629
v 113.255367 87.764442 0.343756
v 113.001162 87.594588 0.701720
v 112.703525 87.395713 1.007451
v 112.369786 87.172716 1.253420
v 112.008163 86.931087 1.433570
v 110.947382 87.505575 1.543465
v 111.271058 87.829252 1.433570
v 111.578593 88.136787 1.253420
v 111.862415 88.420609 1.007451
v 112.115534 88.673728 0.701720
v 112.331718 88.889912 0.343756
v 112.505644 89.063838 -0.057629
v 112.633030 89.191223 -0.492549
v 112.710737 89.268931 -0.950297
v 110.549689 87.866023 1.543465
v 110.840081 88.219866 1.433570
v 111.115992 88.556064 1.253420
v 111.370628 88.866339 1.007451
v 111.597718 89.143049 0.701720
v 111.791671 89.379382 0.343756
v 111.947712 89.569518 -0.057629
v 112.061998 89.708776 -0.492549
v 112.131715 89.793726 -0.950297
v 110.372893 88.566357 1.433570
v 110.614522 88.927980 1.253420
v 110.837519 89.261719 1.007451
v 111.036394 89.559355 0.701720
v 111.206249 89.813561 0.343756
v 111.342901 90.018077 -0.057629
v 111.442987 90.167866 -0.492549
v 111.504042 90.259241 -0.950297
v 109.173012 88.691171 1.543465
v 109.348184 89.114075 1.433570
v 109.514621 89.515889 1.253420
v 109.668224 89.886720 1.007451
v 109.805211 90.217436 0.701720
v 109.922210 90.499894 0.343756
v 110.016338 90.727140 -0.057629
v 110.085278 90.893577 -0.492549
v 110.127333 90.995107 -0.950297
v 110.833763 90.660990 -0.950297
v 110.781959 90.564071 -0.492549
v 110.697037 90.405193 -0.057629
v 110.581088 90.188268 0.343756
v 110.436967 89.918638 0.701720
v 110.268224 89.602941 1.007451
v 110.079013 89.248952 1.253420
v 109.873993 88.865386 1.433570
v 109.658212 88.461689 1.543465
v 108.667655 88.871991 1.543465
v 108.800532 89.310028 1.433570
v 108.926783 89.726221 1.253420
v 109.043299 90.110322 1.007451
v 109.147210 90.452873 0.701720
v 109.235959 90.745439 0.343756
v 109.307360 90.980816 -0.057629
v 109.359655 91.153209 -0.492549
v 109.391556 91.258372 -0.950297
v 108.147008 89.002406 1.543465
v 108.236310 89.451358 1.433570
v 108.321159 89.877922 1.253420
v 108.399465 90.271594 1.007451
v 108.469301 90.622680 0.701720
v 108.528946 90.922536 0.343756
v 108.576932 91.163779 -0.057629
v 108.612078 91.340467 -0.492549
v 108.633517 91.448251 -0.950297
v 107.616086 89.081161 1.543465
v 107.660953 89.536705 1.433570
v 107.703582 89.969531 1.253420
v 107.742925 90.368982 1.007451
v 107.778012 90.725223 0.701720
v 107.807978 91.029482 0.343756
v 107.832088 91.274266 -0.057629
v 107.849745 91.453548 -0.492549
v 107.860517 91.562915 -0.950297
v 115.080000 -83.322284 -1.419600
v 115.043065 -83.322284 -0.950297
v 114.933170 -83.322284 -0.492549
v 114.753020 -83.322284 -0.057629
v 114.507051 -83.322284 0.343756
v 114.201320 -83.322284 0.701720
v 113.843356 -83.322284 1.007451
v 113.441971 -83.322284 1.253420
v 113.007051 -83.322284 1.433570
v 112.549303 -83.322284 1.543465
v 112.080000 -83.322284 1.580400
v 115.043065 -73.501079 -0.950297
v 115.043065 -63.679875 -0.950297
v 115.043065 -53.858670 -0.950297
v 115.043065 -44.037466 -0.950297
v 115.043065 -34.216261 -0.950297
v 115.043065 -24.395057 -0.950297
v 115.043065 -14.573852 -0.950297
v 115.043065 -4.752647 -0.950297
v 115.043065 5.068557 -0.950297
v 115.043065 14.889762 -0.950297
v 115.043065 24.710966 -0.950297
v 115.043065 34.532171 -0.950297
v 115.043065 44.353376 -0.950297
v 115.043065 54.174580 -0.950297
v 115.043065 63.995785 -0.950297
v 115.043065 73.816989 -0.950297
v 114.933170 -73.501079 -0.492549
v 114.933170 -63.679875 -0.492549
v 114.933170 -53.858670 -0.492549
v 114.933170 -44.037466 -0.492549
v 114.933170 -34.216261 -0.492549
v 114.933170 -24.395057 -0.492549
v 114.933170 -14.573852 -0.492549
v 114.933170 -4.752647 -0.492549
v 114.933170 5.068557 -0.492549
v 114.933170 14.889762 -0.492549
v 114.933170 24.710966 -0.492549
v 114.933170 34.532171 -0.492549
v 114.933170 44.353376 -0.492549
v 114.933170 54.174580 -0.492549
v 114.933170 63.995785 -0.492549
v 114.933170 73.816989 -0.492549
v 114.753020 -73.501079 -0.057629
v 114.753020 -63.679875 -0.057629
v 114.753020 -53.858670 -0.057629
v 114.753020 -44.037466 -0.057629
v 114.753020 -34.216261 -0.057629
v 114.753020 -24.395057 -0.057629
v 114.753020 -14.573852 -0.057629
v 114.753020 -4.752647 -0.057629
v 114.753020 5.068557 -0.057629
v 114.753020 14.889762 -0.057629
v 114.753020 24.710966 -0.057629
v 114.753020 34.532171 -0.057629
v 114.753020 44.353376 -0.057629
v 114.753020 54.174580 -0.057629
v 114.753020 63.995785 -0.057629
v 114.753020 73.816989 -0.057629
v 114.507051 -73.501079 0.343756
v 114.507051 -63.679875 0.343756
v 114.507051 -53.858670 0.343756
v 114.507051 -44.037466 0.343756
v 114.507051 -34.216261 0.343756
v 114.507051 -24.395057 0.343756
v 114.507051 -14.573852 0.343756
v 114.507051 -4.752647 0.343756
v 114.507051 5.068557 0.343756
v 114.507051 14.889762 0.343756
v 114.507051 24.710966 0.343756
v 114.507051 34.532171 0.343756
v 114.507051 44.353376 0.343756
v 114.507051 54.174580 0.343756
v 114.507051 63.995785 0.343756
v 114.507051 73.816989 0.343756
v 114.201320 -73.501079 0.701720
v 114.201320 -63.679875 0.701720
v 114.201320 -53.858670 0.701720
v 114.201320 -44.037466 0.701720
v 114.201320 -34.216261 0.701720
v 114.201320 -24.395057 0.701720
v 114.201320 -14.573852 0.701720
v 114.201320 -4.752647 0.701720
v 114.201320 5.068557 0.701720
v 114.201320 14.889762 0.701720
v 114.201320 24.710966 0.701720
v 114.201320 34.532171 0.701720
v 114.201320 44.353376 0.701720
v 114.201320 54.174580 0.701720
v 114.201320 63.995785 0.701720
v 114.201320 73.816989 0.701720
v 113.843356 -73.501079 1.007451
v 113.843356 -63.679875 1.007451
v 113.843356 -53.858670 1.007451
v 113.843356 -44.037466 1.007451
v 113.843356 -34.216261 1.007451
v 113.843356 -24.395057 1.007451
v 113.843356 -14.573852 1.007451
v 113.843356 -4.752647 1.007451
v 113.843356 5.068557 1.007451
v 113.843356 14.889762 1.007451
v 113.843356 24.710966 1.007451
v 113.843356 34.532171 1.007451
v 113.843356 44.353376 1.007451
v 113.843356 54.174580 1.007451
v 113.843356 63.995785 1.007451
v 113.843356 73.816989 1.007451
v 113.441971 -73.501079 1.253420
v 113.441971 -63.679875 1.253420
v 113.441971 -53.858670 1.253420
v 113.441971 -44.037466 1.253420
v 113.441971 -34.216261 1.253420
v 113.441971 -24.395057 1.253420
v 113.441971 -14.573852 1.253420
v 113.441971 -4.752647 1.253420
v 113.441971 5.068557 1.253420
v 113.441971 14.889762 1.253420
v 113.441971 24.710966 1.253420
v 113.441971 34.532171 1.253420
v 113.441971 44.353376 1.253420
v 113.441971 54.174580 1.253420
v 113.441971 63.995785 1.253420
v 113.441971 73.816989 1.253420
v 113.007051 -73.501079 1.433570
v 113.007051 -63.679875 1.433570
v 113.007051 -53.858670 1.433570
v 113.007051 -44.037466 1.433570
v 113.007051 -34.216261 1.433570
v 113.007051 -24.395057 1.433570
v 113.007051 -14.573852 1.433570
v 113.007051 -4.752647 1.433570
v 113.007051 5.068557 1.433570
v 113.007051 14.889762 1.433570
v 113.007051 24.710966 1.433570
v 113.007051 34.532171 1.433570
v 113.007051 44.353376 1.433570
v 113.007051 54.174580 1.433570
v 113.007051 63.995785 1.433570
v 113.007051 73.816989 1.433570
v 112.549303 -73.501079 1.543465
v 112.549303 -63.679875 1.543465
v 112.549303 -53.858670 1.543465
v 112.549303 -44.037466 1.543465
v 112.549303 -34.216261 1.543465
v 112.549303 -24.395057 1.543465
v 112.549303 -14.573852 1.543465
v 112.549303 -4.752647 1.543465
v 112.549303 5.068557 1.543465
v 112.549303 14.889762 1.543465
v 112.549303 24.710966 1.543465
v 112.549303 34.532171 1.543465
v 112.549303 44.353376 1.543465
v 112.549303 54.174580 1.543465
v 112.549303 63.995785 1.543465
v 112.549303 73.816989 1.543465
v 107.080000 -91.322284 -1.419600
v 107.080000 -91.285349 -0.950297
v 107.080000 -91.175454 -0.492549
v 107.080000 -90.995304 -0.057629
v 107.080000 -90.749335 0.343756
v 107.080000 -90.443604 0.701720
v 107.080000 -90.085640 1.007451
v 107.080000 -89.684255 1.253420
v 107.080000 -89.249335 1.433570
v 107.080000 -88.791587 1.543465
v 107.080000 -88.322284 1.580400
v 107.682683 -88.285828 1.580400
v 108.276578 -88.176993 1.580400
v 108.853024 -87.997365 1.580400
v 109.403616 -87.749564 1.580400
v 109.920324 -87.437203 1.580400
v 110.395613 -87.064838 1.580400
v 110.822554 -86.637897 1.580400
v 111.194919 -86.162608 1.580400
v 111.507280 -85.645900 1.580400
v 111.755081 -85.095308 1.580400
v 111.934709 -84.518862 1.580400
v 112.043544 -83.924967 1.580400
v 115.041478 -84.106421 -1.419600
v 114.926282 -84.883007 -1.419600
v 114.735523 -85.644561 -1.419600
v 114.471036 -86.383751 -1.419600
v 114.135370 -87.093458 -1.419600
v 113.731757 -87.766846 -1.419600
v 113.264084 -88.397430 -1.419600
v 112.736854 -88.979138 -1.419600
v 112.155146 -89.506368 -1.419600
v 111.524562 -89.974041 -1.419600
v 110.851174 -90.377654 -1.419600
v 110.141468 -90.713320 -1.419600
v 109.402278 -90.977807 -1.419600
v 108.640723 -91.168566 -1.419600
v 107.864137 -91.283762 -1.419600
v 111.627560 -86.360866 1.543465
v 110.118582 -87.869844 1.543465
v 107.616086 -88.765251 1.543465
v 107.660953 -89.220795 1.433570
v 107.703582 -89.653621 1.253420
v 107.742925 -90.053072 1.007451
v 107.778012 -90.409313 0.701720
v 107.807978 -90.713572 0.343756
v 107.832088 -90.958356 -0.057629
v 107.849745 -91.137638 -0.492549
v 107.860517 -91.247005 -0.950297
v 108.147008 -88.686496 1.543465
v 108.236310 -89.135448 1.433570
v 108.321159 -89.562012 1.253420
v 108.399465 -89.955684 1.007451
v 108.469301 -90.306770 0.701720
v 108.528946 -90.606626 0.343756
v 108.576932 -90.847869 -0.057629
v 108.612078 -91.024557 -0.492549
v 108.633517 -91.132341 -0.950297
v 108.667655 -88.556081 1.543465
v 108.800532 -88.994118 1.433570
v 108.926783 -89.410311 1.253420
v 109.043299 -89.794412 1.007451
v 109.147210 -90.136963 0.701720
v 109.235959 -90.429529 0.343756
v 109.307360 -90.664906 -0.057629
v 109.359655 -90.837299 -0.492549
v 109.391556 -90.942462 -0.950297
v 109.173012 -88.375261 1.543465
v 109.348184 -88.798165 1.433570
v 109.514621 -89.199979 1.253420
v 109.668224 -89.570810 1.007451
v 109.805211 -89.901526 0.701720
v 109.922209 -90.183984 0.343756
v 110.016338 -90.411230 -0.057629
v 110.085278 -90.577667 -0.492549
v 110.127333 -90.679197 -0.950297
v 109.658212 -88.145779 1.543465
v 109.873993 -88.549476 1.433570
v 110.079013 -88.933042 1.253420
v 110.268224 -89.287031 1.007451
v 110.436967 -89.602728 0.701720
v 110.581088 -89.872358 0.343756
v 110.697036 -90.089283 -0.057629
v 110.781959 -90.248161 -0.492549
v 110.833763 -90.345080 -0.950297
v 110.549689 -87.550113 1.543465
v 110.840081 -87.903956 1.433570
v 111.115992 -88.240154 1.253420
v 111.370628 -88.550429 1.007451
v 111.597718 -88.827139 0.701720
v 111.791671 -89.063472 0.343756
v 111.947712 -89.253608 -0.057629
v 112.061998 -89.392866 -0.492549
v 112.131715 -89.477816 -0.950297
v 111.504042 -89.943331 -0.950297
v 111.442987 -89.851956 -0.492549
v 111.342901 -89.702167 -0.057629
v 111.206249 -89.497651 0.343756
v 111.036394 -89.243445 0.701720
v 110.837519 -88.945809 1.007451
v 110.614522 -88.612070 1.253420
v 110.372893 -88.250447 1.433570
v 110.947382 -87.189665 1.543465
v 111.271058 -87.513342 1.433570
v 111.578593 -87.820877 1.253420
v 111.862415 -88.104699 1.007451
v 112.115534 -88.357818 0.701720
v 112.331718 -88.574002 0.343756
v 112.505644 -88.747928 -0.057629
v 112.633029 -88.875313 -0.492549
v 112.710737 -88.953021 -0.950297
v 111.307829 -86.791973 1.543465
v 111.661672 -87.082365 1.433570
v 111.997871 -87.358276 1.253420
v 112.308145 -87.612911 1.007451
v 112.584855 -87.840002 0.701720
v 112.821188 -88.033955 0.343756
v 113.011324 -88.189996 -0.057629
v 113.150582 -88.304282 -0.492549
v 113.235533 -88.373999 -0.950297
v 112.008163 -86.615177 1.433570
v 112.369786 -86.856806 1.253420
v 112.703525 -87.079803 1.007451
v 113.001161 -87.278678 0.701720
v 113.255367 -87.448532 0.343756
v 113.459883 -87.585185 -0.057629
v 113.609672 -87.685271 -0.492549
v 113.701047 -87.746326 -0.950297
v 112.132977 -85.415296 1.543465
v 112.555881 -85.590468 1.433570
v 112.957695 -85.756905 1.253420
v 113.328526 -85.910508 1.007451
v 113.659242 -86.047495 0.701720
v 113.941700 -86.164493 0.343756
v 114.168946 -86.258621 -0.057629
v 114.335383 -86.327562 -0.492549
v 114.436913 -86.369617 -0.950297
v 114.102796 -87.076047 -0.950297
v 114.005877 -87.024242 -0.492549
v 113.846999 -86.939320 -0.057629
v 113.630074 -86.823372 0.343756
v 113.360444 -86.679251 0.701720
v 113.044747 -86.510508 1.007451
v 112.690758 -86.321297 1.253420
v 112.307192 -86.116276 1.433570
v 111.903495 -85.900496 1.543465
v 112.313797 -84.909939 1.543465
v 112.751834 -85.042816 1.433570
v 113.168027 -85.169067 1.253420
v 113.552128 -85.285583 1.007451
v 113.894679 -85.389494 0.701720
v 114.187245 -85.478243 0.343756
v 114.422622 -85.549644 -0.057629
v 114.595015 -85.601939 -0.492549
v 114.700178 -85.633840 -0.950297
v 112.444212 -84.389292 1.543465
v 112.893164 -84.478594 1.433570
v 113.319728 -84.563443 1.253420
v 113.713400 -84.641749 1.007451
v 114.064486 -84.711585 0.701720
v 114.364342 -84.771230 0.343756
v 114.605585 -84.819216 -0.057629
v 114.782273 -84.854361 -0.492549
v 114.890057 -84.875801 -0.950297
v 112.522967 -83.858369 1.543465
v 112.978511 -83.903237 1.433570
v 113.411337 -83.945866 1.253420
v 113.810788 -83.985209 1.007451
v 114.167029 -84.020295 0.701720
v 114.471288 -84.050262 0.343756
v 114.716072 -84.074371 -0.057629
v 114.895354 -84.092029 -0.492549
v 115.004721 -84.102801 -0.950297
v 103.080000 -91.322284 -1.419600
v 103.080000 -91.285349 -0.950297
v 103.080000 -91.175454 -0.492549
v 103.080000 -90.995304 -0.057629
v 103.080000 -90.749335 0.343756
v 103.080000 -90.443604 0.701720
v 103.080000 -90.085640 1.007451
v 103.080000 -89.684255 1.253420
v 103.080000 -89.249335 1.433570
v 103.080000 -88.791587 1.543465
v 103.080000 -88.322284 1.580400
v 107.080000 -91.322284 -13.419600
v 103.080000 -91.322284 -13.419600
v 115.080000 -83.322284 -13.419600
v 115.041478 -84.106421 -13.419600
v 114.926282 -84.883007 -13.419600
v 114.735523 -85.644561 -13.419600
v 114.471036 -86.383751 -13.419600
v 114.135370 -87.093458 -13.419600
v 113.731757 -87.766846 -13.419600
v 113.264084 -88.397430 -13.419600
v 112.736854 -88.979138 -13.419600
v 112.155146 -89.506368 -13.419600
v 111.524562 -89.974041 -13.419600
v 110.851174 -90.377654 -13.419600
v 110.141468 -90.713320 -13.419600
v 109.402278 -90.977807 -13.419600
v 108.640723 -91.168566 -13.419600
v 107.864137 -91.283762 -13.419600
v 115.080000 83.638194 -13.419600
v 107.080000 91.638194 -13.419600
v 107.864137 91.599672 -13.419600
v 108.640723 91.484476 -13.419600
v 109.402278 91.293717 -13.419600
v 110.141468 91.029230 -13.419600
v 110.851174 90.693564 -13.419600
v 111.524562 90.289951 -13.419600
v 112.155146 89.822278 -13.419600
v 112.736854 89.295048 -13.419600
v 113.264084 88.713340 -13.419600
v 113.731757 88.082756 -13.419600
v 114.135370 87.409368 -13.419600
v 114.471036 86.699661 -13.419600
v 114.735523 85.960471 -13.419600
v 114.926282 85.198917 -13.419600
v 115.041478 84.422331 -13.419600
v 103.080000 91.638194 -13.419600
v 103.080000 94.638194 -13.419600
v 103.080000 94.638194 1.580400
v 103.080000 -94.322284 -13.419600
v 103.080000 -94.322284 1.580400
v 102.295863 94.599672 1.580400
v 101.519277 94.484476 1.580400
v 100.757723 94.293717 1.580400
v 100.018533 94.029230 1.580400
v 99.308826 93.693564 1.580400
v 98.635438 93.289951 1.580400
v 98.004854 92.822278 1.580400
v 97.423146 92.295048 1.580400
v 96.895916 91.713340 1.580400
v 96.428243 91.082756 1.580400
v 96.024630 90.409368 1.580400
v 95.688964 89.699661 1.580400
v 95.424477 88.960471 1.580400
v 95.233718 88.198917 1.580400
v 95.118522 87.422331 1.580400
v 95.080000 86.638194 1.580400
v 95.080000 86.638194 21.580400
v 95.118522 87.422331 21.580400
v 95.233718 88.198917 21.580400
v 95.424477 88.960471 21.580400
v 95.688964 89.699661 21.580400
v 96.024630 90.409368 21.580400
v 96.428243 91.082756 21.580400
v 96.895916 91.713340 21.580400
v 97.423146 92.295048 21.580400
v 98.004854 92.822278 21.580400
v 98.635438 93.289951 21.580400
v 99.308826 93.693564 21.580400
v 100.018533 94.029230 21.580400
v 100.757723 94.293717 21.580400
v 101.519277 94.484476 21.580400
v 102.295863 94.599672 21.580400
v 103.080000 94.638194 21.580400
v 102.295863 94.599672 11.580400
v 101.519277 94.484476 11.580400
v 100.757723 94.293717 11.580400
v 100.018533 94.029230 11.580400
v 99.308826 93.693564 11.580400
v 98.635438 93.289951 11.580400
v 98.004854 92.822278 11.580400
v 97.423146 92.295048 11.580400
v 96.895916 91.713340 11.580400
v 96.428243 91.082756 11.580400
v 96.024630 90.409368 11.580400
v 95.688964 89.699661 11.580400
v 95.424477 88.960471 11.580400
v 95.233718 88.198917 11.580400
v 95.118522 87.422331 11.580400
v 110.680000 20.000000 19.580400
v 110.655692 19.722163 19.580400
v 110.583508 19.452768 19.580400
v 110.465641 19.200000 19.580400
v 110.305671 18.971540 19.580400
v 110.108460 18.774329 19.580400
v 109.880000 18.614359 19.580400
v 109.627232 18.496492 19.580400
v 109.357837 18.424308 19.580400
v 109.080000 18.400000 19.580400
v 108.802163 18.424308 19.580400
v 108.532768 18.496492 19.580400
v 108.280000 18.614359 19.580400
v 108.051540 18.774329 19.580400
v 107.854329 18.971540 19.580400
v 107.694359 19.200000 19.580400
v 107.576492 19.452768 19.580400
v 107.504308 19.722163 19.580400
v 107.480000 20.000000 19.580400
v 107.504308 20.277837 19.580400
v 107.576492 20.547232 19.580400
v 107.694359 20.800000 19.580400
v 107.854329 21.028460 19.580400
v 108.051540 21.225671 19.580400
v 108.280000 21.385641 19.580400
v 108.532768 21.503508 19.580400
v 108.802163 21.575692 19.580400
v 109.080000 21.600000 19.580400
v 109.357837 21.575692 19.580400
v 109.627232 21.503508 19.580400
v 109.880000 21.385641 19.580400
v 110.108460 21.225671 19.580400
v 110.305671 21.028460 19.580400
v 110.465641 20.800000 19.580400
v 110.583508 20.547232 19.580400
v 110.655692 20.277837 19.580400
v 109.080000 15.000000 19.580400
v 109.080000 25.000000 19.580400
v 108.477317 24.963544 19.580400
v 107.883422 24.854709 19.580400
v 107.306976 24.675081 19.580400
v 106.756384 24.427280 19.580400
v 106.239676 24.114919 19.580400
v 105.764387 23.742554 19.580400
v 105.337446 23.315613 19.580400
v 104.965081 22.840324 19.580400
v 104.652720 22.323616 19.580400
v 104.404919 21.773024 19.580400
v 104.225291 21.196578 19.580400
v 104.116456 20.602683 19.580400
v 104.080000 20.000000 19.580400
v 104.116456 19.397317 19.580400
v 104.225291 18.803422 19.580400
v 104.404919 18.226976 19.580400
v 104.652720 17.676384 19.580400
v 104.965081 17.159676 19.580400
v 105.337446 16.684387 19.580400
v 105.764387 16.257446 19.580400
v 106.239676 15.885081 19.580400
v 106.756384 15.572720 19.580400
v 107.306976 15.324919 19.580400
v 107.883422 15.145291 19.580400
v 108.477317 15.036456 19.580400
v 110.680000 -20.000000 19.580400
v 110.655692 -20.277837 19.580400
v 110.583508 -20.547232 19.580400
v 110.465641 -20.800000 19.580400
v 110.305671 -21.028460 19.580400
v 110.108460 -21.225671 19.580400
v 109.880000 -21.385641 19.580400
v 109.627232 -21.503508 19.580400
v 109.357837 -21.575692 19.580400
v 109.080000 -21.600000 19.580400
v 108.802163 -21.575692 19.580400
v 108.532768 -21.503508 19.580400
v 108.280000 -21.385641 19.580400
v 108.051540 -21.225671 19.580400
v 107.854329 -21.028460 19.580400
v 107.694359 -20.800000 19.580400
v 107.576492 -20.547232 19.580400
v 107.504308 -20.277837 19.580400
v 107.480000 -20.000000 19.580400
v 107.504308 -19.722163 19.580400
v 107.576492 -19.452768 19.580400
v 107.694359 -19.200000 19.580400
v 107.854329 -18.971540 19.580400
v 108.051540 -18.774329 19.580400
v 108.280000 -18.614359 19.580400
v 108.532768 -18.496492 19.580400
v 108.802163 -18.424308 19.580400
v 109.080000 -18.400000 19.580400
v 109.357837 -18.424308 19.580400
v 109.627232 -18.496492 19.580400
v 109.880000 -18.614359 19.580400
v 110.108460 -18.774329 19.580400
v 110.305671 -18.971540 19.580400
v 110.465641 -19.200000 19.580400
v 110.583508 -19.452768 19.580400
v 110.655692 -19.722163 19.580400
v 109.080000 -15.000000 19.580400
v 108.477317 -15.036456 19.580400
v 107.883422 -15.145291 19.580400
v 107.306976 -15.324919 19.580400
v 106.756384 -15.572720 19.580400
v 106.239676 -15.885081 19.580400
v 105.764387 -16.257446 19.580400
v 105.337446 -16.684387 19.580400
v 104.965081 -17.159676 19.580400
v 104.652720 -17.676384 19.580400
v 104.404919 -18.226976 19.580400
v 104.225291 -18.803422 19.580400
v 104.116456 -19.397317 19.580400
v 104.080000 -20.000000 19.580400
v 104.116456 -20.602683 19.580400
v 104.225291 -21.196578 19.580400
v 104.404919 -21.773024 19.580400
v 104.652720 -22.323616 19.580400
v 104.965081 -22.840324 19.580400
v 105.337446 -23.315613 19.580400
v 105.764387 -23.742554 19.580400
v 106.239676 -24.114919 19.580400
v 106.756384 -24.427280 19.580400
v 107.306976 -24.675081 19.580400
v 107.883422 -24.854709 19.580400
v 108.477317 -24.963544 19.580400
v 108.477317 -15.036456 11.580400
v 107.883422 -15.145291 11.580400
v 107.306976 -15.324919 11.580400
v 106.756384 -15.572720 11.580400
v 106.239676 -15.885081 11.580400
v 105.764387 -16.257446 11.580400
v 105.337446 -16.684387 11.580400
v 104.965081 -17.159676 11.580400
v 104.652720 -17.676384 11.580400
v 104.404919 -18.226976 11.580400
v 104.225291 -18.803422 11.580400
v 104.116456 -19.397317 11.580400
v 104.080000 -20.000000 11.580400
v 104.116456 -20.602683 11.580400
v 104.225291 -21.196578 11.580400
v 104.404919 -21.773024 11.580400
v 104.652720 -22.323616 11.580400
v 104.965081 -22.840324 11.580400
v 105.337446 -23.315613 11.580400
v 105.764387 -23.742554 11.580400
v 106.239676 -24.114919 11.580400
v 106.756384 -24.427280 11.580400
v 107.306976 -24.675081 11.580400
v 107.883422 -24.854709 11.580400
v 108.477317 -24.963544 11.580400
v 108.477317 24.963544 11.580400
v 107.883422 24.854709 11.580400
v 107.306976 24.675081 11.580400
v 106.756384 24.427280 11.580400
v 106.239676 24.114919 11.580400
v 105.764387 23.742554 11.580400
v 105.337446 23.315613 11.580400
v 104.965081 22.840324 11.580400
v 104.652720 22.323616 11.580400
v 104.404919 21.773024 11.580400
v 104.225291 21.196578 11.580400
v 104.116456 20.602683 11.580400
v 104.080000 20.000000 11.580400
v 104.116456 19.397317 11.580400
v 104.225291 18.803422 11.580400
v 104.404919 18.226976 11.580400
v 104.652720 17.676384 11.580400
v 104.965081 17.159676 11.580400
v 105.337446 16.684387 11.580400
v 105.764387 16.257446 11.580400
v 106.239676 15.885081 11.580400
v 106.756384 15.572720 11.580400
v 107.306976 15.324919 11.580400
v 107.883422 15.145291 11.580400
v 108.477317 15.036456 11.580400
v 107.480000 20.000000 1.580400
v 107.504308 20.277837 1.580400
v 107.576492 20.547232 1.580400
v 107.694359 20.800000 1.580400
v 107.854329 21.028460 1.580400
v 108.051540 21.225671 1.580400
v 108.280000 21.385641 1.580400
v 108.532768 21.503508 1.580400
v 108.802163 21.575692 1.580400
v 109.080000 21.600000 1.580400
v 109.357837 21.575692 1.580400
v 109.627232 21.503508 1.580400
v 109.880000 21.385641 1.580400
v 110.108460 21.225671 1.580400
v 110.305671 21.028460 1.580400
v 110.465641 20.800000 1.580400
v 110.583508 20.547232 1.580400
v 110.655692 20.277837 1.580400
v 110.680000 20.000000 1.580400
v 110.655692 19.722163 1.580400
v 110.583508 19.452768 1.580400
v 110.465641 19.200000 1.580400
v 110.305671 18.971540 1.580400
v 110.108460 18.774329 1.580400
v 109.880000 18.614359 1.580400
v 109.627232 18.496492 1.580400
v 109.357837 18.424308 1.580400
v 109.080000 18.400000 1.580400
v 108.802163 18.424308 1.580400
v 108.532768 18.496492 1.580400
v 108.280000 18.614359 1.580400
v 108.051540 18.774329 1.580400
v 107.854329 18.971540 1.580400
v 107.694359 19.200000 1.580400
v 107.576492 19.452768 1.580400
v 107.504308 19.722163 1.580400
v 107.480000 20.000000 13.580400
v 107.480000 20.000000 7.580400
v 110.655692 20.277837 13.580400
v 110.655692 20.277837 7.580400
v 110.680000 20.000000 7.580400
v 110.680000 20.000000 13.580400
v 110.583508 20.547232 13.580400
v 110.583508 20.547232 7.580400
v 110.465641 20.800000 13.580400
v 110.465641 20.800000 7.580400
v 110.305671 21.028460 13.580400
v 110.305671 21.028460 7.580400
v 110.108460 21.225671 13.580400
v 110.108460 21.225671 7.580400
v 109.880000 21.385641 13.580400
v 109.880000 21.385641 7.580400
v 109.627232 21.503508 13.580400
v 109.627232 21.503508 7.580400
v 109.357837 21.575692 13.580400
v 109.357837 21.575692 7.580400
v 109.080000 21.600000 13.580400
v 109.080000 21.600000 7.580400
v 108.802163 21.575692 13.580400
v 108.802163 21.575692 7.580400
v 108.532768 21.503508 13.580400
v 108.532768 21.503508 7.580400
v 108.280000 21.385641 13.580400
v 108.280000 21.385641 7.580400
v 108.051540 21.225671 13.580400
v 108.051540 21.225671 7.580400
v 107.854329 21.028460 13.580400
v 107.854329 21.028460 7.580400
v 107.694359 20.800000 13.580400
v 107.694359 20.800000 7.580400
v 107.576492 20.547232 13.580400
v 107.576492 20.547232 7.580400
v 107.504308 20.277837 13.580400
v 107.504308 20.277837 7.580400
v 107.504308 19.722163 13.580400
v 107.504308 19.722163 7.580400
v 107.576492 19.452768 13.580400
v 107.576492 19.452768 7.580400
v 107.694359 19.200000 13.580400
v 107.694359 19.200000 7.580400
v 107.854329 18.971540 13.580400
v 107.854329 18.971540 7.580400
v 108.051540 18.774329 13.580400
v 108.051540 18.774329 7.580400
v 108.280000 18.614359 13.580400
v 108.280000 18.614359 7.580400
v 108.532768 18.496492 13.580400
v 108.532768 18.496492 7.580400
v 108.802163 18.424308 13.580400
v 108.802163 18.424308 7.580400
v 109.080000 18.400000 13.580400
v 109.080000 18.400000 7.580400
v 109.357837 18.424308 13.580400
v 109.357837 18.424308 7.580400
v 109.627232 18.496492 13.580400
v 109.627232 18.496492 7.580400
v 109.880000 18.614359 13.580400
v 109.880000 18.614359 7.580400
v 110.108460 18.774329 13.580400
v 110.108460 18.774329 7.580400
v 110.305671 18.971540 13.580400
v 110.305671 18.971540 7.580400
v 110.465641 19.200000 13.580400
v 110.465641 19.200000 7.580400
v 110.583508 19.452768 13.580400
v 110.583508 19.452768 7.580400
v 110.655692 19.722163 13.580400
v 110.655692 19.722163 7.580400
v 107.480000 -20.000000 1.580400
v 107.504308 -19.722163 1.580400
v 107.576492 -19.452768 1.580400
v 107.694359 -19.200000 1.580400
v 107.854329 -18.971540 1.580400
v 108.051540 -18.774329 1.580400
v 108.280000 -18.614359 1.580400
v 108.532768 -18.496492 1.580400
v 108.802163 -18.424308 1.580400
v 109.080000 -18.400000 1.580400
v 109.357837 -18.424308 1.580400
v 109.627232 -18.496492 1.580400
v 109.880000 -18.614359 1.580400
v 110.108460 -18.774329 1.580400
v 110.305671 -18.971540 1.580400
v 110.465641 -19.200000 1.580400
v 110.583508 -19.452768 1.580400
v 110.655692 -19.722163 1.580400
v 110.680000 -20.000000 1.580400
v 110.655692 -20.277837 1.580400
v 110.583508 -20.547232 1.580400
v 110.465641 -20.800000 1.580400
v 110.305671 -21.028460 1.580400
v 110.108460 -21.225671 1.580400
v 109.880000 -21.385641 1.580400
v 109.627232 -21.503508 1.580400
v 109.357837 -21.575692 1.580400
v 109.080000 -21.600000 1.580400
v 108.802163 -21.575692 1.580400
v 108.532768 -21.503508 1.580400
v 108.280000 -21.385641 1.580400
v 108.051540 -21.225671 1.580400
v 107.854329 -21.028460 1.580400
v 107.694359 -20.800000 1.580400
v 107.576492 -20.547232 1.580400
v 107.504308 -20.277837 1.580400
v 107.480000 -20.000000 13.580400
v 107.480000 -20.000000 7.580400
v 110.655692 -19.722163 13.580400
v 110.655692 -19.722163 7.580400
v 110.680000 -20.000000 7.580400
v 110.680000 -20.000000 13.580400
v 110.583508 -19.452768 13.580400
v 110.583508 -19.452768 7.580400
v 110.465641 -19.200000 13.580400
v 110.465641 -19.200000 7.580400
v 110.305671 -18.971540 13.580400
v 110.305671 -18.971540 7.580400
v 110.108460 -18.774329 13.580400
v 110.108460 -18.774329 7.580400
v 109.880000 -18.614359 13.580400
v 109.880000 -18.614359 7.580400
v 109.627232 -18.496492 13.580400
v 109.627232 -18.496492 7.580400
v 109.357837 -18.424308 13.580400
v 109.357837 -18.424308 7.580400
v 109.080000 -18.400000 13.580400
v 109.080000 -18.400000 7.580400
v 108.802163 -18.424308 13.580400
v 108.802163 -18.424308 7.580400
v 108.532768 -18.496492 13.580400
v 108.532768 -18.496492 7.580400
v 108.280000 -18.614359 13.580400
v 108.280000 -18.614359 7.580400
v 108.051540 -18.774329 13.580400
v 108.051540 -18.774329 7.580400
v 107.854329 -18.971540 13.580400
v 107.854329 -18.971540 7.580400
v 107.694359 -19.200000 13.580400
v 107.694359 -19.200000 7.580400
v 107.576492 -19.452768 13.580400
v 107.576492 -19.452768 7.580400
v 107.504308 -19.722163 13.580400
v 107.504308 -19.722163 7.580400
v 107.504308 -20.277837 13.580400
v 107.504308 -20.277837 7.580400
v 107.576492 -20.547232 13.580400
v 107.576492 -20.547232 7.580400
v 107.694359 -20.800000 13.580400
v 107.694359 -20.800000 7.580400
v 107.854329 -21.028460 13.580400
v 107.854329 -21.028460 7.580400
v 108.051540 -21.225671 13.580400
v 108.051540 -21.225671 7.580400
v 108.280000 -21.385641 13.580400
v 108.280000 -21.385641 7.580400
v 108.532768 -21.503508 13.580400
v 108.532768 -21.503508 7.580400
v 108.802163 -21.575692 13.580400
v 108.802163 -21.575692 7.580400
v 109.080000 -21.600000 13.580400
v 109.080000 -21.600000 7.580400
v 109.357837 -21.575692 13.580400
v 109.357837 -21.575692 7.580400
v 109.627232 -21.503508 13.580400
v 109.627232 -21.503508 7.580400
v 109.880000 -21.385641 13.580400
v 109.880000 -21.385641 7.580400
v 110.108460 -21.225671 13.580400
v 110.108460 -21.225671 7.580400
v 110.305671 -21.028460 13.580400
v 110.305671 -21.028460 7.580400
v 110.465641 -20.800000 13.580400
v 110.465641 -20.800000 7.580400
v 110.583508 -20.547232 13.580400
v 110.583508 -20.547232 7.580400
v 110.655692 -20.277837 13.580400
v 110.655692 -20.277837 7.580400
v 100.080000 -83.322284 1.580400
v 95.080000 -83.322284 1.580400
v 95.080000 -83.322284 21.580400
v 95.080000 -86.322284 1.580400
v 95.080000 -86.322284 21.580400
v 95.118522 -87.106421 21.580400
v 95.233718 -87.883007 21.580400
v 95.424477 -88.644561 21.580400
v 95.688964 -89.383751 21.580400
v 96.024630 -90.093458 21.580400
v 96.428243 -90.766846 21.580400
v 96.895916 -91.397430 21.580400
v 97.423146 -91.979138 21.580400
v 98.004854 -92.506368 21.580400
v 98.635438 -92.974041 21.580400
v 99.308826 -93.377654 21.580400
v 100.018533 -93.713320 21.580400
v 100.757723 -93.977807 21.580400
v 101.519277 -94.168566 21.580400
v 102.295863 -94.283762 21.580400
v 103.080000 -94.322284 21.580400
v 107.080000 -94.322284 21.580400
v 107.988373 -94.284713 21.580400
v 108.890541 -94.172258 21.580400
v 109.780341 -93.985687 21.580400
v 110.651694 -93.726274 21.580400
v 111.498650 -93.395791 21.580400
v 112.315421 -92.996495 21.580400
v 113.096430 -92.531115 21.580400
v 113.836340 -92.002830 21.580400
v 114.530097 -91.415247 21.580400
v 115.172963 -90.772381 21.580400
v 115.760546 -90.078624 21.580400
v 116.288831 -89.338714 21.580400
v 116.754211 -88.557705 21.580400
v 117.153507 -87.740934 21.580400
v 117.483990 -86.893978 21.580400
v 117.743403 -86.022624 21.580400
v 117.929974 -85.132825 21.580400
v 118.042429 -84.230657 21.580400
v 118.080000 -83.322284 21.580400
v 118.080000 83.638194 21.580400
v 118.042429 84.546567 21.580400
v 117.929974 85.448734 21.580400
v 117.743403 86.338534 21.580400
v 117.483990 87.209888 21.580400
v 117.153507 88.056844 21.580400
v 116.754211 88.873615 21.580400
v 116.288831 89.654624 21.580400
v 115.760546 90.394534 21.580400
v 115.172963 91.088291 21.580400
v 114.530097 91.731157 21.580400
v 113.836340 92.318740 21.580400
v 113.096430 92.847025 21.580400
v 112.315421 93.312405 21.580400
v 111.498650 93.711701 21.580400
v 110.651694 94.042184 21.580400
v 109.780341 94.301597 21.580400
v 108.890541 94.488168 21.580400
v 107.988373 94.600623 21.580400
v 107.080000 94.638194 21.580400
v 107.080000 94.638194 -13.419600
v 107.988373 94.600623 -13.419600
v 108.890541 94.488168 -13.419600
v 109.780341 94.301597 -13.419600
v 110.651694 94.042184 -13.419600
v 111.498650 93.711701 -13.419600
v 112.315421 93.312405 -13.419600
v 113.096430 92.847025 -13.419600
v 113.836340 92.318740 -13.419600
v 114.530097 91.731157 -13.419600
v 115.172963 91.088291 -13.419600
v 115.760546 90.394534 -13.419600
v 116.288831 89.654624 -13.419600
v 116.754211 88.873615 -13.419600
v 117.153507 88.056844 -13.419600
v 117.483990 87.209888 -13.419600
v 117.743403 86.338534 -13.419600
v 117.929974 85.448734 -13.419600
v 118.042429 84.546567 -13.419600
v 118.080000 83.638194 -13.419600
v 118.080000 -83.322284 -13.419600
v 118.042429 -84.230657 -13.419600
v 117.929974 -85.132825 -13.419600
v 117.743403 -86.022624 -13.419600
v 117.483990 -86.893978 -13.419600
v 117.153507 -87.740934 -13.419600
v 116.754211 -88.557705 -13.419600
v 116.288831 -89.338714 -13.419600
v 115.760546 -90.078624 -13.419600
v 115.172963 -90.772381 -13.419600
v 114.530097 -91.415247 -13.419600
v 113.836340 -92.002830 -13.419600
v 113.096430 -92.531115 -13.419600
v 112.315421 -92.996495 -13.419600
v 111.498650 -93.395791 -13.419600
v 110.651694 -93.726274 -13.419600
v 109.780341 -93.985687 -13.419600
v 108.890541 -94.172258 -13.419600
v 107.988373 -94.284713 -13.419600
v 107.080000 -94.322284 -13.419600
v 95.118522 -87.106421 1.580400
v 95.233718 -87.883007 1.580400
v 95.424477 -88.644561 1.580400
v 95.688964 -89.383751 1.580400
v 96.024630 -90.093458 1.580400
v 96.428243 -90.766846 1.580400
v 96.895916 -91.397430 1.580400
v 97.423146 -91.979138 1.580400
v 98.004854 -92.506368 1.580400
v 98.635438 -92.974041 1.580400
v 99.308826 -93.377654 1.580400
v 100.018533 -93.713320 1.580400
v 100.757723 -93.977807 1.580400
v 101.519277 -94.168566 1.580400
v 102.295863 -94.283762 1.580400
v 95.118522 -87.106421 11.580400
v 95.233718 -87.883007 11.580400
v 95.424477 -88.644561 11.580400
v 95.688964 -89.383751 11.580400
v 96.024630 -90.093458 11.580400
v 96.428243 -90.766846 11.580400
v 96.895916 -91.397430 11.580400
v 97.423146 -91.979138 11.580400
v 98.004854 -92.506368 11.580400
v 98.635438 -92.974041 11.580400
v 99.308826 -93.377654 11.580400
v 100.018533 -93.713320 11.580400
v 100.757723 -93.977807 11.580400
v 101.519277 -94.168566 11.580400
v 102.295863 -94.283762 11.580400
v 107.988373 94.600623 4.080400
v 108.890541 94.488168 4.080400
v 109.780341 94.301597 4.080400
v 110.651694 94.042184 4.080400
v 111.498650 93.711701 4.080400
v 112.315421 93.312405 4.080400
v 113.096430 92.847025 4.080400
v 113.836340 92.318740 4.080400
v 114.530097 91.731157 4.080400
v 115.172963 91.088291 4.080400
v 115.760546 90.394534 4.080400
v 116.288831 89.654624 4.080400
v 116.754211 88.873615 4.080400
v 117.153507 88.056844 4.080400
v 117.483990 87.209888 4.080400
v 117.743403 86.338534 4.080400
v 117.929974 85.448734 4.080400
v 118.042429 84.546567 4.080400
v 118.042429 -84.230657 4.080400
v 117.929974 -85.132825 4.080400
v 117.743403 -86.022624 4.080400
v 117.483990 -86.893978 4.080400
v 117.153507 -87.740934 4.080400
v 116.754211 -88.557705 4.080400
v 116.288831 -89.338714 4.080400
v 115.760546 -90.078624 4.080400
v 115.172963 -90.772381 4.080400
v 114.530097 -91.415247 4.080400
v 113.836340 -92.002830 4.080400
v 113.096430 -92.531115 4.080400
v 112.315421 -92.996495 4.080400
v 111.498650 -93.395791 4.080400
v 110.651694 -93.726274 4.080400
v 109.780341 -93.985687 4.080400
v 108.890541 -94.172258 4.080400
v 107.988373 -94.284713 4.080400
vt -0.400000 0.235619 0.000000
vt -1.700000 0.235619 0.000000
vt -0.370595 0.206167 0.000000
vt -0.900000 0.188496 0.000000
vt -0.341473 0.176715 0.000000
vt -0.900000 0.141372 0.000000
vt -0.312915 0.147262 0.000000
vt -0.285195 0.117810 0.000000
vt -0.900000 0.094248 0.000000
vt -0.258581 0.088357 0.000000
vt -0.233329 0.058905 0.000000
vt -0.900000 0.047124 0.000000
vt -0.209682 0.029452 0.000000
vt -0.900000 -0.000000 0.000000
vt -0.187868 -0.000000 0.000000
vt -0.168097 -0.029452 0.000000
vt -0.900000 -0.047124 0.000000
vt -0.150559 -0.058905 0.000000
vt -0.900000 -0.094248 0.000000
vt -0.135424 -0.088357 0.000000
vt -0.122836 -0.117810 0.000000
vt -0.900000 -0.141372 0.000000
vt -0.112918 -0.147262 0.000000
vt -0.105764 -0.176715 0.000000
vt -0.900000 -0.188496 0.000000
vt -0.101445 -0.206167 0.000000
vt -0.100000 -0.235619 0.000000
vt -1.700000 -0.235619 0.000000
vt -1.700000 -0.188496 0.000000
vt -1.700000 -0.141372 0.000000
vt -1.700000 -0.094248 0.000000
vt -1.700000 -0.047124 0.000000
vt -1.700000 -0.000000 0.000000
vt -1.700000 0.047124 0.000000
vt -1.700000 0.094248 0.000000
vt -1.700000 0.141372 0.000000
vt -1.700000 0.188496 0.000000
vt 5.658216 0.235619 0.000000
vt 2.658216 0.235619 0.000000
vt 5.656772 0.206167 0.000000
vt 4.658216 0.188496 0.000000
vt 5.652452 0.176715 0.000000
vt 4.658216 0.141372 0.000000
vt 5.645299 0.147262 0.000000
vt 5.635380 0.117810 0.000000
vt 4.658216 0.094248 0.000000
vt 5.622793 0.088357 0.000000
vt 5.607657 0.058905 0.000000
vt 4.658216 0.047124 0.000000
vt 5.590120 0.029452 0.000000
vt 4.658216 0.000000 0.000000
vt 5.570348 0.000000 0.000000
vt 5.548534 -0.029452 0.000000
vt 4.658216 -0.047124 0.000000
vt 5.524888 -0.058905 0.000000
vt 4.658216 -0.094248 0.000000
vt 5.499635 -0.088357 0.000000
vt 5.473021 -0.117810 0.000000
vt 4.658216 -0.141372 0.000000
vt 5.445302 -0.147262 0.000000
vt 5.416744 -0.176715 0.000000
vt 4.658216 -0.188496 0.000000
vt 5.387622 -0.206167 0.000000
vt 5.358216 -0.235619 0.000000
vt 3.658216 -0.188496 0.000000
vt 2.928811 -0.206167 0.000000
vt 2.899689 -0.176715 0.000000
vt 3.658216 -0.141372 0.000000
vt 2.871131 -0.147262 0.000000
vt 2.843411 -0.117810 0.000000
vt 3.658216 -0.094248 0.000000
vt 2.816797 -0.088357 0.000000
vt 2.791545 -0.058905 0.000000
vt 3.658216 -0.047124 0.000000
vt 2.767898 -0.029452 0.000000
vt 3.658216 0.000000 0.000000
vt 2.746084 0.000000 0.000000
vt 2.726313 0.029452 0.000000
vt 3.658216 0.047124 0.000000
vt 2.708776 0.058905 0.000000
vt 3.658216 0.094248 0.000000
vt 2.693640 0.088357 0.000000
vt 2.681053 0.117810 0.000000
vt 3.658216 0.141372 0.000000
vt 2.671134 0.147262 0.000000
vt 2.663981 0.176715 0.000000
vt 3.658216 0.188496 0.000000
vt 2.659661 0.206167 0.000000
vt 2.958216 -0.235619 0.000000
vt 0.100000 -0.235619 0.000000
vt 1.700000 -0.235619 0.000000
vt 0.101445 -0.206167 0.000000
vt 0.900000 -0.188496 0.000000
vt 0.105764 -0.176715 0.000000
vt 0.900000 -0.141372 0.000000
vt 0.112918 -0.147262 0.000000
vt 0.122836 -0.117810 0.000000
vt 0.900000 -0.094248 0.000000
vt 0.135424 -0.088357 0.000000
vt 0.150559 -0.058905 0.000000
vt 0.900000 -0.047124 0.000000
vt 0.168097 -0.029452 0.000000
vt 0.900000 -0.000000 0.000000
vt 0.187868 -0.000000 0.000000
vt 0.209682 0.029452 0.000000
vt 0.900000 0.047124 0.000000
vt 0.233329 0.058905 0.000000
vt 0.900000 0.094248 0.000000
vt 0.258581 0.088357 0.000000
vt 0.285195 0.117810 0.000000
vt 0.900000 0.141372 0.000000
vt 0.312915 0.147262 0.000000
vt 0.341473 0.176715 0.000000
vt 0.900000 0.188496 0.000000
vt 0.370595 0.206167 0.000000
vt 0.400000 0.235619 0.000000
vt 1.700000 0.235619 0.000000
vt 1.700000 0.188496 0.000000
vt 1.700000 0.141372 0.000000
vt 1.700000 0.094248 0.000000
vt 1.700000 0.047124 0.000000
vt 1.700000 -0.000000 0.000000
vt 1.700000 -0.047124 0.000000
vt 1.700000 -0.094248 0.000000
vt 1.700000 -0.141372 0.000000
vt 1.700000 -0.188496 0.000000
vt -9.532228 1.800000 0.000000
vt -16.396048 2.000000 0.000000
vt -11.132228 1.800000 0.000000
vt -16.396048 0.500000 0.000000
vt -11.132228 0.500000 0.000000
vt -9.532228 0.500000 0.000000
vt -7.132228 0.500000 0.000000
vt -7.132228 1.800000 0.000000
vt -0.300000 2.000000 0.000000
vt -5.532228 1.800000 0.000000
vt -0.300000 0.500000 0.000000
vt -5.532228 0.500000 0.000000
vt -0.251074 -0.049059 0.000000
vt -0.239471 -0.023818 0.000000
vt -0.286595 0.000000 0.000000
vt -0.239471 0.023818 0.000000
vt -0.251074 0.049059 0.000000
vt -0.192347 0.071453 0.000000
vt -0.212425 0.086274 0.000000
vt -0.171903 0.115908 0.000000
vt -0.145223 0.071453 0.000000
vt -0.145223 0.119089 0.000000
vt -0.098099 0.071453 0.000000
vt -0.098099 0.119089 0.000000
vt -0.050976 0.071453 0.000000
vt -0.050976 0.119089 0.000000
vt -0.003852 0.071453 0.000000
vt -0.003852 0.119089 0.000000
vt 0.043272 0.071453 0.000000
vt 0.043272 0.119089 0.000000
vt 0.090396 0.071453 0.000000
vt 0.090396 0.119089 0.000000
vt 0.137520 0.071453 0.000000
vt 0.137520 0.119089 0.000000
vt 0.174383 0.111983 0.000000
vt 0.162100 0.164962 0.000000
vt -0.212425 -0.086274 0.000000
vt -0.192347 -0.071453 0.000000
vt -0.192347 -0.023818 0.000000
vt -0.145223 -0.071453 0.000000
vt -0.145223 -0.023818 0.000000
vt -0.098099 -0.071453 0.000000
vt -0.098099 -0.023818 0.000000
vt -0.050976 -0.071453 0.000000
vt -0.050976 -0.023818 0.000000
vt -0.003852 -0.071453 0.000000
vt -0.003852 -0.023818 0.000000
vt 0.043272 -0.071453 0.000000
vt 0.043272 -0.023818 0.000000
vt 0.090396 -0.071453 0.000000
vt 0.090396 -0.023818 0.000000
vt 0.137520 -0.071453 0.000000
vt 0.137520 -0.023818 0.000000
vt 0.182040 -0.056652 0.000000
vt 0.184644 -0.000000 0.000000
vt -0.171903 -0.115908 0.000000
vt -0.145223 -0.119089 0.000000
vt -0.130231 -0.140707 0.000000
vt -0.098099 -0.119089 0.000000
vt -0.087853 -0.162466 0.000000
vt -0.050976 -0.119089 0.000000
vt -0.050976 -0.166724 0.000000
vt -0.003852 -0.166724 0.000000
vt -0.045063 -0.182429 0.000000
vt -0.002079 -0.201541 0.000000
vt 0.040913 -0.220615 0.000000
vt 0.043272 -0.214359 0.000000
vt 0.043272 -0.166724 0.000000
vt -0.003852 -0.119089 0.000000
vt 0.083731 -0.240458 0.000000
vt 0.090396 -0.214359 0.000000
vt 0.090396 -0.166724 0.000000
vt 0.043272 -0.119089 0.000000
vt 0.090396 -0.119089 0.000000
vt 0.126160 -0.261995 0.000000
vt 0.137520 -0.214359 0.000000
vt 0.137520 -0.166724 0.000000
vt 0.137520 -0.119089 0.000000
vt 0.145798 -0.215009 0.000000
vt 0.162100 -0.164962 0.000000
vt 0.174383 -0.111983 0.000000
vt 0.137520 0.023818 0.000000
vt 0.182040 0.056652 0.000000
vt 0.137520 0.166724 0.000000
vt 0.145798 0.215009 0.000000
vt 0.137520 0.214359 0.000000
vt 0.126160 0.261995 0.000000
vt 0.090396 0.214359 0.000000
vt 0.083731 0.240458 0.000000
vt 0.043272 0.214359 0.000000
vt 0.040913 0.220615 0.000000
vt -0.002079 0.201541 0.000000
vt -0.045063 0.182429 0.000000
vt -0.003852 0.166724 0.000000
vt 0.043272 0.166724 0.000000
vt 0.090396 0.166724 0.000000
vt -0.050976 0.166724 0.000000
vt -0.087853 0.162466 0.000000
vt -0.130231 0.140707 0.000000
vt 0.090396 0.023818 0.000000
vt 0.043272 0.023818 0.000000
vt -0.003852 0.023818 0.000000
vt -0.050976 0.023818 0.000000
vt -0.098099 0.023818 0.000000
vt -0.145223 0.023818 0.000000
vt -0.192347 0.023818 0.000000
vt -1.300000 -0.235619 0.000000
vt -0.000000 -0.235619 0.000000
vt -0.650000 -0.188496 0.000000
vt -0.000000 -0.188496 0.000000
vt -0.650000 -0.141372 0.000000
vt -0.000000 -0.141372 0.000000
vt -0.650000 -0.094248 0.000000
vt -0.000000 -0.094248 0.000000
vt -0.650000 -0.047124 0.000000
vt -0.000000 -0.047124 0.000000
vt -0.650000 -0.000000 0.000000
vt -0.000000 0.000000 0.000000
vt -0.650000 0.047124 0.000000
vt -0.000000 0.047124 0.000000
vt -0.650000 0.094248 0.000000
vt -0.000000 0.094248 0.000000
vt -0.650000 0.141372 0.000000
vt -0.000000 0.141372 0.000000
vt -0.650000 0.188496 0.000000
vt -0.000000 0.188496 0.000000
vt -0.000000 0.235619 0.000000
vt -1.300000 0.235619 0.000000
vt -1.300000 0.188496 0.000000
vt -1.300000 0.141372 0.000000
vt -1.300000 0.094248 0.000000
vt -1.300000 0.047124 0.000000
vt -1.300000 -0.000000 0.000000
vt -1.300000 -0.047124 0.000000
vt -1.300000 -0.094248 0.000000
vt -1.300000 -0.141372 0.000000
vt -1.300000 -0.188496 0.000000
vt 6.958216 -0.235619 0.000000
vt 12.222036 -0.235619 0.000000
vt 6.928811 -0.206167 0.000000
vt 8.512823 -0.188496 0.000000
vt 7.585520 -0.188496 0.000000
vt 7.585520 -0.141372 0.000000
vt 6.899689 -0.176715 0.000000
vt 6.871131 -0.147262 0.000000
vt 6.843411 -0.117810 0.000000
vt 7.585520 -0.094248 0.000000
vt 6.816797 -0.088357 0.000000
vt 6.791545 -0.058905 0.000000
vt 7.585520 -0.047124 0.000000
vt 6.767898 -0.029452 0.000000
vt 7.585520 0.000000 0.000000
vt 6.746084 0.000000 0.000000
vt 6.726313 0.029452 0.000000
vt 7.585520 0.047124 0.000000
vt 6.708776 0.058905 0.000000
vt 7.585520 0.094248 0.000000
vt 6.693640 0.088357 0.000000
vt 6.681053 0.117810 0.000000
vt 7.585520 0.141372 0.000000
vt 6.671134 0.147262 0.000000
vt 6.663981 0.176715 0.000000
vt 7.585520 0.188496 0.000000
vt 6.659661 0.206167 0.000000
vt 6.658216 0.235619 0.000000
vt 8.512823 0.188496 0.000000
vt 9.440126 0.188496 0.000000
vt 9.440126 0.141372 0.000000
vt 10.367429 0.141372 0.000000
vt 10.367429 0.094248 0.000000
vt 11.294733 0.094248 0.000000
vt 11.294733 0.047124 0.000000
vt 12.222036 0.047124 0.000000
vt 12.222036 -0.000000 0.000000
vt 11.294733 -0.000000 0.000000
vt 12.222036 -0.047124 0.000000
vt 11.294733 -0.047124 0.000000
vt 12.222036 -0.094248 0.000000
vt 11.294733 -0.094248 0.000000
vt 12.222036 -0.141372 0.000000
vt 11.294733 -0.141372 0.000000
vt 12.222036 -0.188496 0.000000
vt 11.294733 -0.188496 0.000000
vt 10.367429 -0.188496 0.000000
vt 9.440126 -0.188496 0.000000
vt 9.440126 -0.141372 0.000000
vt 8.512823 -0.141372 0.000000
vt 8.512823 -0.094248 0.000000
vt 12.222036 0.094248 0.000000
vt 11.294733 0.141372 0.000000
vt 10.367429 0.188496 0.000000
vt 12.222036 0.235619 0.000000
vt 12.222036 0.141372 0.000000
vt 11.294733 0.188496 0.000000
vt 12.222036 0.188496 0.000000
vt 10.367429 -0.141372 0.000000
vt 10.367429 -0.094248 0.000000
vt 10.367429 -0.047124 0.000000
vt 10.367429 0.000000 0.000000
vt 10.367429 0.047124 0.000000
vt 9.440126 -0.094248 0.000000
vt 8.512823 -0.047124 0.000000
vt 9.440126 -0.047124 0.000000
vt 9.440126 0.000000 0.000000
vt 9.440126 0.047124 0.000000
vt 9.440126 0.094248 0.000000
vt 8.512823 0.000000 0.000000
vt 8.512823 0.047124 0.000000
vt 8.512823 0.094248 0.000000
vt 8.512823 0.141372 0.000000
vt 0.100000 -0.235619 0.000000
vt 1.700000 -0.235619 0.000000
vt 0.101445 -0.206167 0.000000
vt 0.900000 -0.188496 0.000000
vt 0.105764 -0.176715 0.000000
vt 0.900000 -0.141372 0.000000
vt 0.112918 -0.147262 0.000000
vt 0.122836 -0.117810 0.000000
vt 0.900000 -0.094248 0.000000
vt 0.135424 -0.088357 0.000000
vt 0.150559 -0.058905 0.000000
vt 0.900000 -0.047124 0.000000
vt 0.168097 -0.029452 0.000000
vt 0.900000 -0.000000 0.000000
vt 0.187868 -0.000000 0.000000
vt 0.209682 0.029452 0.000000
vt 0.900000 0.047124 0.000000
vt 0.233329 0.058905 0.000000
vt 0.900000 0.094248 0.000000
vt 0.258581 0.088357 0.000000
vt 0.285195 0.117810 0.000000
vt 0.900000 0.141372 0.000000
vt 0.312915 0.147262 0.000000
vt 0.341473 0.176715 0.000000
vt 0.900000 0.188496 0.000000
vt 0.370595 0.206167 0.000000
vt 0.400000 0.235619 0.000000
vt 1.700000 0.235619 0.000000
vt 1.700000 0.188496 0.000000
vt 1.700000 0.141372 0.000000
vt 1.700000 0.094248 0.000000
vt 1.700000 0.047124 0.000000
vt 1.700000 -0.000000 0.000000
vt 1.700000 -0.047124 0.000000
vt 1.700000 -0.094248 0.000000
vt 1.700000 -0.141372 0.000000
vt 1.700000 -0.188496 0.000000
vt 0.500000 -0.235619 0.000000
vt 2.000000 -0.235619 0.000000
vt 1.250000 -0.188496 0.000000
vt 2.000000 -0.188496 0.000000
vt 1.250000 -0.141372 0.000000
vt 2.000000 -0.141372 0.000000
vt 1.250000 -0.094248 0.000000
vt 2.000000 -0.094248 0.000000
vt 1.250000 -0.047124 0.000000
vt 2.000000 -0.047124 0.000000
vt 1.250000 0.000000 0.000000
vt 2.000000 0.000000 0.000000
vt 1.250000 0.047124 0.000000
vt 2.000000 0.047124 0.000000
vt 1.250000 0.094248 0.000000
vt 2.000000 0.094248 0.000000
vt 1.250000 0.141372 0.000000
vt 2.000000 0.141372 0.000000
vt 1.250000 0.188496 0.000000
vt 2.000000 0.188496 0.000000
vt 2.000000 0.235619 0.000000
vt 0.500000 0.235619 0.000000
vt 0.500000 0.188496 0.000000
vt 0.500000 0.141372 0.000000
vt 0.500000 0.094248 0.000000
vt 0.500000 0.047124 0.000000
vt 0.500000 0.000000 0.000000
vt 0.500000 -0.047124 0.000000
vt 0.500000 -0.094248 0.000000
vt 0.500000 -0.141372 0.000000
vt 0.500000 -0.188496 0.000000
vt -0.800000 -1.484204 0.000000
vt -0.400000 -1.484204 0.000000
vt -0.800000 1.515795 0.000000
vt -0.400000 1.515795 0.000000
vt -0.339732 -1.487850 0.000000
vt -0.339732 1.519441 0.000000
vt -0.280342 -1.498734 0.000000
vt -0.280342 1.530325 0.000000
vt -0.222698 -1.516696 0.000000
vt -0.222698 1.548287 0.000000
vt -0.167638 -1.541476 0.000000
vt -0.167638 1.573067 0.000000
vt -0.115968 -1.572713 0.000000
vt -0.115968 1.604304 0.000000
vt -0.068439 -1.609949 0.000000
vt -0.068439 1.641540 0.000000
vt -0.025745 -1.652643 0.000000
vt -0.025745 1.684234 0.000000
vt 0.011492 -1.700172 0.000000
vt 0.011492 1.731763 0.000000
vt 0.042728 -1.751843 0.000000
vt 0.042728 1.783434 0.000000
vt 0.067508 -1.806902 0.000000
vt 0.067508 1.838493 0.000000
vt 0.085471 -1.864547 0.000000
vt 0.085471 1.896138 0.000000
vt 0.096354 -1.923936 0.000000
vt 0.096354 1.955527 0.000000
vt 0.100000 2.015795 0.000000
vt 0.100000 -1.984204 0.000000
vt 0.500000 8.048024 0.000000
vt 0.500000 -8.048024 0.000000
vt 0.096354 -2.044473 0.000000
vt 0.085471 -2.103862 0.000000
vt 0.067508 -2.161507 0.000000
vt 0.042728 -2.216566 0.000000
vt 0.011492 -2.268237 0.000000
vt -0.025745 -2.315766 0.000000
vt -0.068439 -2.358460 0.000000
vt -0.115968 -2.395696 0.000000
vt -0.167638 -2.426933 0.000000
vt -0.800000 -8.048024 0.000000
vt -0.222698 -2.451713 0.000000
vt -0.280342 -2.469675 0.000000
vt -0.339732 -2.480559 0.000000
vt -0.400000 -2.484204 0.000000
vt -0.800000 -2.484204 0.000000
vt -0.800000 8.048024 0.000000
vt -0.167638 2.458524 0.000000
vt -0.115968 2.427287 0.000000
vt -0.068439 2.390051 0.000000
vt -0.800000 2.515795 0.000000
vt -0.400000 2.515795 0.000000
vt -0.339732 2.512150 0.000000
vt -0.280342 2.501266 0.000000
vt -0.222698 2.483304 0.000000
vt -0.025745 2.347357 0.000000
vt 0.011492 2.299828 0.000000
vt 0.042728 2.248157 0.000000
vt 0.067508 2.193098 0.000000
vt 0.085471 2.135453 0.000000
vt 0.096354 2.076064 0.000000
vt -0.000000 0.500000 0.000000
vt -0.500000 0.500000 0.000000
vt -0.000000 0.000000 0.000000
vt -2.000000 0.000000 0.000000
vt -2.000000 1.800000 0.000000
vt -0.500000 1.800000 0.000000
vt -0.400000 0.235619 0.000000
vt -1.700000 0.235619 0.000000
vt -0.370595 0.206167 0.000000
vt -0.900000 0.188496 0.000000
vt -0.341473 0.176715 0.000000
vt -0.900000 0.141372 0.000000
vt -0.312915 0.147262 0.000000
vt -0.285195 0.117810 0.000000
vt -0.900000 0.094248 0.000000
vt -0.258581 0.088357 0.000000
vt -0.233329 0.058905 0.000000
vt -0.900000 0.047124 0.000000
vt -0.209682 0.029452 0.000000
vt -0.900000 -0.000000 0.000000
vt -0.187868 -0.000000 0.000000
vt -0.168097 -0.029452 0.000000
vt -0.900000 -0.047124 0.000000
vt -0.150559 -0.058905 0.000000
vt -0.900000 -0.094248 0.000000
vt -0.135424 -0.088357 0.000000
vt -0.122836 -0.117810 0.000000
vt -0.900000 -0.141372 0.000000
vt -0.112918 -0.147262 0.000000
vt -0.105764 -0.176715 0.000000
vt -0.900000 -0.188496 0.000000
vt -0.101445 -0.206167 0.000000
vt -0.100000 -0.235619 0.000000
vt -1.700000 -0.235619 0.000000
vt -1.700000 -0.188496 0.000000
vt -1.700000 -0.141372 0.000000
vt -1.700000 -0.094248 0.000000
vt -1.700000 -0.047124 0.000000
vt -1.700000 -0.000000 0.000000
vt -1.700000 0.047124 0.000000
vt -1.700000 0.094248 0.000000
vt -1.700000 0.141372 0.000000
vt -1.700000 0.188496 0.000000
vt -0.251074 -0.049059 0.000000
vt -0.239471 -0.023818 0.000000
vt -0.286595 -0.000000 0.000000
vt -0.239471 0.023818 0.000000
vt -0.251074 0.049059 0.000000
vt -0.192347 0.071453 0.000000
vt -0.212425 0.086274 0.000000
vt -0.171903 0.115908 0.000000
vt -0.145223 0.071453 0.000000
vt -0.145223 0.119089 0.000000
vt -0.098099 0.071453 0.000000
vt -0.098099 0.119089 0.000000
vt -0.050976 0.071453 0.000000
vt -0.050976 0.119089 0.000000
vt -0.003852 0.071453 0.000000
vt -0.003852 0.119089 0.000000
vt 0.043272 0.071453 0.000000
vt 0.043272 0.119089 0.000000
vt 0.090396 0.071453 0.000000
vt 0.090396 0.119089 0.000000
vt 0.137520 0.071453 0.000000
vt 0.137520 0.119089 0.000000
vt 0.174383 0.111983 0.000000
vt 0.162100 0.164962 0.000000
vt -0.212425 -0.086274 0.000000
vt -0.192347 -0.071453 0.000000
vt -0.192347 -0.023818 0.000000
vt -0.145223 -0.071453 0.000000
vt -0.145223 -0.023818 0.000000
vt -0.098099 -0.071453 0.000000
vt -0.098099 -0.023818 0.000000
vt -0.050976 -0.071453 0.000000
vt -0.050976 -0.023818 0.000000
vt -0.003852 -0.071453 0.000000
vt -0.003852 -0.023818 0.000000
vt 0.043272 -0.071453 0.000000
vt 0.043272 -0.023818 0.000000
vt 0.090396 -0.071453 0.000000
vt 0.090396 -0.023818 0.000000
vt 0.137520 -0.071453 0.000000
vt 0.137520 -0.023818 0.000000
vt 0.182040 -0.056652 0.000000
vt 0.184644 0.000000 0.000000
vt -0.171903 -0.115908 0.000000
vt -0.145223 -0.119089 0.000000
vt -0.130231 -0.140707 0.000000
vt -0.098099 -0.119089 0.000000
vt -0.087853 -0.162466 0.000000
vt -0.050976 -0.119089 0.000000
vt -0.050976 -0.166724 0.000000
vt -0.003852 -0.166724 0.000000
vt -0.045063 -0.182429 0.000000
vt -0.002079 -0.201541 0.000000
vt 0.040913 -0.220615 0.000000
vt 0.043272 -0.214359 0.000000
vt 0.043272 -0.166724 0.000000
vt -0.003852 -0.119089 0.000000
vt 0.083731 -0.240458 0.000000
vt 0.090396 -0.214359 0.000000
vt 0.090396 -0.166724 0.000000
vt 0.043272 -0.119089 0.000000
vt 0.090396 -0.119089 0.000000
vt 0.126160 -0.261995 0.000000
vt 0.137520 -0.214359 0.000000
vt 0.137520 -0.166724 0.000000
vt 0.137520 -0.119089 0.000000
vt 0.145798 -0.215009 0.000000
vt 0.162100 -0.164962 0.000000
vt 0.174383 -0.111983 0.000000
vt 0.137520 0.023818 0.000000
vt 0.182040 0.056652 0.000000
vt 0.137520 0.166724 0.000000
vt 0.145798 0.215009 0.000000
vt 0.137520 0.214359 0.000000
vt 0.126160 0.261995 0.000000
vt 0.090396 0.214359 0.000000
vt 0.083731 0.240458 0.000000
vt 0.043272 0.214359 0.000000
vt 0.040913 0.220615 0.000000
vt -0.002079 0.201541 0.000000
vt -0.045063 0.182429 0.000000
vt -0.003852 0.166724 0.000000
vt 0.043272 0.166724 0.000000
vt 0.090396 0.166724 0.000000
vt -0.050976 0.166724 0.000000
vt -0.087853 0.162466 0.000000
vt -0.130231 0.140707 0.000000
vt 0.090396 0.023818 0.000000
vt 0.043272 0.023818 0.000000
vt -0.003852 0.023818 0.000000
vt -0.050976 0.023818 0.000000
vt -0.098099 0.023818 0.000000
vt -0.145223 0.023818 0.000000
vt -0.192347 0.023818 0.000000
vt 1.300000 0.235619 0.000000
vt 0.000000 0.235619 0.000000
vt 0.650000 0.188496 0.000000
vt 0.000000 0.188496 0.000000
vt 0.650000 0.141372 0.000000
vt 0.000000 0.141372 0.000000
vt 0.650000 0.094248 0.000000
vt 0.000000 0.094248 0.000000
vt 0.650000 0.047124 0.000000
vt 0.000000 0.047124 0.000000
vt 0.650000 0.000000 0.000000
vt 0.000000 0.000000 0.000000
vt 0.650000 -0.047124 0.000000
vt 0.000000 -0.047124 0.000000
vt 0.650000 -0.094248 0.000000
vt 0.000000 -0.094248 0.000000
vt 0.650000 -0.141372 0.000000
vt 0.000000 -0.141372 0.000000
vt 0.650000 -0.188496 0.000000
vt 0.000000 -0.188496 0.000000
vt 0.000000 -0.235619 0.000000
vt 1.300000 -0.235619 0.000000
vt 1.300000 -0.188496 0.000000
vt 1.300000 -0.141372 0.000000
vt 1.300000 -0.094248 0.000000
vt 1.300000 -0.047124 0.000000
vt 1.300000 -0.000000 0.000000
vt 1.300000 0.047124 0.000000
vt 1.300000 0.094248 0.000000
vt 1.300000 0.141372 0.000000
vt 1.300000 0.188496 0.000000
vt -0.500000 -0.235619 0.000000
vt 1.000000 -0.235619 0.000000
vt 0.250000 -0.188496 0.000000
vt 1.000000 -0.188496 0.000000
vt 0.250000 -0.141372 0.000000
vt 1.000000 -0.141372 0.000000
vt 0.250000 -0.094248 0.000000
vt 1.000000 -0.094248 0.000000
vt 0.250000 -0.047124 0.000000
vt 1.000000 -0.047124 0.000000
vt 0.250000 0.000000 0.000000
vt 1.000000 0.000000 0.000000
vt 0.250000 0.047124 0.000000
vt 1.000000 0.047124 0.000000
vt 0.250000 0.094248 0.000000
vt 1.000000 0.094248 0.000000
vt 0.250000 0.141372 0.000000
vt 1.000000 0.141372 0.000000
vt 0.250000 0.188496 0.000000
vt 1.000000 0.188496 0.000000
vt 1.000000 0.235619 0.000000
vt -0.500000 0.235619 0.000000
vt -0.500000 0.188496 0.000000
vt -0.500000 0.141372 0.000000
vt -0.500000 0.094248 0.000000
vt -0.500000 0.047124 0.000000
vt -0.500000 0.000000 0.000000
vt -0.500000 -0.047124 0.000000
vt -0.500000 -0.094248 0.000000
vt -0.500000 -0.141372 0.000000
vt -0.500000 -0.188496 0.000000
vt 1.658216 0.235619 0.000000
vt -3.874012 0.235619 0.000000
vt 1.656772 0.206167 0.000000
vt -0.185860 0.188496 0.000000
vt 0.736178 0.188496 0.000000
vt 0.736178 0.141372 0.000000
vt 1.652452 0.176715 0.000000
vt 1.645299 0.147262 0.000000
vt 1.635380 0.117810 0.000000
vt 0.736178 0.094248 0.000000
vt 1.622793 0.088357 0.000000
vt 1.607657 0.058905 0.000000
vt 0.736178 0.047124 0.000000
vt 1.590120 0.029452 0.000000
vt 0.736178 0.000000 0.000000
vt 1.570348 0.000000 0.000000
vt 1.548534 -0.029452 0.000000
vt 0.736178 -0.047124 0.000000
vt 1.524888 -0.058905 0.000000
vt 0.736178 -0.094248 0.000000
vt 1.499635 -0.088357 0.000000
vt 1.473021 -0.117810 0.000000
vt 0.736178 -0.141372 0.000000
vt 1.445302 -0.147262 0.000000
vt 1.416744 -0.176715 0.000000
vt 0.736178 -0.188496 0.000000
vt 1.387622 -0.206167 0.000000
vt 1.358216 -0.235619 0.000000
vt -0.185860 -0.188496 0.000000
vt -1.107898 -0.188496 0.000000
vt -1.107898 -0.141372 0.000000
vt -2.029936 -0.141372 0.000000
vt -2.029936 -0.094248 0.000000
vt -2.951974 -0.094248 0.000000
vt -2.951974 -0.047124 0.000000
vt -3.874012 -0.047124 0.000000
vt -3.874012 0.000000 0.000000
vt -2.951974 0.000000 0.000000
vt -3.874012 0.047124 0.000000
vt -2.951974 0.047124 0.000000
vt -3.874012 0.094248 0.000000
vt -2.951974 0.094248 0.000000
vt -3.874012 0.141372 0.000000
vt -2.951974 0.141372 0.000000
vt -3.874012 0.188496 0.000000
vt -2.951974 0.188496 0.000000
vt -2.029936 0.188496 0.000000
vt -1.107898 0.188496 0.000000
vt -1.107898 0.141372 0.000000
vt -0.185860 0.141372 0.000000
vt -0.185860 0.094248 0.000000
vt -3.874012 -0.094248 0.000000
vt -2.951974 -0.141372 0.000000
vt -2.029936 -0.188496 0.000000
vt -3.874012 -0.235619 0.000000
vt -3.874012 -0.141372 0.000000
vt -2.951974 -0.188496 0.000000
vt -3.874012 -0.188496 0.000000
vt -2.029936 0.141372 0.000000
vt -2.029936 0.094248 0.000000
vt -2.029936 0.047124 0.000000
vt -2.029936 0.000000 0.000000
vt -2.029936 -0.047124 0.000000
vt -1.107898 0.094248 0.000000
vt -0.185860 0.047124 0.000000
vt -1.107898 0.047124 0.000000
vt -1.107898 0.000000 0.000000
vt -1.107898 -0.047124 0.000000
vt -1.107898 -0.094248 0.000000
vt -0.185860 0.000000 0.000000
vt -0.185860 -0.047124 0.000000
vt -0.185860 -0.094248 0.000000
vt -0.185860 -0.141372 0.000000
vt 0.400000 1.600000 0.000000
vt 0.000000 1.600000 0.000000
vt 0.400000 0.000000 0.000000
vt 0.000000 0.000000 0.000000
vt -0.300000 -0.235619 0.000000
vt 0.100000 -0.235619 0.000000
vt -0.300000 -0.188496 0.000000
vt 0.100000 -0.188496 0.000000
vt -0.300000 -0.141372 0.000000
vt 0.100000 -0.141372 0.000000
vt -0.300000 -0.094248 0.000000
vt 0.100000 -0.094248 0.000000
vt -0.300000 -0.047124 0.000000
vt 0.100000 -0.047124 0.000000
vt -0.300000 0.000000 0.000000
vt 0.100000 -0.000000 0.000000
vt -0.300000 0.047124 0.000000
vt 0.100000 0.047124 0.000000
vt -0.300000 0.094248 0.000000
vt 0.100000 0.094248 0.000000
vt -0.300000 0.141372 0.000000
vt 0.100000 0.141372 0.000000
vt -0.300000 0.188496 0.000000
vt 0.100000 0.188496 0.000000
vt -0.300000 0.235619 0.000000
vt 0.100000 0.235619 0.000000
vt -0.000000 -2.237229 0.000000
vt -0.047124 -2.237229 0.000000
vt -0.000000 -2.307142 0.000000
vt -0.047124 -2.307142 0.000000
vt -0.000000 -2.377056 0.000000
vt -0.047124 -2.377056 0.000000
vt -0.000000 -2.446969 0.000000
vt -0.047124 -2.446969 0.000000
vt -0.000000 -2.516882 0.000000
vt -0.047124 -2.516882 0.000000
vt -0.000000 -2.586796 0.000000
vt -0.047124 -2.586796 0.000000
vt -0.000000 -2.656709 0.000000
vt -0.047124 -2.656709 0.000000
vt -0.000000 -2.726623 0.000000
vt -0.047124 -2.726623 0.000000
vt -0.000000 -2.796536 0.000000
vt -0.047124 -2.796536 0.000000
vt -0.000000 -2.866449 0.000000
vt -0.047124 -2.866449 0.000000
vt -0.000000 -2.936363 0.000000
vt -0.047124 -2.936363 0.000000
vt -0.000000 -3.006276 0.000000
vt -0.047124 -3.006276 0.000000
vt -0.000000 -3.076190 0.000000
vt -0.047124 -3.076190 0.000000
vt -0.000000 -3.146103 0.000000
vt -0.047124 -3.146103 0.000000
vt -0.000000 -3.216016 0.000000
vt -0.047124 -3.216016 0.000000
vt -0.000000 -3.285930 0.000000
vt -0.047124 -3.285930 0.000000
vt -0.047124 -3.355843 0.000000
vt -0.094248 -3.355843 0.000000
vt -0.094248 -3.285930 0.000000
vt -0.141372 -3.355843 0.000000
vt -0.141372 -3.285930 0.000000
vt -0.188496 -3.355843 0.000000
vt -0.188496 -3.285930 0.000000
vt -0.235619 -3.355843 0.000000
vt -0.235619 -3.285930 0.000000
vt -0.282743 -3.355843 0.000000
vt -0.282743 -3.285930 0.000000
vt -0.329867 -3.355843 0.000000
vt -0.329867 -3.285930 0.000000
vt -0.376991 -3.355843 0.000000
vt -0.376991 -3.285930 0.000000
vt -0.424115 -3.355843 0.000000
vt -0.424115 -3.285930 0.000000
vt -0.471239 -3.355843 0.000000
vt -0.471239 -3.269796 0.000000
vt -0.424115 -3.216016 0.000000
vt -0.471239 -3.183749 0.000000
vt -0.424115 -3.146103 0.000000
vt -0.471239 -3.097701 0.000000
vt -0.424115 -3.076190 0.000000
vt -0.471239 -3.011654 0.000000
vt -0.424115 -3.006276 0.000000
vt -0.424115 -2.936363 0.000000
vt -0.376991 -3.006276 0.000000
vt -0.376991 -2.936363 0.000000
vt -0.329867 -3.006276 0.000000
vt -0.329867 -2.936363 0.000000
vt -0.282743 -3.006276 0.000000
vt -0.282743 -2.936363 0.000000
vt -0.235619 -3.006276 0.000000
vt -0.235619 -2.936363 0.000000
vt -0.188496 -3.006276 0.000000
vt -0.188496 -2.936363 0.000000
vt -0.141372 -3.006276 0.000000
vt -0.141372 -2.936363 0.000000
vt -0.094248 -3.006276 0.000000
vt -0.094248 -2.936363 0.000000
vt -0.094248 -2.237229 0.000000
vt -0.094248 -2.307142 0.000000
vt -0.094248 -2.377056 0.000000
vt -0.094248 -2.446969 0.000000
vt -0.094248 -2.516882 0.000000
vt -0.094248 -2.586796 0.000000
vt -0.094248 -2.656709 0.000000
vt -0.094248 -2.726623 0.000000
vt -0.094248 -2.796536 0.000000
vt -0.094248 -2.866449 0.000000
vt -0.141372 -2.237229 0.000000
vt -0.141372 -2.307142 0.000000
vt -0.141372 -2.377056 0.000000
vt -0.141372 -2.446969 0.000000
vt -0.141372 -2.516882 0.000000
vt -0.141372 -2.586796 0.000000
vt -0.141372 -2.656709 0.000000
vt -0.141372 -2.726623 0.000000
vt -0.141372 -2.796536 0.000000
vt -0.141372 -2.866449 0.000000
vt -0.188496 -2.237229 0.000000
vt -0.188496 -2.307142 0.000000
vt -0.188496 -2.377056 0.000000
vt -0.188496 -2.446969 0.000000
vt -0.188496 -2.516882 0.000000
vt -0.188496 -2.586796 0.000000
vt -0.188496 -2.656709 0.000000
vt -0.188496 -2.726623 0.000000
vt -0.188496 -2.796536 0.000000
vt -0.188496 -2.866449 0.000000
vt -0.235619 -2.237229 0.000000
vt -0.235619 -2.307142 0.000000
vt -0.235619 -2.377056 0.000000
vt -0.235619 -2.446969 0.000000
vt -0.235619 -2.516882 0.000000
vt -0.235619 -2.586796 0.000000
vt -0.235619 -2.656709 0.000000
vt -0.235619 -2.726623 0.000000
vt -0.235619 -2.796536 0.000000
vt -0.235619 -2.866449 0.000000
vt -0.282743 -2.237229 0.000000
vt -0.282743 -2.307142 0.000000
vt -0.282743 -2.377056 0.000000
vt -0.282743 -2.446969 0.000000
vt -0.282743 -2.516882 0.000000
vt -0.282743 -2.586796 0.000000
vt -0.282743 -2.656709 0.000000
vt -0.282743 -2.726623 0.000000
vt -0.282743 -2.796536 0.000000
vt -0.282743 -2.866449 0.000000
vt -0.329867 -2.237229 0.000000
vt -0.329867 -2.307142 0.000000
vt -0.329867 -2.377056 0.000000
vt -0.329867 -2.446969 0.000000
vt -0.329867 -2.516882 0.000000
vt -0.329867 -2.586796 0.000000
vt -0.329867 -2.656709 0.000000
vt -0.329867 -2.726623 0.000000
vt -0.329867 -2.796536 0.000000
vt -0.329867 -2.866449 0.000000
vt -0.376991 -2.237229 0.000000
vt -0.376991 -2.307142 0.000000
vt -0.376991 -2.377056 0.000000
vt -0.376991 -2.446969 0.000000
vt -0.376991 -2.516882 0.000000
vt -0.376991 -2.586796 0.000000
vt -0.376991 -2.656709 0.000000
vt -0.376991 -2.726623 0.000000
vt -0.376991 -2.796536 0.000000
vt -0.376991 -2.866449 0.000000
vt -0.424115 -2.237229 0.000000
vt -0.424115 -2.307142 0.000000
vt -0.424115 -2.377056 0.000000
vt -0.424115 -2.446969 0.000000
vt -0.424115 -2.516882 0.000000
vt -0.424115 -2.586796 0.000000
vt -0.424115 -2.656709 0.000000
vt -0.424115 -2.726623 0.000000
vt -0.424115 -2.796536 0.000000
vt -0.424115 -2.866449 0.000000
vt -0.471239 -2.237229 0.000000
vt -0.471239 -2.323276 0.000000
vt -0.471239 -2.409323 0.000000
vt -0.471239 -2.495371 0.000000
vt -0.471239 -2.581418 0.000000
vt -0.471239 -2.667465 0.000000
vt -0.471239 -2.753512 0.000000
vt -0.471239 -2.839560 0.000000
vt -0.471239 -2.925607 0.000000
vt -0.000000 -3.355843 0.000000
vt -0.376991 -3.076190 0.000000
vt -0.376991 -3.146103 0.000000
vt -0.376991 -3.216016 0.000000
vt -0.329867 -3.076190 0.000000
vt -0.329867 -3.146103 0.000000
vt -0.329867 -3.216016 0.000000
vt -0.282743 -3.076190 0.000000
vt -0.282743 -3.146103 0.000000
vt -0.282743 -3.216016 0.000000
vt -0.235619 -3.076190 0.000000
vt -0.235619 -3.146103 0.000000
vt -0.235619 -3.216016 0.000000
vt -0.188496 -3.076190 0.000000
vt -0.188496 -3.146103 0.000000
vt -0.188496 -3.216016 0.000000
vt -0.141372 -3.076190 0.000000
vt -0.141372 -3.146103 0.000000
vt -0.141372 -3.216016 0.000000
vt -0.094248 -3.076190 0.000000
vt -0.094248 -3.146103 0.000000
vt -0.094248 -3.216016 0.000000
vt 4.174012 -0.188496 0.000000
vt 3.191891 -0.188496 0.000000
vt 4.174012 -0.235619 0.000000
vt 2.209771 -0.188496 0.000000
vt 1.227651 -0.188496 0.000000
vt 1.227651 -0.141372 0.000000
vt 0.245530 -0.141372 0.000000
vt 0.245530 -0.094248 0.000000
vt -0.736590 -0.094248 0.000000
vt -0.736590 -0.047124 0.000000
vt -1.718711 -0.047124 0.000000
vt -1.718711 -0.000000 0.000000
vt -2.700831 -0.000000 0.000000
vt -2.700831 0.047124 0.000000
vt -3.682952 0.047124 0.000000
vt -3.682952 0.094248 0.000000
vt -4.665072 0.094248 0.000000
vt -4.665072 0.141372 0.000000
vt -5.647193 0.141372 0.000000
vt -5.647193 0.188496 0.000000
vt -6.629313 0.188496 0.000000
vt -12.522036 0.235619 0.000000
vt -7.611434 0.188496 0.000000
vt -8.593554 0.188496 0.000000
vt -7.611434 0.141372 0.000000
vt -8.593554 0.141372 0.000000
vt -7.611434 0.094248 0.000000
vt -8.593554 0.094248 0.000000
vt -7.611434 0.047124 0.000000
vt -8.593554 0.047124 0.000000
vt -7.611434 -0.000000 0.000000
vt -8.593554 -0.000000 0.000000
vt -7.611434 -0.047124 0.000000
vt -8.593554 -0.047124 0.000000
vt -7.611434 -0.094248 0.000000
vt -8.593554 -0.094248 0.000000
vt -7.611434 -0.141372 0.000000
vt -8.593554 -0.141372 0.000000
vt -7.611434 -0.188496 0.000000
vt -8.593554 -0.188496 0.000000
vt -12.522036 -0.235619 0.000000
vt -9.575674 -0.188496 0.000000
vt -10.557795 -0.188496 0.000000
vt -10.557795 -0.141372 0.000000
vt -11.539915 -0.141372 0.000000
vt -11.539915 -0.094248 0.000000
vt -12.522036 -0.094248 0.000000
vt -12.522036 -0.047124 0.000000
vt -11.539915 -0.047124 0.000000
vt -12.522036 -0.000000 0.000000
vt -11.539915 -0.000000 0.000000
vt -12.522036 0.047124 0.000000
vt -11.539915 0.047124 0.000000
vt -12.522036 0.094248 0.000000
vt -11.539915 0.094248 0.000000
vt -12.522036 0.141372 0.000000
vt -11.539915 0.141372 0.000000
vt -12.522036 0.188496 0.000000
vt -11.539915 0.188496 0.000000
vt -10.557795 0.188496 0.000000
vt -9.575674 0.188496 0.000000
vt -9.575674 0.141372 0.000000
vt 3.191891 -0.141372 0.000000
vt 4.174012 -0.141372 0.000000
vt 3.191891 -0.094248 0.000000
vt 4.174012 -0.094248 0.000000
vt 3.191891 -0.047124 0.000000
vt 4.174012 -0.047124 0.000000
vt 3.191891 -0.000000 0.000000
vt 4.174012 -0.000000 0.000000
vt 3.191891 0.047124 0.000000
vt 4.174012 0.047124 0.000000
vt 3.191891 0.094248 0.000000
vt 4.174012 0.094248 0.000000
vt 3.191891 0.141372 0.000000
vt 4.174012 0.141372 0.000000
vt 3.191891 0.188496 0.000000
vt 4.174012 0.188496 0.000000
vt 4.174012 0.235619 0.000000
vt -3.682952 0.188496 0.000000
vt -2.700831 0.188496 0.000000
vt -1.718711 0.188496 0.000000
vt -1.718711 0.141372 0.000000
vt -0.736590 0.141372 0.000000
vt -0.736590 0.094248 0.000000
vt 0.245530 0.094248 0.000000
vt 0.245530 0.047124 0.000000
vt 1.227651 0.047124 0.000000
vt 1.227651 -0.000000 0.000000
vt 2.209771 -0.000000 0.000000
vt 2.209771 -0.047124 0.000000
vt -12.522036 -0.141372 0.000000
vt -11.539915 -0.188496 0.000000
vt -12.522036 -0.188496 0.000000
vt -4.665072 -0.188496 0.000000
vt -5.647193 -0.188496 0.000000
vt -6.629313 -0.188496 0.000000
vt -6.629313 -0.141372 0.000000
vt 2.209771 -0.141372 0.000000
vt 2.209771 -0.094248 0.000000
vt 0.245530 -0.188496 0.000000
vt -0.736590 -0.188496 0.000000
vt -1.718711 -0.188496 0.000000
vt -1.718711 -0.141372 0.000000
vt -2.700831 -0.141372 0.000000
vt -2.700831 -0.094248 0.000000
vt -3.682952 -0.094248 0.000000
vt -3.682952 -0.047124 0.000000
vt -4.665072 -0.047124 0.000000
vt -4.665072 -0.000000 0.000000
vt -5.647193 -0.000000 0.000000
vt -5.647193 0.047124 0.000000
vt -6.629313 0.047124 0.000000
vt -6.629313 0.094248 0.000000
vt -0.736590 -0.141372 0.000000
vt -2.700831 -0.188496 0.000000
vt -3.682952 -0.188496 0.000000
vt -4.665072 -0.141372 0.000000
vt -5.647193 -0.141372 0.000000
vt -5.647193 -0.094248 0.000000
vt -6.629313 -0.094248 0.000000
vt -6.629313 -0.047124 0.000000
vt -3.682952 -0.141372 0.000000
vt -9.575674 -0.141372 0.000000
vt -9.575674 -0.094248 0.000000
vt -9.575674 -0.047124 0.000000
vt -9.575674 -0.000000 0.000000
vt -9.575674 0.047124 0.000000
vt -9.575674 0.094248 0.000000
vt 1.227651 -0.094248 0.000000
vt 0.245530 -0.047124 0.000000
vt -0.736590 -0.000000 0.000000
vt -1.718711 0.047124 0.000000
vt -2.700831 0.094248 0.000000
vt -3.682952 0.141372 0.000000
vt -4.665072 0.188496 0.000000
vt -1.718711 -0.094248 0.000000
vt -4.665072 -0.094248 0.000000
vt -10.557795 -0.094248 0.000000
vt 1.227651 -0.047124 0.000000
vt -2.700831 -0.047124 0.000000
vt -5.647193 -0.047124 0.000000
vt -10.557795 -0.047124 0.000000
vt -10.557795 -0.000000 0.000000
vt -10.557795 0.047124 0.000000
vt -10.557795 0.094248 0.000000
vt -10.557795 0.141372 0.000000
vt 0.245530 -0.000000 0.000000
vt -0.736590 0.047124 0.000000
vt -1.718711 0.094248 0.000000
vt -2.700831 0.141372 0.000000
vt -3.682952 -0.000000 0.000000
vt -6.629313 -0.000000 0.000000
vt 2.209771 0.047124 0.000000
vt 2.209771 0.094248 0.000000
vt 2.209771 0.141372 0.000000
vt 2.209771 0.188496 0.000000
vt -4.665072 0.047124 0.000000
vt 1.227651 0.094248 0.000000
vt 0.245530 0.141372 0.000000
vt -0.736590 0.188496 0.000000
vt -5.647193 0.094248 0.000000
vt 1.227651 0.141372 0.000000
vt 1.227651 0.188496 0.000000
vt -6.629313 0.141372 0.000000
vt 0.245530 0.188496 0.000000
vt 0.000000 -1.118614 0.000000
vt -0.047124 -1.118614 0.000000
vt 0.000000 -1.188528 0.000000
vt -0.047124 -1.188528 0.000000
vt 0.000000 -1.258441 0.000000
vt -0.047124 -1.258441 0.000000
vt 0.000000 -1.328355 0.000000
vt -0.047124 -1.328355 0.000000
vt 0.000000 -1.398268 0.000000
vt -0.047124 -1.398268 0.000000
vt 0.000000 -1.468181 0.000000
vt -0.047124 -1.468181 0.000000
vt 0.000000 -1.538095 0.000000
vt -0.047124 -1.538095 0.000000
vt 0.000000 -1.608008 0.000000
vt -0.047124 -1.608008 0.000000
vt 0.000000 -1.677922 0.000000
vt -0.047124 -1.677922 0.000000
vt 0.000000 -1.747835 0.000000
vt -0.047124 -1.747835 0.000000
vt 0.000000 -1.817748 0.000000
vt -0.047124 -1.817748 0.000000
vt 0.000000 -1.887662 0.000000
vt -0.047124 -1.887662 0.000000
vt 0.000000 -1.957575 0.000000
vt -0.047124 -1.957575 0.000000
vt 0.000000 -2.027489 0.000000
vt -0.047124 -2.027489 0.000000
vt 0.000000 -2.097402 0.000000
vt -0.047124 -2.097402 0.000000
vt 0.000000 -2.167315 0.000000
vt -0.047124 -2.167315 0.000000
vt 0.000000 -2.237229 0.000000
vt -0.047124 -2.237229 0.000000
vt -0.094248 -2.167315 0.000000
vt -0.094248 -2.237229 0.000000
vt -0.141372 -2.167315 0.000000
vt -0.141372 -2.237229 0.000000
vt -0.188496 -2.167315 0.000000
vt -0.188496 -2.237229 0.000000
vt -0.235619 -2.167315 0.000000
vt -0.235619 -2.237229 0.000000
vt -0.282743 -2.167315 0.000000
vt -0.282743 -2.237229 0.000000
vt -0.329867 -2.167315 0.000000
vt -0.329867 -2.237229 0.000000
vt -0.376991 -2.167315 0.000000
vt -0.376991 -2.237229 0.000000
vt -0.424115 -2.167315 0.000000
vt -0.424115 -2.237229 0.000000
vt -0.471239 -2.237229 0.000000
vt -0.471239 -2.151181 0.000000
vt -0.424115 -2.097402 0.000000
vt -0.471239 -2.065134 0.000000
vt -0.424115 -2.027489 0.000000
vt -0.471239 -1.979087 0.000000
vt -0.424115 -1.957575 0.000000
vt -0.471239 -1.893040 0.000000
vt -0.424115 -1.887662 0.000000
vt -0.424115 -1.817748 0.000000
vt -0.376991 -1.887662 0.000000
vt -0.376991 -1.817748 0.000000
vt -0.329867 -1.887662 0.000000
vt -0.329867 -1.817748 0.000000
vt -0.282743 -1.887662 0.000000
vt -0.282743 -1.817748 0.000000
vt -0.235619 -1.887662 0.000000
vt -0.235619 -1.817748 0.000000
vt -0.188496 -1.887662 0.000000
vt -0.188496 -1.817748 0.000000
vt -0.141372 -1.887662 0.000000
vt -0.141372 -1.817748 0.000000
vt -0.094248 -1.887662 0.000000
vt -0.094248 -1.817748 0.000000
vt -0.094248 -1.118614 0.000000
vt -0.094248 -1.188528 0.000000
vt -0.094248 -1.258441 0.000000
vt -0.094248 -1.328355 0.000000
vt -0.094248 -1.398268 0.000000
vt -0.094248 -1.468181 0.000000
vt -0.094248 -1.538095 0.000000
vt -0.094248 -1.608008 0.000000
vt -0.094248 -1.677922 0.000000
vt -0.094248 -1.747835 0.000000
vt -0.141372 -1.118614 0.000000
vt -0.141372 -1.188528 0.000000
vt -0.141372 -1.258441 0.000000
vt -0.141372 -1.328355 0.000000
vt -0.141372 -1.398268 0.000000
vt -0.141372 -1.468181 0.000000
vt -0.141372 -1.538095 0.000000
vt -0.141372 -1.608008 0.000000
vt -0.141372 -1.677922 0.000000
vt -0.141372 -1.747835 0.000000
vt -0.188496 -1.118614 0.000000
vt -0.188496 -1.188528 0.000000
vt -0.188496 -1.258441 0.000000
vt -0.188496 -1.328355 0.000000
vt -0.188496 -1.398268 0.000000
vt -0.188496 -1.468181 0.000000
vt -0.188496 -1.538095 0.000000
vt -0.188496 -1.608008 0.000000
vt -0.188496 -1.677922 0.000000
vt -0.188496 -1.747835 0.000000
vt -0.235619 -1.118614 0.000000
vt -0.235619 -1.188528 0.000000
vt -0.235619 -1.258441 0.000000
vt -0.235619 -1.328355 0.000000
vt -0.235619 -1.398268 0.000000
vt -0.235619 -1.468181 0.000000
vt -0.235619 -1.538095 0.000000
vt -0.235619 -1.608008 0.000000
vt -0.235619 -1.677922 0.000000
vt -0.235619 -1.747835 0.000000
vt -0.282743 -1.118614 0.000000
vt -0.282743 -1.188528 0.000000
vt -0.282743 -1.258441 0.000000
vt -0.282743 -1.328355 0.000000
vt -0.282743 -1.398268 0.000000
vt -0.282743 -1.468181 0.000000
vt -0.282743 -1.538095 0.000000
vt -0.282743 -1.608008 0.000000
vt -0.282743 -1.677922 0.000000
vt -0.282743 -1.747835 0.000000
vt -0.329867 -1.118614 0.000000
vt -0.329867 -1.188528 0.000000
vt -0.329867 -1.258441 0.000000
vt -0.329867 -1.328355 0.000000
vt -0.329867 -1.398268 0.000000
vt -0.329867 -1.468181 0.000000
vt -0.329867 -1.538095 0.000000
vt -0.329867 -1.608008 0.000000
vt -0.329867 -1.677922 0.000000
vt -0.329867 -1.747835 0.000000
vt -0.376991 -1.118614 0.000000
vt -0.376991 -1.188528 0.000000
vt -0.376991 -1.258441 0.000000
vt -0.376991 -1.328355 0.000000
vt -0.376991 -1.398268 0.000000
vt -0.376991 -1.468181 0.000000
vt -0.376991 -1.538095 0.000000
vt -0.376991 -1.608008 0.000000
vt -0.376991 -1.677922 0.000000
vt -0.376991 -1.747835 0.000000
vt -0.424115 -1.118614 0.000000
vt -0.424115 -1.188528 0.000000
vt -0.424115 -1.258441 0.000000
vt -0.424115 -1.328355 0.000000
vt -0.424115 -1.398268 0.000000
vt -0.424115 -1.468181 0.000000
vt -0.424115 -1.538095 0.000000
vt -0.424115 -1.608008 0.000000
vt -0.424115 -1.677922 0.000000
vt -0.424115 -1.747835 0.000000
vt -0.471239 -1.118614 0.000000
vt -0.471239 -1.204662 0.000000
vt -0.471239 -1.290709 0.000000
vt -0.471239 -1.376756 0.000000
vt -0.471239 -1.462803 0.000000
vt -0.471239 -1.548851 0.000000
vt -0.471239 -1.634898 0.000000
vt -0.471239 -1.720945 0.000000
vt -0.471239 -1.806992 0.000000
vt -0.376991 -1.957575 0.000000
vt -0.376991 -2.027489 0.000000
vt -0.376991 -2.097402 0.000000
vt -0.329867 -1.957575 0.000000
vt -0.329867 -2.027489 0.000000
vt -0.329867 -2.097402 0.000000
vt -0.282743 -1.957575 0.000000
vt -0.282743 -2.027489 0.000000
vt -0.282743 -2.097402 0.000000
vt -0.235619 -1.957575 0.000000
vt -0.235619 -2.027489 0.000000
vt -0.235619 -2.097402 0.000000
vt -0.188496 -1.957575 0.000000
vt -0.188496 -2.027489 0.000000
vt -0.188496 -2.097402 0.000000
vt -0.141372 -1.957575 0.000000
vt -0.141372 -2.027489 0.000000
vt -0.141372 -2.097402 0.000000
vt -0.094248 -1.957575 0.000000
vt -0.094248 -2.027489 0.000000
vt -0.094248 -2.097402 0.000000
vt 0.100000 -0.235619 0.000000
vt 0.100000 -0.188496 0.000000
vt -0.300000 -0.235619 0.000000
vt -0.300000 -0.188496 0.000000
vt 0.100000 -0.141372 0.000000
vt -0.300000 -0.141372 0.000000
vt 0.100000 -0.094248 0.000000
vt -0.300000 -0.094248 0.000000
vt 0.100000 -0.047124 0.000000
vt -0.300000 -0.047124 0.000000
vt 0.100000 0.000000 0.000000
vt -0.300000 -0.000000 0.000000
vt 0.100000 0.047124 0.000000
vt -0.300000 0.047124 0.000000
vt 0.100000 0.094248 0.000000
vt -0.300000 0.094248 0.000000
vt 0.100000 0.141372 0.000000
vt -0.300000 0.141372 0.000000
vt 0.100000 0.188496 0.000000
vt -0.300000 0.188496 0.000000
vt 0.100000 0.235619 0.000000
vt -0.300000 0.235619 0.000000
vt 0.000000 0.300000 0.000000
vt 0.400000 0.300000 0.000000
vt 0.000000 1.500000 0.000000
vt 0.400000 1.500000 0.000000
vt 1.500000 1.256637 0.000000
vt 0.300000 1.256637 0.000000
vt 1.500000 1.178097 0.000000
vt 0.300000 1.178097 0.000000
vt 1.500000 1.099557 0.000000
vt 0.300000 1.099557 0.000000
vt 1.500000 1.021018 0.000000
vt 0.300000 1.021018 0.000000
vt 1.500000 0.942478 0.000000
vt 0.300000 0.942478 0.000000
vt 1.500000 0.863938 0.000000
vt 0.300000 0.863938 0.000000
vt 1.500000 0.785398 0.000000
vt 0.300000 0.785398 0.000000
vt 1.500000 0.706858 0.000000
vt 0.300000 0.706858 0.000000
vt 1.500000 0.628319 0.000000
vt 0.300000 0.628319 0.000000
vt 1.500000 0.549779 0.000000
vt 0.300000 0.549779 0.000000
vt 1.500000 0.471239 0.000000
vt 0.300000 0.471239 0.000000
vt 1.500000 0.392699 0.000000
vt 0.300000 0.392699 0.000000
vt 1.500000 0.314159 0.000000
vt 0.300000 0.314159 0.000000
vt 1.500000 0.235619 0.000000
vt 0.300000 0.235619 0.000000
vt 1.500000 0.157080 0.000000
vt 0.300000 0.157080 0.000000
vt 1.500000 0.078540 0.000000
vt 0.300000 0.078540 0.000000
vt 1.500000 0.000000 0.000000
vt 0.300000 0.000000 0.000000
vt -0.000000 0.300000 0.000000
vt 16.696048 0.300000 0.000000
vt -0.000000 1.500000 0.000000
vt 16.696048 1.500000 0.000000
vt 1.500000 1.256637 0.000000
vt 0.300000 1.256637 0.000000
vt 1.500000 1.178097 0.000000
vt 0.300000 1.178097 0.000000
vt 1.500000 1.099557 0.000000
vt 0.300000 1.099557 0.000000
vt 1.500000 1.021018 0.000000
vt 0.300000 1.021018 0.000000
vt 1.500000 0.942478 0.000000
vt 0.300000 0.942478 0.000000
vt 1.500000 0.863938 0.000000
vt 0.300000 0.863938 0.000000
vt 1.500000 0.785398 0.000000
vt 0.300000 0.785398 0.000000
vt 1.500000 0.706858 0.000000
vt 0.300000 0.706858 0.000000
vt 1.500000 0.628319 0.000000
vt 0.300000 0.628319 0.000000
vt 1.500000 0.549779 0.000000
vt 0.300000 0.549779 0.000000
vt 1.500000 0.471239 0.000000
vt 0.300000 0.471239 0.000000
vt 1.500000 0.392699 0.000000
vt 0.300000 0.392699 0.000000
vt 1.500000 0.314159 0.000000
vt 0.300000 0.314159 0.000000
vt 1.500000 0.235619 0.000000
vt 0.300000 0.235619 0.000000
vt 1.500000 0.157080 0.000000
vt 0.300000 0.157080 0.000000
vt 1.500000 0.078540 0.000000
vt 0.300000 0.078540 0.000000
vt 1.500000 0.000000 0.000000
vt 0.300000 0.000000 0.000000
vt 0.000000 0.300000 0.000000
vt 0.400000 0.300000 0.000000
vt 0.000000 1.500000 0.000000
vt 0.400000 1.500000 0.000000
vt -0.000000 0.000000 0.000000
vt -0.000000 1.200000 0.000000
vt -0.300000 0.000000 0.000000
vt -0.300000 1.500000 0.000000
vt 0.003693 1.246930 0.000000
vt 0.014683 1.292705 0.000000
vt 0.032698 1.336197 0.000000
vt 0.057295 1.376336 0.000000
vt 0.087868 1.412132 0.000000
vt 0.123664 1.442705 0.000000
vt 0.163803 1.467302 0.000000
vt 0.207295 1.485317 0.000000
vt 0.253070 1.496307 0.000000
vt 0.300000 1.500000 0.000000
vt -0.300000 0.000000 0.000000
vt -0.000000 0.000000 0.000000
vt -0.300000 1.200000 0.000000
vt -0.000000 1.500000 0.000000
vt -0.303693 1.246930 0.000000
vt -0.314683 1.292705 0.000000
vt -0.332698 1.336197 0.000000
vt -0.357295 1.376336 0.000000
vt -0.387868 1.412132 0.000000
vt -0.423664 1.442705 0.000000
vt -0.463803 1.467302 0.000000
vt -0.507295 1.485317 0.000000
vt -0.553070 1.496307 0.000000
vt -0.600000 1.500000 0.000000
vt 2.000000 0.628319 0.000000
vt -0.000000 0.628319 0.000000
vt 1.000000 0.549779 0.000000
vt -0.000000 0.549779 0.000000
vt 1.000000 0.471239 0.000000
vt -0.000000 0.471239 0.000000
vt 1.000000 0.392699 0.000000
vt -0.000000 0.392699 0.000000
vt 1.000000 0.314159 0.000000
vt -0.000000 0.314159 0.000000
vt 1.000000 0.235619 0.000000
vt -0.000000 0.235619 0.000000
vt 1.000000 0.157080 0.000000
vt -0.000000 0.157080 0.000000
vt 1.000000 0.078540 0.000000
vt -0.000000 0.078540 0.000000
vt 1.000000 0.000000 0.000000
vt -0.000000 0.000000 0.000000
vt 1.000000 -0.078540 0.000000
vt -0.000000 -0.078540 0.000000
vt 1.000000 -0.157080 0.000000
vt -0.000000 -0.157080 0.000000
vt 1.000000 -0.235619 0.000000
vt -0.000000 -0.235619 0.000000
vt 1.000000 -0.314159 0.000000
vt -0.000000 -0.314159 0.000000
vt 1.000000 -0.392699 0.000000
vt -0.000000 -0.392699 0.000000
vt 1.000000 -0.471239 0.000000
vt -0.000000 -0.471239 0.000000
vt 1.000000 -0.549779 0.000000
vt -0.000000 -0.549779 0.000000
vt -0.000000 -0.628319 0.000000
vt 2.000000 -0.628319 0.000000
vt 2.000000 -0.549779 0.000000
vt 2.000000 -0.471239 0.000000
vt 2.000000 -0.392699 0.000000
vt 2.000000 -0.314159 0.000000
vt 2.000000 -0.235619 0.000000
vt 2.000000 -0.157080 0.000000
vt 2.000000 -0.078540 0.000000
vt 2.000000 0.000000 0.000000
vt 2.000000 0.078540 0.000000
vt 2.000000 0.157080 0.000000
vt 2.000000 0.235619 0.000000
vt 2.000000 0.314159 0.000000
vt 2.000000 0.392699 0.000000
vt 2.000000 0.471239 0.000000
vt 2.000000 0.549779 0.000000
vt -0.300000 -0.000000 0.000000
vt 0.000000 0.000000 0.000000
vt -0.300000 2.000000 0.000000
vt 0.000000 2.000000 0.000000
vt -10.304445 1.057569 0.000000
vt -9.828535 1.346930 0.000000
vt -10.332228 1.060000 0.000000
vt -9.817545 1.392705 0.000000
vt -10.846911 1.392705 0.000000
vt -10.864926 1.436197 0.000000
vt -9.799530 1.436197 0.000000
vt -10.889523 1.476336 0.000000
vt -9.774934 1.476336 0.000000
vt -10.920096 1.512132 0.000000
vt -9.744360 1.512132 0.000000
vt -10.955893 1.542705 0.000000
vt -9.708564 1.542705 0.000000
vt -10.996031 1.567302 0.000000
vt -9.668426 1.567302 0.000000
vt -11.039523 1.585317 0.000000
vt -9.624934 1.585317 0.000000
vt -11.085298 1.596307 0.000000
vt -9.579159 1.596307 0.000000
vt -11.132228 1.600000 0.000000
vt -9.532228 1.600000 0.000000
vt -9.832228 1.300000 0.000000
vt -10.277505 1.050351 0.000000
vt -10.252228 1.038564 0.000000
vt -10.229382 1.022567 0.000000
vt -10.209661 1.002846 0.000000
vt -9.832228 0.900000 0.000000
vt -10.193664 0.980000 0.000000
vt -10.181878 0.954723 0.000000
vt -10.174659 0.927784 0.000000
vt -10.172228 0.900000 0.000000
vt -10.174659 0.872216 0.000000
vt -9.835874 0.839732 0.000000
vt -10.181878 0.845277 0.000000
vt -9.846758 0.780342 0.000000
vt -10.193664 0.820000 0.000000
vt -9.864720 0.722698 0.000000
vt -10.209661 0.797154 0.000000
vt -9.889500 0.667638 0.000000
vt -10.229382 0.777433 0.000000
vt -9.920737 0.615968 0.000000
vt -9.957973 0.568439 0.000000
vt -10.252228 0.761436 0.000000
vt -10.000667 0.525745 0.000000
vt -10.277505 0.749649 0.000000
vt -10.048196 0.488508 0.000000
vt -10.099867 0.457272 0.000000
vt -10.304445 0.742431 0.000000
vt -10.154926 0.432492 0.000000
vt -10.212571 0.414529 0.000000
vt -10.332228 0.740000 0.000000
vt -10.271960 0.403646 0.000000
vt -10.332228 0.400000 0.000000
vt -10.392497 0.403646 0.000000
vt -10.451886 0.414529 0.000000
vt -10.360012 0.742431 0.000000
vt -10.509531 0.432492 0.000000
vt -10.564590 0.457272 0.000000
vt -10.386952 0.749649 0.000000
vt -10.616261 0.488508 0.000000
vt -10.663790 0.525745 0.000000
vt -10.412228 0.761436 0.000000
vt -10.706484 0.568439 0.000000
vt -10.435074 0.777433 0.000000
vt -10.743720 0.615968 0.000000
vt -10.774956 0.667638 0.000000
vt -10.454796 0.797154 0.000000
vt -10.799737 0.722698 0.000000
vt -10.470793 0.820000 0.000000
vt -10.817699 0.780342 0.000000
vt -10.482579 0.845277 0.000000
vt -10.828583 0.839732 0.000000
vt -10.489798 0.872216 0.000000
vt -10.832228 0.900000 0.000000
vt -10.492228 0.900000 0.000000
vt -10.489798 0.927784 0.000000
vt -10.482579 0.954723 0.000000
vt -10.470793 0.980000 0.000000
vt -10.454796 1.002846 0.000000
vt -10.832228 1.300000 0.000000
vt -10.435074 1.022567 0.000000
vt -10.412228 1.038564 0.000000
vt -10.386952 1.050351 0.000000
vt -10.360012 1.057569 0.000000
vt -10.835922 1.346930 0.000000
vt -6.304445 1.057569 0.000000
vt -5.828535 1.346930 0.000000
vt -6.332228 1.060000 0.000000
vt -5.817545 1.392705 0.000000
vt -6.846911 1.392705 0.000000
vt -6.864926 1.436197 0.000000
vt -5.799530 1.436197 0.000000
vt -6.889523 1.476336 0.000000
vt -5.774934 1.476336 0.000000
vt -6.920096 1.512132 0.000000
vt -5.744360 1.512132 0.000000
vt -6.955893 1.542705 0.000000
vt -5.708564 1.542705 0.000000
vt -6.996031 1.567302 0.000000
vt -5.668426 1.567302 0.000000
vt -7.039523 1.585317 0.000000
vt -5.624934 1.585317 0.000000
vt -7.085298 1.596307 0.000000
vt -5.579159 1.596307 0.000000
vt -7.132228 1.600000 0.000000
vt -5.532228 1.600000 0.000000
vt -5.832228 1.300000 0.000000
vt -6.277505 1.050351 0.000000
vt -6.252228 1.038564 0.000000
vt -6.229382 1.022567 0.000000
vt -6.209661 1.002846 0.000000
vt -5.832228 0.900000 0.000000
vt -6.193664 0.980000 0.000000
vt -6.181878 0.954723 0.000000
vt -6.174659 0.927784 0.000000
vt -6.172228 0.900000 0.000000
vt -6.174659 0.872216 0.000000
vt -5.835874 0.839732 0.000000
vt -6.181878 0.845277 0.000000
vt -5.846758 0.780342 0.000000
vt -6.193664 0.820000 0.000000
vt -5.864720 0.722698 0.000000
vt -6.209661 0.797154 0.000000
vt -5.889500 0.667638 0.000000
vt -6.229382 0.777433 0.000000
vt -5.920737 0.615968 0.000000
vt -5.957973 0.568439 0.000000
vt -6.252228 0.761436 0.000000
vt -6.000667 0.525745 0.000000
vt -6.277505 0.749649 0.000000
vt -6.048196 0.488508 0.000000
vt -6.099867 0.457272 0.000000
vt -6.304445 0.742431 0.000000
vt -6.154926 0.432492 0.000000
vt -6.212571 0.414529 0.000000
vt -6.332228 0.740000 0.000000
vt -6.271960 0.403646 0.000000
vt -6.332228 0.400000 0.000000
vt -6.392497 0.403646 0.000000
vt -6.451886 0.414529 0.000000
vt -6.360012 0.742431 0.000000
vt -6.509531 0.432492 0.000000
vt -6.564590 0.457272 0.000000
vt -6.386952 0.749649 0.000000
vt -6.616261 0.488508 0.000000
vt -6.663790 0.525745 0.000000
vt -6.412228 0.761436 0.000000
vt -6.706484 0.568439 0.000000
vt -6.435074 0.777433 0.000000
vt -6.743720 0.615968 0.000000
vt -6.774956 0.667638 0.000000
vt -6.454796 0.797154 0.000000
vt -6.799737 0.722698 0.000000
vt -6.470793 0.820000 0.000000
vt -6.817699 0.780342 0.000000
vt -6.482579 0.845277 0.000000
vt -6.828583 0.839732 0.000000
vt -6.489798 0.872216 0.000000
vt -6.832228 0.900000 0.000000
vt -6.492228 0.900000 0.000000
vt -6.489798 0.927784 0.000000
vt -6.482579 0.954723 0.000000
vt -6.470793 0.980000 0.000000
vt -6.454796 1.002846 0.000000
vt -6.832228 1.300000 0.000000
vt -6.435074 1.022567 0.000000
vt -6.412228 1.038564 0.000000
vt -6.386952 1.050351 0.000000
vt -6.360012 1.057569 0.000000
vt -6.835922 1.346930 0.000000
vt 0.300000 0.000000 0.000000
vt 0.700000 0.000000 0.000000
vt 0.300000 1.600000 0.000000
vt 0.700000 1.600000 0.000000
vt -1.600000 -0.785398 0.000000
vt -0.000000 -0.785398 0.000000
vt -0.800000 -0.724983 0.000000
vt -0.000000 -0.724983 0.000000
vt -0.800000 -0.664568 0.000000
vt -0.000000 -0.664568 0.000000
vt -0.800000 -0.604152 0.000000
vt -0.000000 -0.604152 0.000000
vt -0.800000 -0.543737 0.000000
vt -0.000000 -0.543737 0.000000
vt -0.800000 -0.483322 0.000000
vt -0.000000 -0.483322 0.000000
vt -0.800000 -0.422907 0.000000
vt -0.000000 -0.422907 0.000000
vt -0.800000 -0.362491 0.000000
vt -0.000000 -0.362491 0.000000
vt -0.800000 -0.302076 0.000000
vt -0.000000 -0.302076 0.000000
vt -0.800000 -0.241661 0.000000
vt -0.000000 -0.241661 0.000000
vt -0.800000 -0.181246 0.000000
vt -0.000000 -0.181246 0.000000
vt -0.800000 -0.120830 0.000000
vt -0.000000 -0.120830 0.000000
vt -0.800000 -0.060415 0.000000
vt -0.000000 -0.060415 0.000000
vt -0.800000 0.000000 0.000000
vt -0.000000 0.000000 0.000000
vt -0.800000 0.060415 0.000000
vt -0.000000 0.060415 0.000000
vt -0.800000 0.120830 0.000000
vt -0.000000 0.120830 0.000000
vt -0.800000 0.181246 0.000000
vt -0.000000 0.181246 0.000000
vt -0.800000 0.241661 0.000000
vt -0.000000 0.241661 0.000000
vt -0.800000 0.302076 0.000000
vt -0.000000 0.302076 0.000000
vt -0.800000 0.362491 0.000000
vt -0.000000 0.362491 0.000000
vt -0.800000 0.422907 0.000000
vt -0.000000 0.422907 0.000000
vt -0.800000 0.483322 0.000000
vt -0.000000 0.483322 0.000000
vt -0.800000 0.543737 0.000000
vt -0.000000 0.543737 0.000000
vt -0.800000 0.604152 0.000000
vt -0.000000 0.604152 0.000000
vt -0.800000 0.664568 0.000000
vt -0.000000 0.664568 0.000000
vt -0.800000 0.724983 0.000000
vt -0.000000 0.724983 0.000000
vt -0.000000 0.785398 0.000000
vt -1.600000 0.785398 0.000000
vt -1.600000 0.724983 0.000000
vt -1.600000 0.664568 0.000000
vt -1.600000 0.604152 0.000000
vt -1.600000 0.543737 0.000000
vt -1.600000 0.483322 0.000000
vt -1.600000 0.422907 0.000000
vt -1.600000 0.362491 0.000000
vt -1.600000 0.302076 0.000000
vt -1.600000 0.241661 0.000000
vt -1.600000 0.181246 0.000000
vt -1.600000 0.120830 0.000000
vt -1.600000 0.060415 0.000000
vt -1.600000 0.000000 0.000000
vt -1.600000 -0.060415 0.000000
vt -1.600000 -0.120830 0.000000
vt -1.600000 -0.181246 0.000000
vt -1.600000 -0.241661 0.000000
vt -1.600000 -0.302076 0.000000
vt -1.600000 -0.362491 0.000000
vt -1.600000 -0.422907 0.000000
vt -1.600000 -0.483322 0.000000
vt -1.600000 -0.543737 0.000000
vt -1.600000 -0.604152 0.000000
vt -1.600000 -0.664568 0.000000
vt -1.600000 -0.724983 0.000000
vt -1.600000 -0.785398 0.000000
vt -0.000000 -0.785398 0.000000
vt -0.800000 -0.724983 0.000000
vt -0.000000 -0.724983 0.000000
vt -0.800000 -0.664568 0.000000
vt -0.000000 -0.664568 0.000000
vt -0.800000 -0.604152 0.000000
vt -0.000000 -0.604152 0.000000
vt -0.800000 -0.543737 0.000000
vt -0.000000 -0.543737 0.000000
vt -0.800000 -0.483322 0.000000
vt -0.000000 -0.483322 0.000000
vt -0.800000 -0.422907 0.000000
vt -0.000000 -0.422907 0.000000
vt -0.800000 -0.362491 0.000000
vt -0.000000 -0.362491 0.000000
vt -0.800000 -0.302076 0.000000
vt -0.000000 -0.302076 0.000000
vt -0.800000 -0.241661 0.000000
vt -0.000000 -0.241661 0.000000
vt -0.800000 -0.181246 0.000000
vt -0.000000 -0.181246 0.000000
vt -0.800000 -0.120830 0.000000
vt -0.000000 -0.120830 0.000000
vt -0.800000 -0.060415 0.000000
vt -0.000000 -0.060415 0.000000
vt -0.800000 0.000000 0.000000
vt -0.000000 0.000000 0.000000
vt -0.800000 0.060415 0.000000
vt -0.000000 0.060415 0.000000
vt -0.800000 0.120830 0.000000
vt -0.000000 0.120830 0.000000
vt -0.800000 0.181246 0.000000
vt -0.000000 0.181246 0.000000
vt -0.800000 0.241661 0.000000
vt -0.000000 0.241661 0.000000
vt -0.800000 0.302076 0.000000
vt -0.000000 0.302076 0.000000
vt -0.800000 0.362491 0.000000
vt -0.000000 0.362491 0.000000
vt -0.800000 0.422907 0.000000
vt -0.000000 0.422907 0.000000
vt -0.800000 0.483322 0.000000
vt -0.000000 0.483322 0.000000
vt -0.800000 0.543737 0.000000
vt -0.000000 0.543737 0.000000
vt -0.800000 0.604152 0.000000
vt -0.000000 0.604152 0.000000
vt -0.800000 0.664568 0.000000
vt -0.000000 0.664568 0.000000
vt -0.800000 0.724983 0.000000
vt -0.000000 0.724983 0.000000
vt -0.000000 0.785398 0.000000
vt -1.600000 0.785398 0.000000
vt -1.600000 0.724983 0.000000
vt -1.600000 0.664568 0.000000
vt -1.600000 0.604152 0.000000
vt -1.600000 0.543737 0.000000
vt -1.600000 0.483322 0.000000
vt -1.600000 0.422907 0.000000
vt -1.600000 0.362491 0.000000
vt -1.600000 0.302076 0.000000
vt -1.600000 0.241661 0.000000
vt -1.600000 0.181246 0.000000
vt -1.600000 0.120830 0.000000
vt -1.600000 0.060415 0.000000
vt -1.600000 0.000000 0.000000
vt -1.600000 -0.060415 0.000000
vt -1.600000 -0.120830 0.000000
vt -1.600000 -0.181246 0.000000
vt -1.600000 -0.241661 0.000000
vt -1.600000 -0.302076 0.000000
vt -1.600000 -0.362491 0.000000
vt -1.600000 -0.422907 0.000000
vt -1.600000 -0.483322 0.000000
vt -1.600000 -0.543737 0.000000
vt -1.600000 -0.604152 0.000000
vt -1.600000 -0.664568 0.000000
vt -1.600000 -0.724983 0.000000
vt 0.300000 0.000000 0.000000
vt 0.700000 0.000000 0.000000
vt 0.300000 1.600000 0.000000
vt 0.700000 1.600000 0.000000
vt 0.400000 1.600000 0.000000
vt 0.000000 1.600000 0.000000
vt 0.400000 0.000000 0.000000
vt 0.000000 0.000000 0.000000
vt 1.800000 0.027925 0.000000
vt 1.200000 0.027925 0.000000
vt 1.800000 0.000000 0.000000
vt 1.200000 0.000000 0.000000
vt 1.800000 -0.027925 0.000000
vt 1.200000 -0.027925 0.000000
vt 1.800000 -0.055851 0.000000
vt 1.200000 -0.055851 0.000000
vt 1.800000 -0.083776 0.000000
vt 1.200000 -0.083776 0.000000
vt 1.800000 -0.111701 0.000000
vt 1.200000 -0.111701 0.000000
vt 1.800000 -0.139626 0.000000
vt 1.200000 -0.139626 0.000000
vt 1.800000 -0.167552 0.000000
vt 1.200000 -0.167552 0.000000
vt 1.800000 -0.195477 0.000000
vt 1.200000 -0.195477 0.000000
vt 1.800000 -0.223402 0.000000
vt 1.200000 -0.223402 0.000000
vt 1.800000 -0.251327 0.000000
vt 1.200000 -0.251327 0.000000
vt 1.800000 -0.279253 0.000000
vt 1.200000 -0.279253 0.000000
vt 1.800000 -0.307178 0.000000
vt 1.200000 -0.307178 0.000000
vt 1.800000 -0.335103 0.000000
vt 1.200000 -0.335103 0.000000
vt 1.800000 -0.363028 0.000000
vt 1.200000 -0.363028 0.000000
vt 1.800000 -0.390954 0.000000
vt 1.200000 -0.390954 0.000000
vt 1.800000 -0.418879 0.000000
vt 1.200000 -0.418879 0.000000
vt 1.800000 -0.446804 0.000000
vt 1.200000 -0.446804 0.000000
vt 1.800000 -0.474730 0.000000
vt 1.200000 -0.474730 0.000000
vt 1.800000 -0.502655 0.000000
vt 1.200000 -0.502655 0.000000
vt 1.800000 0.502655 0.000000
vt 1.200000 0.502655 0.000000
vt 1.800000 0.474730 0.000000
vt 1.200000 0.474730 0.000000
vt 1.800000 0.446804 0.000000
vt 1.200000 0.446804 0.000000
vt 1.800000 0.418879 0.000000
vt 1.200000 0.418879 0.000000
vt 1.800000 0.390954 0.000000
vt 1.200000 0.390954 0.000000
vt 1.800000 0.363028 0.000000
vt 1.200000 0.363028 0.000000
vt 1.800000 0.335103 0.000000
vt 1.200000 0.335103 0.000000
vt 1.800000 0.307178 0.000000
vt 1.200000 0.307178 0.000000
vt 1.800000 0.279253 0.000000
vt 1.200000 0.279253 0.000000
vt 1.800000 0.251327 0.000000
vt 1.200000 0.251327 0.000000
vt 1.800000 0.223402 0.000000
vt 1.200000 0.223402 0.000000
vt 1.800000 0.195477 0.000000
vt 1.200000 0.195477 0.000000
vt 1.800000 0.167552 0.000000
vt 1.200000 0.167552 0.000000
vt 1.800000 0.139626 0.000000
vt 1.200000 0.139626 0.000000
vt 1.800000 0.111701 0.000000
vt 1.200000 0.111701 0.000000
vt 1.800000 0.083776 0.000000
vt 1.200000 0.083776 0.000000
vt 1.800000 0.055851 0.000000
vt 1.200000 0.055851 0.000000
vt 0.000000 0.474730 0.000000
vt 0.600000 0.474730 0.000000
vt 0.000000 0.502655 0.000000
vt 0.600000 0.502655 0.000000
vt 0.000000 -0.502655 0.000000
vt 0.600000 -0.502655 0.000000
vt 0.000000 -0.474730 0.000000
vt 0.600000 -0.474730 0.000000
vt 0.000000 -0.446804 0.000000
vt 0.600000 -0.446804 0.000000
vt 0.000000 -0.418879 0.000000
vt 0.600000 -0.418879 0.000000
vt 0.000000 -0.390954 0.000000
vt 0.600000 -0.390954 0.000000
vt 0.000000 -0.363028 0.000000
vt 0.600000 -0.363028 0.000000
vt 0.000000 -0.335103 0.000000
vt 0.600000 -0.335103 0.000000
vt 0.000000 -0.307178 0.000000
vt 0.600000 -0.307178 0.000000
vt 0.000000 -0.279253 0.000000
vt 0.600000 -0.279253 0.000000
vt 0.000000 -0.251327 0.000000
vt 0.600000 -0.251327 0.000000
vt 0.000000 -0.223402 0.000000
vt 0.600000 -0.223402 0.000000
vt 0.000000 -0.195477 0.000000
vt 0.600000 -0.195477 0.000000
vt 0.000000 -0.167552 0.000000
vt 0.600000 -0.167552 0.000000
vt 0.000000 -0.139626 0.000000
vt 0.600000 -0.139626 0.000000
vt 0.000000 -0.111701 0.000000
vt 0.600000 -0.111701 0.000000
vt 0.000000 -0.083776 0.000000
vt 0.600000 -0.083776 0.000000
vt 0.000000 -0.055851 0.000000
vt 0.600000 -0.055851 0.000000
vt 0.000000 -0.027925 0.000000
vt 0.600000 -0.027925 0.000000
vt 0.000000 0.000000 0.000000
vt 0.600000 0.000000 0.000000
vt 0.000000 0.027925 0.000000
vt 0.600000 0.027925 0.000000
vt 0.000000 0.055851 0.000000
vt 0.600000 0.055851 0.000000
vt 0.000000 0.083776 0.000000
vt 0.600000 0.083776 0.000000
vt 0.000000 0.111701 0.000000
vt 0.600000 0.111701 0.000000
vt 0.000000 0.139626 0.000000
vt 0.600000 0.139626 0.000000
vt 0.000000 0.167552 0.000000
vt 0.600000 0.167552 0.000000
vt 0.000000 0.195477 0.000000
vt 0.600000 0.195477 0.000000
vt 0.000000 0.223402 0.000000
vt 0.600000 0.223402 0.000000
vt 0.000000 0.251327 0.000000
vt 0.600000 0.251327 0.000000
vt 0.000000 0.279253 0.000000
vt 0.600000 0.279253 0.000000
vt 0.000000 0.307178 0.000000
vt 0.600000 0.307178 0.000000
vt 0.000000 0.335103 0.000000
vt 0.600000 0.335103 0.000000
vt 0.000000 0.363028 0.000000
vt 0.600000 0.363028 0.000000
vt 0.000000 0.390954 0.000000
vt 0.600000 0.390954 0.000000
vt 0.000000 0.418879 0.000000
vt 0.600000 0.418879 0.000000
vt 0.000000 0.446804 0.000000
vt 0.600000 0.446804 0.000000
vt 1.800000 0.027925 0.000000
vt 1.200000 0.027925 0.000000
vt 1.800000 0.000000 0.000000
vt 1.200000 0.000000 0.000000
vt 1.800000 -0.027925 0.000000
vt 1.200000 -0.027925 0.000000
vt 1.800000 -0.055851 0.000000
vt 1.200000 -0.055851 0.000000
vt 1.800000 -0.083776 0.000000
vt 1.200000 -0.083776 0.000000
vt 1.800000 -0.111701 0.000000
vt 1.200000 -0.111701 0.000000
vt 1.800000 -0.139626 0.000000
vt 1.200000 -0.139626 0.000000
vt 1.800000 -0.167552 0.000000
vt 1.200000 -0.167552 0.000000
vt 1.800000 -0.195477 0.000000
vt 1.200000 -0.195477 0.000000
vt 1.800000 -0.223402 0.000000
vt 1.200000 -0.223402 0.000000
vt 1.800000 -0.251327 0.000000
vt 1.200000 -0.251327 0.000000
vt 1.800000 -0.279253 0.000000
vt 1.200000 -0.279253 0.000000
vt 1.800000 -0.307178 0.000000
vt 1.200000 -0.307178 0.000000
vt 1.800000 -0.335103 0.000000
vt 1.200000 -0.335103 0.000000
vt 1.800000 -0.363028 0.000000
vt 1.200000 -0.363028 0.000000
vt 1.800000 -0.390954 0.000000
vt 1.200000 -0.390954 0.000000
vt 1.800000 -0.418879 0.000000
vt 1.200000 -0.418879 0.000000
vt 1.800000 -0.446804 0.000000
vt 1.200000 -0.446804 0.000000
vt 1.800000 -0.474730 0.000000
vt 1.200000 -0.474730 0.000000
vt 1.800000 -0.502655 0.000000
vt 1.200000 -0.502655 0.000000
vt 1.800000 0.502655 0.000000
vt 1.200000 0.502655 0.000000
vt 1.800000 0.474730 0.000000
vt 1.200000 0.474730 0.000000
vt 1.800000 0.446804 0.000000
vt 1.200000 0.446804 0.000000
vt 1.800000 0.418879 0.000000
vt 1.200000 0.418879 0.000000
vt 1.800000 0.390954 0.000000
vt 1.200000 0.390954 0.000000
vt 1.800000 0.363028 0.000000
vt 1.200000 0.363028 0.000000
vt 1.800000 0.335103 0.000000
vt 1.200000 0.335103 0.000000
vt 1.800000 0.307178 0.000000
vt 1.200000 0.307178 0.000000
vt 1.800000 0.279253 0.000000
vt 1.200000 0.279253 0.000000
vt 1.800000 0.251327 0.000000
vt 1.200000 0.251327 0.000000
vt 1.800000 0.223402 0.000000
vt 1.200000 0.223402 0.000000
vt 1.800000 0.195477 0.000000
vt 1.200000 0.195477 0.000000
vt 1.800000 0.167552 0.000000
vt 1.200000 0.167552 0.000000
vt 1.800000 0.139626 0.000000
vt 1.200000 0.139626 0.000000
vt 1.800000 0.111701 0.000000
vt 1.200000 0.111701 0.000000
vt 1.800000 0.083776 0.000000
vt 1.200000 0.083776 0.000000
vt 1.800000 0.055851 0.000000
vt 1.200000 0.055851 0.000000
vt 0.000000 0.474730 0.000000
vt 0.600000 0.474730 0.000000
vt 0.000000 0.502655 0.000000
vt 0.600000 0.502655 0.000000
vt 0.000000 -0.502655 0.000000
vt 0.600000 -0.502655 0.000000
vt 0.000000 -0.474730 0.000000
vt 0.600000 -0.474730 0.000000
vt 0.000000 -0.446804 0.000000
vt 0.600000 -0.446804 0.000000
vt 0.000000 -0.418879 0.000000
vt 0.600000 -0.418879 0.000000
vt 0.000000 -0.390954 0.000000
vt 0.600000 -0.390954 0.000000
vt 0.000000 -0.363028 0.000000
vt 0.600000 -0.363028 0.000000
vt 0.000000 -0.335103 0.000000
vt 0.600000 -0.335103 0.000000
vt 0.000000 -0.307178 0.000000
vt 0.600000 -0.307178 0.000000
vt 0.000000 -0.279253 0.000000
vt 0.600000 -0.279253 0.000000
vt 0.000000 -0.251327 0.000000
vt 0.600000 -0.251327 0.000000
vt 0.000000 -0.223402 0.000000
vt 0.600000 -0.223402 0.000000
vt 0.000000 -0.195477 0.000000
vt 0.600000 -0.195477 0.000000
vt 0.000000 -0.167552 0.000000
vt 0.600000 -0.167552 0.000000
vt 0.000000 -0.139626 0.000000
vt 0.600000 -0.139626 0.000000
vt 0.000000 -0.111701 0.000000
vt 0.600000 -0.111701 0.000000
vt 0.000000 -0.083776 0.000000
vt 0.600000 -0.083776 0.000000
vt 0.000000 -0.055851 0.000000
vt 0.600000 -0.055851 0.000000
vt 0.000000 -0.027925 0.000000
vt 0.600000 -0.027925 0.000000
vt 0.000000 0.000000 0.000000
vt 0.600000 0.000000 0.000000
vt 0.000000 0.027925 0.000000
vt 0.600000 0.027925 0.000000
vt 0.000000 0.055851 0.000000
vt 0.600000 0.055851 0.000000
vt 0.000000 0.083776 0.000000
vt 0.600000 0.083776 0.000000
vt 0.000000 0.111701 0.000000
vt 0.600000 0.111701 0.000000
vt 0.000000 0.139626 0.000000
vt 0.600000 0.139626 0.000000
vt 0.000000 0.167552 0.000000
vt 0.600000 0.167552 0.000000
vt 0.000000 0.195477 0.000000
vt 0.600000 0.195477 0.000000
vt 0.000000 0.223402 0.000000
vt 0.600000 0.223402 0.000000
vt 0.000000 0.251327 0.000000
vt 0.600000 0.251327 0.000000
vt 0.000000 0.279253 0.000000
vt 0.600000 0.279253 0.000000
vt 0.000000 0.307178 0.000000
vt 0.600000 0.307178 0.000000
vt 0.000000 0.335103 0.000000
vt 0.600000 0.335103 0.000000
vt 0.000000 0.363028 0.000000
vt 0.600000 0.363028 0.000000
vt 0.000000 0.390954 0.000000
vt 0.600000 0.390954 0.000000
vt 0.000000 0.418879 0.000000
vt 0.600000 0.418879 0.000000
vt 0.000000 0.446804 0.000000
vt 0.600000 0.446804 0.000000
vt -0.796307 -8.094954 0.000000
vt -0.800000 -8.048024 0.000000
vt -1.000000 -8.348024 0.000000
vt -0.800000 8.048024 0.000000
vt -1.000000 8.348024 0.000000
vt -0.796307 8.094954 0.000000
vt -0.785317 8.140729 0.000000
vt -0.767302 8.184221 0.000000
vt -0.742705 8.224359 0.000000
vt -0.712132 8.260156 0.000000
vt -0.676336 8.290729 0.000000
vt -0.636197 8.315326 0.000000
vt -0.592705 8.333341 0.000000
vt -0.546930 8.344330 0.000000
vt -0.500000 8.348024 0.000000
vt -0.500000 -8.348024 0.000000
vt -0.546930 -8.344330 0.000000
vt -0.592705 -8.333341 0.000000
vt -0.636197 -8.315326 0.000000
vt -0.676336 -8.290729 0.000000
vt -0.712132 -8.260156 0.000000
vt -0.742705 -8.224359 0.000000
vt -0.767302 -8.184221 0.000000
vt -0.785317 -8.140729 0.000000
vt -2.000000 0.500000 0.000000
vt -2.000000 0.000000 0.000000
vt -1.500000 0.500000 0.000000
vt 0.000000 0.000000 0.000000
vt 0.000000 1.800000 0.000000
vt -1.500000 1.800000 0.000000
vt 16.696048 0.000000 0.000000
vt 16.996048 -0.000000 0.000000
vt 16.696048 2.000000 0.000000
vt 16.996048 2.000000 0.000000
vt 1.000000 8.348024 0.000000
vt -1.296243 8.438861 0.000000
vt -0.800000 8.348024 0.000000
vt -1.300000 8.348024 0.000000
vt -0.846930 8.344330 0.000000
vt -0.892705 8.333341 0.000000
vt -0.936197 8.315326 0.000000
vt -0.976336 8.290729 0.000000
vt -1.012132 8.260156 0.000000
vt -1.042705 8.224360 0.000000
vt -1.067302 8.184221 0.000000
vt -1.085317 8.140729 0.000000
vt -1.096307 8.094954 0.000000
vt -1.100000 8.048024 0.000000
vt -1.300000 -8.348024 0.000000
vt -1.100000 -8.048024 0.000000
vt -1.096307 -8.094954 0.000000
vt -1.085317 -8.140729 0.000000
vt -1.067302 -8.184221 0.000000
vt -1.042705 -8.224359 0.000000
vt -1.012132 -8.260156 0.000000
vt -0.976336 -8.290729 0.000000
vt -0.936197 -8.315326 0.000000
vt -0.892705 -8.333341 0.000000
vt -0.846930 -8.344330 0.000000
vt -0.800000 -8.348024 0.000000
vt -1.120883 -8.949667 0.000000
vt -1.068055 -9.023658 0.000000
vt 1.000000 8.648024 0.000000
vt 0.984628 8.804096 0.000000
vt 0.965552 8.880252 0.000000
vt 0.939104 8.954171 0.000000
vt 0.996148 8.726438 0.000000
vt 0.905537 9.025141 0.000000
vt 0.865176 9.092480 0.000000
vt 0.818408 9.155539 0.000000
vt 0.765685 9.213709 0.000000
vt 0.707515 9.266432 0.000000
vt 0.644456 9.313200 0.000000
vt 0.577117 9.353561 0.000000
vt 0.506147 9.387128 0.000000
vt 0.432228 9.413576 0.000000
vt 0.356072 9.432652 0.000000
vt 0.278414 9.444172 0.000000
vt 0.200000 9.448024 0.000000
vt -0.200000 9.448024 0.000000
vt -1.284997 8.529078 0.000000
vt -0.290837 9.444267 0.000000
vt -0.381054 9.433021 0.000000
vt -0.470034 9.414364 0.000000
vt -0.557169 9.388423 0.000000
vt -0.641865 9.355375 0.000000
vt -0.723542 9.315445 0.000000
vt -0.801643 9.268907 0.000000
vt -0.875634 9.216078 0.000000
vt -0.945010 9.157320 0.000000
vt -1.266340 8.618058 0.000000
vt -1.009296 9.093034 0.000000
vt -1.068055 9.023658 0.000000
vt -1.120883 8.949667 0.000000
vt -1.167421 8.871566 0.000000
vt -1.207351 8.789889 0.000000
vt -1.240399 8.705193 0.000000
vt -1.296243 -8.438861 0.000000
vt -1.284997 -8.529078 0.000000
vt -1.266340 -8.618058 0.000000
vt -1.240399 -8.705193 0.000000
vt -1.207351 -8.789889 0.000000
vt -1.167421 -8.871566 0.000000
vt -1.009296 -9.093034 0.000000
vt -0.945010 -9.157320 0.000000
vt -0.875634 -9.216078 0.000000
vt -0.801643 -9.268907 0.000000
vt -0.723542 -9.315445 0.000000
vt -0.641865 -9.355375 0.000000
vt -0.557169 -9.388423 0.000000
vt -0.470034 -9.414364 0.000000
vt -0.381054 -9.433021 0.000000
vt -0.290837 -9.444267 0.000000
vt -0.200000 -9.448024 0.000000
vt 0.200000 -9.448024 0.000000
vt 1.000000 -8.348024 0.000000
vt 0.278414 -9.444172 0.000000
vt 0.356072 -9.432652 0.000000
vt 0.432228 -9.413576 0.000000
vt 0.506147 -9.387128 0.000000
vt 0.577117 -9.353561 0.000000
vt 0.644456 -9.313200 0.000000
vt 0.707515 -9.266432 0.000000
vt 0.765685 -9.213709 0.000000
vt 0.818408 -9.155539 0.000000
vt 0.865176 -9.092480 0.000000
vt 0.905537 -9.025141 0.000000
vt 0.939104 -8.954171 0.000000
vt 0.965552 -8.880252 0.000000
vt 0.984628 -8.804096 0.000000
vt 0.996148 -8.726438 0.000000
vt 1.000000 -8.648024 0.000000
vt -0.350000 -9.448024 0.000000
vt 0.050000 -9.448024 0.000000
vt -0.350000 -9.148024 0.000000
vt 0.050000 -9.148024 0.000000
vt 0.128414 -9.144172 0.000000
vt 0.140837 -9.444267 0.000000
vt 0.206072 -9.132652 0.000000
vt 0.231054 -9.433021 0.000000
vt 0.282228 -9.113576 0.000000
vt 0.320034 -9.414364 0.000000
vt 0.356147 -9.087128 0.000000
vt 0.407169 -9.388423 0.000000
vt 0.427117 -9.053561 0.000000
vt 0.491865 -9.355375 0.000000
vt 0.494456 -9.013200 0.000000
vt 0.557515 -8.966432 0.000000
vt 0.573542 -9.315445 0.000000
vt 0.615685 -8.913709 0.000000
vt 0.651643 -9.268907 0.000000
vt 0.668408 -8.855539 0.000000
vt 0.725634 -9.216078 0.000000
vt 0.715176 -8.792480 0.000000
vt 0.755537 -8.725141 0.000000
vt 0.795010 -9.157320 0.000000
vt 0.789104 -8.654171 0.000000
vt 0.815552 -8.580252 0.000000
vt 0.859296 -9.093034 0.000000
vt 0.834628 -8.504096 0.000000
vt 0.846148 -8.426438 0.000000
vt 0.850000 -8.348024 0.000000
vt 0.918055 -9.023658 0.000000
vt 0.970883 -8.949667 0.000000
vt 1.017421 -8.871566 0.000000
vt 1.057351 -8.789889 0.000000
vt 1.150000 -8.348024 0.000000
vt 1.090399 -8.705193 0.000000
vt 1.116340 -8.618058 0.000000
vt 1.134997 -8.529078 0.000000
vt 1.146243 -8.438861 0.000000
vt 0.850000 8.348024 0.000000
vt 1.150000 8.348024 0.000000
vt 1.057351 8.789889 0.000000
vt 1.090399 8.705193 0.000000
vt 1.116340 8.618058 0.000000
vt 1.134997 8.529078 0.000000
vt 1.146243 8.438861 0.000000
vt 1.017421 8.871566 0.000000
vt 0.970883 8.949667 0.000000
vt 0.918055 9.023658 0.000000
vt 0.859296 9.093034 0.000000
vt 0.846148 8.426438 0.000000
vt 0.834628 8.504096 0.000000
vt 0.815552 8.580252 0.000000
vt 0.795010 9.157320 0.000000
vt 0.789104 8.654171 0.000000
vt 0.755537 8.725141 0.000000
vt 0.725634 9.216078 0.000000
vt 0.715176 8.792480 0.000000
vt 0.668408 8.855539 0.000000
vt 0.651643 9.268907 0.000000
vt 0.615685 8.913709 0.000000
vt 0.573542 9.315445 0.000000
vt 0.557515 8.966432 0.000000
vt 0.491865 9.355375 0.000000
vt 0.494456 9.013200 0.000000
vt 0.427117 9.053561 0.000000
vt 0.407169 9.388423 0.000000
vt 0.356147 9.087128 0.000000
vt 0.320034 9.414364 0.000000
vt 0.282228 9.113576 0.000000
vt 0.231054 9.433021 0.000000
vt 0.206072 9.132652 0.000000
vt 0.140837 9.444267 0.000000
vt 0.128414 9.144172 0.000000
vt 0.050000 9.448024 0.000000
vt 0.050000 9.148024 0.000000
vt -0.350000 9.148024 0.000000
vt -0.350000 9.448024 0.000000
vt 0.400000 2.000000 0.000000
vt 0.000000 2.000000 0.000000
vt 0.400000 -0.000000 0.000000
vt 0.000000 -1.500000 0.000000
vt 0.400000 -1.500000 0.000000
vt 2.000000 0.628319 0.000000
vt -0.000000 0.628319 0.000000
vt 1.000000 0.549779 0.000000
vt -0.000000 0.549779 0.000000
vt 1.000000 0.471239 0.000000
vt -0.000000 0.471239 0.000000
vt 1.000000 0.392699 0.000000
vt -0.000000 0.392699 0.000000
vt 1.000000 0.314159 0.000000
vt -0.000000 0.314159 0.000000
vt 1.000000 0.235619 0.000000
vt -0.000000 0.235619 0.000000
vt 1.000000 0.157080 0.000000
vt -0.000000 0.157080 0.000000
vt 1.000000 0.078540 0.000000
vt -0.000000 0.078540 0.000000
vt 1.000000 -0.000000 0.000000
vt -0.000000 -0.000000 0.000000
vt 1.000000 -0.078540 0.000000
vt -0.000000 -0.078540 0.000000
vt 1.000000 -0.157080 0.000000
vt -0.000000 -0.157080 0.000000
vt 1.000000 -0.235619 0.000000
vt -0.000000 -0.235619 0.000000
vt 1.000000 -0.314159 0.000000
vt -0.000000 -0.314159 0.000000
vt 1.000000 -0.392699 0.000000
vt -0.000000 -0.392699 0.000000
vt 1.000000 -0.471239 0.000000
vt -0.000000 -0.471239 0.000000
vt 1.000000 -0.549779 0.000000
vt -0.000000 -0.549779 0.000000
vt -0.000000 -0.628319 0.000000
vt 2.000000 -0.628319 0.000000
vt 2.000000 -0.549779 0.000000
vt 2.000000 -0.471239 0.000000
vt 2.000000 -0.392699 0.000000
vt 2.000000 -0.314159 0.000000
vt 2.000000 -0.235619 0.000000
vt 2.000000 -0.157080 0.000000
vt 2.000000 -0.078540 0.000000
vt 2.000000 -0.000000 0.000000
vt 2.000000 0.078540 0.000000
vt 2.000000 0.157080 0.000000
vt 2.000000 0.235619 0.000000
vt 2.000000 0.314159 0.000000
vt 2.000000 0.392699 0.000000
vt 2.000000 0.471239 0.000000
vt 2.000000 0.549779 0.000000
vt -0.000000 2.000000 0.000000
vt -0.000000 -0.000000 0.000000
vt 0.400000 2.000000 0.000000
vt 0.400000 -1.500000 0.000000
vt -0.000000 -1.500000 0.000000
vt 1.500000 1.636935 0.000000
vt 1.500000 1.727876 0.000000
vt -0.250000 1.636935 0.000000
vt -2.000000 1.727876 0.000000
vt -2.000000 1.636935 0.000000
vt -0.250000 1.545994 0.000000
vt -2.000000 1.545994 0.000000
vt -0.250000 1.455053 0.000000
vt -2.000000 1.455053 0.000000
vt -0.250000 1.364113 0.000000
vt -2.000000 1.364113 0.000000
vt -0.250000 1.273172 0.000000
vt -2.000000 1.273172 0.000000
vt -0.250000 1.182231 0.000000
vt -2.000000 1.182231 0.000000
vt -0.250000 1.091290 0.000000
vt -2.000000 1.091290 0.000000
vt -0.250000 1.000349 0.000000
vt -2.000000 1.000349 0.000000
vt -0.250000 0.909408 0.000000
vt -2.000000 0.909408 0.000000
vt -0.250000 0.818468 0.000000
vt -2.000000 0.818468 0.000000
vt -0.250000 0.727527 0.000000
vt -2.000000 0.727527 0.000000
vt -0.250000 0.636586 0.000000
vt -2.000000 0.636586 0.000000
vt -0.250000 0.545645 0.000000
vt -2.000000 0.545645 0.000000
vt -0.250000 0.454704 0.000000
vt -2.000000 0.454704 0.000000
vt -0.250000 0.363763 0.000000
vt -2.000000 0.363763 0.000000
vt -0.250000 0.272823 0.000000
vt -2.000000 0.272823 0.000000
vt -0.250000 0.181882 0.000000
vt -2.000000 0.181882 0.000000
vt -0.250000 0.090941 0.000000
vt -2.000000 0.090941 0.000000
vt -2.000000 0.000000 0.000000
vt 1.500000 0.000000 0.000000
vt 1.500000 0.090941 0.000000
vt 1.500000 0.181882 0.000000
vt 1.500000 0.272823 0.000000
vt 1.500000 0.363763 0.000000
vt 1.500000 0.454704 0.000000
vt 1.500000 0.545645 0.000000
vt 1.500000 0.636586 0.000000
vt 1.500000 0.727527 0.000000
vt 1.500000 0.818468 0.000000
vt 1.500000 0.909408 0.000000
vt 1.500000 1.000349 0.000000
vt 1.500000 1.091290 0.000000
vt 1.500000 1.182231 0.000000
vt 1.500000 1.273172 0.000000
vt 1.500000 1.364113 0.000000
vt 1.500000 1.455053 0.000000
vt 1.500000 1.545994 0.000000
vt 16.696048 2.000000 0.000000
vt 0.000000 2.000000 0.000000
vt 16.696048 -1.500000 0.000000
vt 0.000000 -1.500000 0.000000
vt 1.500000 1.636935 0.000000
vt 1.500000 1.727876 0.000000
vt -0.250000 1.636935 0.000000
vt -2.000000 1.727876 0.000000
vt -2.000000 1.636935 0.000000
vt -0.250000 1.545994 0.000000
vt -2.000000 1.545994 0.000000
vt -0.250000 1.455053 0.000000
vt -2.000000 1.455053 0.000000
vt -0.250000 1.364113 0.000000
vt -2.000000 1.364113 0.000000
vt -0.250000 1.273172 0.000000
vt -2.000000 1.273172 0.000000
vt -0.250000 1.182231 0.000000
vt -2.000000 1.182231 0.000000
vt -0.250000 1.091290 0.000000
vt -2.000000 1.091290 0.000000
vt -0.250000 1.000349 0.000000
vt -2.000000 1.000349 0.000000
vt -0.250000 0.909408 0.000000
vt -2.000000 0.909408 0.000000
vt -0.250000 0.818468 0.000000
vt -2.000000 0.818468 0.000000
vt -0.250000 0.727527 0.000000
vt -2.000000 0.727527 0.000000
vt -0.250000 0.636586 0.000000
vt -2.000000 0.636586 0.000000
vt -0.250000 0.545645 0.000000
vt -2.000000 0.545645 0.000000
vt -0.250000 0.454704 0.000000
vt -2.000000 0.454704 0.000000
vt -0.250000 0.363763 0.000000
vt -2.000000 0.363763 0.000000
vt -0.250000 0.272823 0.000000
vt -2.000000 0.272823 0.000000
vt -0.250000 0.181882 0.000000
vt -2.000000 0.181882 0.000000
vt -0.250000 0.090941 0.000000
vt -2.000000 0.090941 0.000000
vt -2.000000 -0.000000 0.000000
vt 1.500000 -0.000000 0.000000
vt 1.500000 0.090941 0.000000
vt 1.500000 0.181882 0.000000
vt 1.500000 0.272823 0.000000
vt 1.500000 0.363763 0.000000
vt 1.500000 0.454704 0.000000
vt 1.500000 0.545645 0.000000
vt 1.500000 0.636586 0.000000
vt 1.500000 0.727527 0.000000
vt 1.500000 0.818468 0.000000
vt 1.500000 0.909408 0.000000
vt 1.500000 1.000349 0.000000
vt 1.500000 1.091290 0.000000
vt 1.500000 1.182231 0.000000
vt 1.500000 1.273172 0.000000
vt 1.500000 1.364113 0.000000
vt 1.500000 1.455053 0.000000
vt 1.500000 1.545994 0.000000
vt -0.200000 9.448024 0.000000
vt -0.278414 9.444172 0.000000
vt -0.200000 8.848024 0.000000
vt -0.356072 9.432652 0.000000
vt -0.500000 8.348024 0.000000
vt -0.432228 9.413576 0.000000
vt -0.506147 9.387128 0.000000
vt -0.577117 9.353561 0.000000
vt -0.644456 9.313200 0.000000
vt -0.707515 9.266432 0.000000
vt -0.765685 9.213709 0.000000
vt -0.818408 9.155539 0.000000
vt -1.000000 8.348024 0.000000
vt -0.865176 9.092480 0.000000
vt -0.905537 9.025141 0.000000
vt -0.939104 8.954171 0.000000
vt -0.965552 8.880252 0.000000
vt -0.984628 8.804096 0.000000
vt -0.996148 8.726438 0.000000
vt -1.000000 8.648024 0.000000
vt -0.500000 -8.348024 0.000000
vt 0.240000 -1.984204 0.000000
vt 0.240000 2.015795 0.000000
vt 0.242431 2.043579 0.000000
vt 0.200000 8.848024 0.000000
vt 0.249649 2.070519 0.000000
vt 0.261436 2.095795 0.000000
vt -1.000000 -8.348024 0.000000
vt -0.818408 -9.155539 0.000000
vt -0.765685 -9.213709 0.000000
vt -0.707515 -9.266432 0.000000
vt -1.000000 -8.648024 0.000000
vt -0.984628 -8.804096 0.000000
vt -0.965552 -8.880252 0.000000
vt -0.939104 -8.954171 0.000000
vt -0.996148 -8.726438 0.000000
vt -0.905537 -9.025141 0.000000
vt -0.865176 -9.092480 0.000000
vt -0.644456 -9.313200 0.000000
vt -0.577117 -9.353561 0.000000
vt -0.506147 -9.387128 0.000000
vt -0.432228 -9.413576 0.000000
vt -0.356072 -9.432652 0.000000
vt -0.200000 -8.848024 0.000000
vt -0.278414 -9.444172 0.000000
vt -0.200000 -9.448024 0.000000
vt 0.200000 -8.848024 0.000000
vt 0.242431 -2.011988 0.000000
vt 0.260268 -8.844378 0.000000
vt 0.261436 -2.064204 0.000000
vt 0.249649 -2.038928 0.000000
vt 0.319658 -8.833495 0.000000
vt 0.297154 -2.106772 0.000000
vt 0.277433 -2.087051 0.000000
vt 0.377302 -8.815532 0.000000
vt 0.345277 -2.134555 0.000000
vt 0.320000 -2.122769 0.000000
vt 0.432362 -8.790752 0.000000
vt 0.400000 -2.144204 0.000000
vt 0.372216 -2.141774 0.000000
vt 0.427784 -2.141774 0.000000
vt 0.484032 -8.759516 0.000000
vt 0.454723 -2.134555 0.000000
vt 0.480000 -2.122769 0.000000
vt 0.531561 -8.722279 0.000000
vt 0.502846 -2.106772 0.000000
vt 0.574255 -8.679585 0.000000
vt 0.522567 -2.087051 0.000000
vt 0.611492 -8.632056 0.000000
vt 0.538564 -2.064204 0.000000
vt 0.700000 -8.348024 0.000000
vt 0.550351 -2.038928 0.000000
vt 0.557569 -2.011988 0.000000
vt 0.560000 -1.984204 0.000000
vt 0.700000 8.348024 0.000000
vt 0.560000 2.015795 0.000000
vt 0.557569 2.043579 0.000000
vt 0.550351 2.070519 0.000000
vt 0.538564 2.095795 0.000000
vt 0.611492 8.632056 0.000000
vt 0.522567 2.118642 0.000000
vt 0.574255 8.679585 0.000000
vt 0.502846 2.138363 0.000000
vt 0.531561 8.722279 0.000000
vt 0.480000 2.154360 0.000000
vt 0.484032 8.759516 0.000000
vt 0.454723 2.166146 0.000000
vt 0.427784 2.173365 0.000000
vt 0.432362 8.790752 0.000000
vt 0.400000 2.175795 0.000000
vt 0.377302 8.815532 0.000000
vt 0.372216 2.173365 0.000000
vt 0.345277 2.166146 0.000000
vt 0.319658 8.833495 0.000000
vt 0.320000 2.154360 0.000000
vt 0.297154 2.138363 0.000000
vt 0.260268 8.844378 0.000000
vt 0.277433 2.118642 0.000000
vt 0.642728 -8.580385 0.000000
vt 0.667508 -8.525326 0.000000
vt 0.685471 -8.467682 0.000000
vt 0.696354 -8.408292 0.000000
vt 0.696354 8.408292 0.000000
vt 0.685471 8.467682 0.000000
vt 0.667508 8.525326 0.000000
vt 0.642728 8.580385 0.000000
vt 0.242431 -1.956421 0.000000
vt 0.242431 1.988012 0.000000
vt 0.249649 1.961072 0.000000
vt 0.249649 -1.929481 0.000000
vt 0.261436 1.935795 0.000000
vt 0.261436 -1.904204 0.000000
vt 0.277433 1.912949 0.000000
vt 0.277433 -1.881358 0.000000
vt 0.297154 1.893228 0.000000
vt 0.297154 -1.861637 0.000000
vt 0.320000 1.877231 0.000000
vt 0.320000 -1.845640 0.000000
vt 0.345277 1.865445 0.000000
vt 0.345277 -1.833854 0.000000
vt 0.372216 1.858226 0.000000
vt 0.372216 -1.826635 0.000000
vt 0.400000 1.855795 0.000000
vt 0.400000 -1.824204 0.000000
vt 0.427784 -1.826635 0.000000
vt 0.427784 1.858226 0.000000
vt 0.454723 -1.833854 0.000000
vt 0.454723 1.865445 0.000000
vt 0.480000 -1.845640 0.000000
vt 0.480000 1.877231 0.000000
vt 0.502846 -1.861637 0.000000
vt 0.502846 1.893228 0.000000
vt 0.522567 -1.881358 0.000000
vt 0.522567 1.912949 0.000000
vt 0.538564 -1.904204 0.000000
vt 0.538564 1.935795 0.000000
vt 0.550351 -1.929481 0.000000
vt 0.550351 1.961072 0.000000
vt 0.557569 -1.956421 0.000000
vt 0.557569 1.988012 0.000000
vn -0.100000 0.000000 0.000000
vn -0.100000 0.000000 0.000000
vn -0.099518 -0.009802 0.000000
vn -0.098769 -0.015643 0.000000
vn -0.098079 -0.019509 0.000000
vn -0.095106 -0.030902 0.000000
vn -0.095694 -0.029028 0.000000
vn -0.092388 -0.038268 0.000000
vn -0.089101 -0.045399 0.000000
vn -0.088192 -0.047140 0.000000
vn -0.083147 -0.055557 0.000000
vn -0.080902 -0.058779 0.000000
vn -0.077301 -0.063439 0.000000
vn -0.070711 -0.070711 0.000000
vn -0.070711 -0.070711 0.000000
vn -0.063439 -0.077301 0.000000
vn -0.058779 -0.080902 0.000000
vn -0.055557 -0.083147 0.000000
vn -0.045399 -0.089101 0.000000
vn -0.047140 -0.088192 0.000000
vn -0.038268 -0.092388 0.000000
vn -0.030902 -0.095106 0.000000
vn -0.029028 -0.095694 0.000000
vn -0.019509 -0.098079 0.000000
vn -0.015643 -0.098769 0.000000
vn -0.009802 -0.099518 0.000000
vn 0.000000 -0.100000 0.000000
vn 0.000000 -0.100000 0.000000
vn -0.015643 -0.098769 0.000000
vn -0.030902 -0.095106 0.000000
vn -0.045399 -0.089101 0.000000
vn -0.058779 -0.080902 0.000000
vn -0.070711 -0.070711 0.000000
vn -0.080902 -0.058779 0.000000
vn -0.089101 -0.045399 0.000000
vn -0.095106 -0.030902 0.000000
vn -0.098769 -0.015643 0.000000
vn 0.000000 -0.000000 0.100000
vn 0.000000 -0.000000 0.100000
vn -0.009802 0.000000 0.099518
vn -0.015643 0.000000 0.098769
vn -0.019509 0.000000 0.098079
vn -0.030902 0.000000 0.095106
vn -0.029028 0.000000 0.095694
vn -0.038268 0.000000 0.092388
vn -0.045399 0.000000 0.089101
vn -0.047140 0.000000 0.088192
vn -0.055557 0.000000 0.083147
vn -0.058779 0.000000 0.080902
vn -0.063439 0.000000 0.077301
vn -0.070711 0.000000 0.070711
vn -0.070711 0.000000 0.070711
vn -0.077301 0.000000 0.063439
vn -0.080902 0.000000 0.058779
vn -0.083147 0.000000 0.055557
vn -0.089101 0.000000 0.045399
vn -0.088192 0.000000 0.047140
vn -0.092388 0.000000 0.038268
vn -0.095106 0.000000 0.030902
vn -0.095694 0.000000 0.029028
vn -0.098079 0.000000 0.019509
vn -0.098769 0.000000 0.015643
vn -0.099518 0.000000 0.009802
vn -0.098769 0.000000 0.015643
vn -0.099518 0.000000 0.009802
vn -0.098079 0.000000 0.019509
vn -0.095106 0.000000 0.030902
vn -0.095694 0.000000 0.029028
vn -0.092388 0.000000 0.038268
vn -0.089101 0.000000 0.045399
vn -0.088192 0.000000 0.047140
vn -0.083147 0.000000 0.055557
vn -0.080902 0.000000 0.058779
vn -0.077301 0.000000 0.063439
vn -0.070711 0.000000 0.070711
vn -0.070711 0.000000 0.070711
vn -0.063439 0.000000 0.077301
vn -0.058779 0.000000 0.080902
vn -0.055557 0.000000 0.083147
vn -0.045399 0.000000 0.089101
vn -0.047140 0.000000 0.088192
vn -0.038268 0.000000 0.092388
vn -0.030902 0.000000 0.095106
vn -0.029028 0.000000 0.095694
vn -0.019509 0.000000 0.098079
vn -0.015643 0.000000 0.098769
vn -0.009802 0.000000 0.099518
vn -0.100000 0.000000 0.000000
vn 0.000000 0.100000 0.000000
vn 0.000000 0.100000 0.000000
vn -0.009802 0.099518 -0.000000
vn -0.015643 0.098769 -0.000000
vn -0.019509 0.098079 -0.000000
vn -0.030902 0.095106 -0.000000
vn -0.029028 0.095694 -0.000000
vn -0.038268 0.092388 -0.000000
vn -0.045399 0.089101 -0.000000
vn -0.047140 0.088192 -0.000000
vn -0.055557 0.083147 -0.000000
vn -0.058779 0.080902 -0.000000
vn -0.063439 0.077301 -0.000000
vn -0.070711 0.070711 -0.000000
vn -0.070711 0.070711 -0.000000
vn -0.077301 0.063439 -0.000000
vn -0.080902 0.058779 -0.000000
vn -0.083147 0.055557 -0.000000
vn -0.089101 0.045399 -0.000000
vn -0.088192 0.047140 -0.000000
vn -0.092388 0.038268 -0.000000
vn -0.095106 0.030902 -0.000000
vn -0.095694 0.029028 -0.000000
vn -0.098079 0.019509 -0.000000
vn -0.098769 0.015643 -0.000000
vn -0.099518 0.009802 -0.000000
vn -0.100000 0.000000 -0.000000
vn -0.098769 0.015643 -0.000000
vn -0.095106 0.030902 -0.000000
vn -0.089101 0.045399 -0.000000
vn -0.080902 0.058779 -0.000000
vn -0.070711 0.070711 -0.000000
vn -0.058779 0.080902 -0.000000
vn -0.045399 0.089101 -0.000000
vn -0.030902 0.095106 -0.000000
vn -0.015643 0.098769 -0.000000
vn -0.100000 0.000000 -0.000000
vn -0.100000 0.000000 -0.000000
vn -0.100000 0.000000 -0.000000
vn -0.100000 0.000000 -0.000000
vn -0.100000 0.000000 -0.000000
vn -0.100000 0.000000 -0.000000
vn -0.100000 0.000000 -0.000000
vn -0.100000 0.000000 -0.000000
vn -0.098769 -0.015643 0.000000
vn -0.098638 -0.014902 0.006960
vn -0.098638 -0.006960 0.014902
vn -0.098769 -0.000000 0.015643
vn -0.093761 -0.006945 0.034068
vn -0.095106 -0.000000 0.030902
vn -0.089101 -0.000000 0.045399
vn -0.087616 -0.015639 0.045595
vn -0.085012 -0.003482 0.052544
vn -0.079313 -0.023949 0.055999
vn -0.076527 -0.010940 0.063435
vn -0.069057 -0.031668 0.065025
vn -0.066157 -0.018130 0.072763
vn -0.057101 -0.038608 0.072449
vn -0.054159 -0.024873 0.080300
vn -0.043739 -0.044597 0.078090
vn -0.040827 -0.031004 0.085860
vn -0.029300 -0.049488 0.081807
vn -0.026490 -0.036371 0.089305
vn -0.014139 -0.053161 0.083511
vn -0.011501 -0.040843 0.090552
vn 0.000000 -0.045399 0.089101
vn 0.000000 -0.030902 0.095106
vn -0.095106 -0.030902 0.000000
vn -0.093761 -0.034068 0.006945
vn -0.094956 -0.026261 0.017141
vn -0.087616 -0.045595 0.015639
vn -0.088935 -0.036972 0.026900
vn -0.079313 -0.055999 0.023949
vn -0.080724 -0.046774 0.035997
vn -0.069057 -0.065025 0.031668
vn -0.070526 -0.055423 0.044208
vn -0.057101 -0.072449 0.038608
vn -0.058591 -0.062708 0.051330
vn -0.043739 -0.078090 0.044597
vn -0.045214 -0.068449 0.057188
vn -0.029300 -0.081807 0.049488
vn -0.030723 -0.072504 0.061638
vn -0.014139 -0.083511 0.053161
vn -0.015476 -0.074775 0.064570
vn 0.000000 -0.080902 0.058779
vn 0.000000 -0.070711 0.070711
vn -0.089101 -0.045399 0.000000
vn -0.085012 -0.052544 0.003482
vn -0.080902 -0.058779 0.000000
vn -0.076527 -0.063435 0.010940
vn -0.070711 -0.070711 0.000000
vn -0.066157 -0.072763 0.018130
vn -0.061902 -0.078439 0.003943
vn -0.049842 -0.086058 0.010480
vn -0.058779 -0.080902 -0.000000
vn -0.045399 -0.089101 0.000000
vn -0.030902 -0.095106 0.000000
vn -0.031031 -0.095037 0.002233
vn -0.036554 -0.091558 0.016759
vn -0.054159 -0.080300 0.024873
vn -0.015643 -0.098769 -0.000000
vn -0.017037 -0.098161 0.008608
vn -0.022367 -0.094804 0.022626
vn -0.040827 -0.085860 0.031004
vn -0.026490 -0.089305 0.036371
vn 0.000000 -0.100000 0.000000
vn -0.002623 -0.098868 0.014771
vn -0.007628 -0.095715 0.027935
vn -0.011501 -0.090552 0.040843
vn 0.000000 -0.098769 0.015643
vn 0.000000 -0.095106 0.030902
vn 0.000000 -0.089101 0.045399
vn -0.015476 -0.064570 0.074775
vn 0.000000 -0.058779 0.080902
vn -0.007628 -0.027935 0.095715
vn 0.000000 -0.015643 0.098769
vn -0.002623 -0.014771 0.098868
vn 0.000000 -0.000000 0.100000
vn -0.017037 -0.008608 0.098161
vn -0.015643 -0.000000 0.098769
vn -0.031031 -0.002233 0.095037
vn -0.030902 -0.000000 0.095106
vn -0.045399 -0.000000 0.089101
vn -0.058779 -0.000000 0.080902
vn -0.049842 -0.010480 0.086058
vn -0.036554 -0.016759 0.091558
vn -0.022367 -0.022626 0.094804
vn -0.061902 -0.003943 0.078439
vn -0.070711 -0.000000 0.070711
vn -0.080902 -0.000000 0.058779
vn -0.030723 -0.061638 0.072504
vn -0.045214 -0.057188 0.068449
vn -0.058591 -0.051330 0.062708
vn -0.070526 -0.044208 0.055423
vn -0.080724 -0.035997 0.046774
vn -0.088935 -0.026900 0.036972
vn -0.094956 -0.017141 0.026261
vn 0.000000 -0.100000 0.000000
vn 0.000000 -0.098769 0.015643
vn 0.000000 -0.098769 0.015643
vn 0.000000 -0.095106 0.030902
vn 0.000000 -0.095106 0.030902
vn 0.000000 -0.089101 0.045399
vn 0.000000 -0.089101 0.045399
vn 0.000000 -0.080902 0.058779
vn 0.000000 -0.080902 0.058779
vn 0.000000 -0.070711 0.070711
vn 0.000000 -0.070711 0.070711
vn 0.000000 -0.058779 0.080902
vn 0.000000 -0.058779 0.080902
vn 0.000000 -0.045399 0.089101
vn 0.000000 -0.045399 0.089101
vn 0.000000 -0.030902 0.095106
vn 0.000000 -0.030902 0.095106
vn 0.000000 -0.015643 0.098769
vn 0.000000 -0.015643 0.098769
vn 0.000000 -0.000000 0.100000
vn -0.099518 0.000000 0.009802
vn -0.098769 0.000000 0.015643
vn -0.098769 0.000000 0.015643
vn -0.095106 0.000000 0.030902
vn -0.098079 0.000000 0.019509
vn -0.095694 0.000000 0.029028
vn -0.092388 0.000000 0.038268
vn -0.089101 0.000000 0.045399
vn -0.088192 0.000000 0.047140
vn -0.083147 0.000000 0.055557
vn -0.080902 0.000000 0.058779
vn -0.077301 0.000000 0.063439
vn -0.070711 0.000000 0.070711
vn -0.070711 0.000000 0.070711
vn -0.063439 0.000000 0.077301
vn -0.058779 0.000000 0.080902
vn -0.055557 0.000000 0.083147
vn -0.045399 0.000000 0.089101
vn -0.047140 0.000000 0.088192
vn -0.038268 0.000000 0.092388
vn -0.030902 0.000000 0.095106
vn -0.029028 0.000000 0.095694
vn -0.019509 0.000000 0.098079
vn -0.015643 0.000000 0.098769
vn -0.009802 0.000000 0.099518
vn 0.000000 -0.000000 0.100000
vn -0.015643 0.000000 0.098769
vn -0.015643 0.000000 0.098769
vn -0.030902 0.000000 0.095106
vn -0.030902 0.000000 0.095106
vn -0.045399 0.000000 0.089101
vn -0.045399 0.000000 0.089101
vn -0.058779 0.000000 0.080902
vn -0.070711 0.000000 0.070711
vn -0.080902 0.000000 0.058779
vn -0.089101 0.000000 0.045399
vn -0.095106 0.000000 0.030902
vn -0.098769 0.000000 0.015643
vn -0.098769 0.000000 0.015643
vn -0.098769 0.000000 0.015643
vn -0.095106 0.000000 0.030902
vn -0.095106 0.000000 0.030902
vn -0.089101 0.000000 0.045399
vn -0.030902 0.000000 0.095106
vn -0.015643 0.000000 0.098769
vn -0.015643 0.000000 0.098769
vn -0.095106 0.000000 0.030902
vn -0.089101 0.000000 0.045399
vn -0.080902 0.000000 0.058779
vn -0.070711 0.000000 0.070711
vn -0.058779 0.000000 0.080902
vn -0.089101 0.000000 0.045399
vn -0.080902 0.000000 0.058779
vn -0.080902 0.000000 0.058779
vn -0.070711 0.000000 0.070711
vn -0.058779 0.000000 0.080902
vn -0.045399 0.000000 0.089101
vn -0.070711 0.000000 0.070711
vn -0.058779 0.000000 0.080902
vn -0.045399 0.000000 0.089101
vn -0.030902 0.000000 0.095106
vn 0.000000 0.100000 0.000000
vn 0.000000 0.100000 0.000000
vn -0.009802 0.099518 -0.000000
vn -0.015643 0.098769 -0.000000
vn -0.019509 0.098079 -0.000000
vn -0.030902 0.095106 -0.000000
vn -0.029028 0.095694 -0.000000
vn -0.038268 0.092388 -0.000000
vn -0.045399 0.089101 -0.000000
vn -0.047140 0.088192 -0.000000
vn -0.055557 0.083147 -0.000000
vn -0.058779 0.080902 -0.000000
vn -0.063439 0.077301 -0.000000
vn -0.070711 0.070711 -0.000000
vn -0.070711 0.070711 -0.000000
vn -0.077301 0.063439 -0.000000
vn -0.080902 0.058779 -0.000000
vn -0.083147 0.055557 -0.000000
vn -0.089101 0.045399 -0.000000
vn -0.088192 0.047140 -0.000000
vn -0.092388 0.038268 -0.000000
vn -0.095106 0.030902 -0.000000
vn -0.095694 0.029028 -0.000000
vn -0.098079 0.019509 -0.000000
vn -0.098769 0.015643 -0.000000
vn -0.099518 0.009802 -0.000000
vn -0.098769 0.015643 -0.000000
vn -0.095106 0.030902 -0.000000
vn -0.089101 0.045399 -0.000000
vn -0.080902 0.058779 -0.000000
vn -0.070711 0.070711 -0.000000
vn -0.058779 0.080902 -0.000000
vn -0.045399 0.089101 -0.000000
vn -0.030902 0.095106 -0.000000
vn -0.015643 0.098769 -0.000000
vn -0.098769 -0.015643 0.000000
vn -0.098769 -0.015643 0.000000
vn -0.095106 -0.030902 0.000000
vn -0.095106 -0.030902 0.000000
vn -0.089101 -0.045399 0.000000
vn -0.089101 -0.045399 0.000000
vn -0.080902 -0.058779 0.000000
vn -0.080902 -0.058779 0.000000
vn -0.070711 -0.070711 0.000000
vn -0.070711 -0.070711 0.000000
vn -0.058779 -0.080902 0.000000
vn -0.058779 -0.080902 0.000000
vn -0.045399 -0.089101 0.000000
vn -0.045399 -0.089101 0.000000
vn -0.030902 -0.095106 0.000000
vn -0.030902 -0.095106 0.000000
vn -0.015643 -0.098769 0.000000
vn -0.015643 -0.098769 0.000000
vn 0.000000 -0.100000 0.000000
vn 0.000000 0.000000 0.100000
vn 0.000000 0.000000 0.100000
vn 0.000000 0.000000 0.100000
vn 0.000000 0.000000 0.100000
vn 0.000000 0.000000 0.100000
vn 0.000000 0.000000 0.100000
vn 0.000000 0.000000 0.100000
vn 0.000000 0.000000 0.100000
vn 0.000000 0.000000 0.100000
vn 0.000000 0.000000 0.100000
vn 0.000000 0.000000 0.100000
vn 0.000000 0.000000 0.100000
vn 0.000000 0.000000 0.100000
vn 0.000000 0.000000 0.100000
vn 0.000000 0.000000 0.100000
vn 0.000000 0.000000 0.100000
vn 0.000000 0.000000 0.100000
vn 0.000000 0.000000 0.100000
vn 0.000000 0.000000 0.100000
vn 0.000000 0.000000 0.100000
vn 0.000000 0.000000 0.100000
vn 0.000000 0.000000 0.100000
vn 0.000000 0.000000 0.100000
vn 0.000000 0.000000 0.100000
vn 0.000000 0.000000 0.100000
vn 0.000000 0.000000 0.100000
vn 0.000000 0.000000 0.100000
vn 0.000000 0.000000 0.100000
vn 0.000000 0.000000 0.100000
vn 0.000000 0.000000 0.100000
vn 0.000000 0.000000 0.100000
vn 0.000000 0.000000 0.100000
vn 0.000000 0.000000 0.100000
vn 0.000000 0.000000 0.100000
vn 0.000000 0.000000 0.100000
vn 0.000000 0.000000 0.100000
vn 0.000000 0.000000 0.100000
vn 0.000000 0.000000 0.100000
vn 0.000000 0.000000 0.100000
vn 0.000000 0.000000 0.100000
vn 0.000000 0.000000 0.100000
vn 0.000000 0.000000 0.100000
vn 0.000000 0.000000 0.100000
vn 0.000000 0.000000 0.100000
vn 0.000000 0.000000 0.100000
vn 0.000000 0.000000 0.100000
vn 0.000000 0.000000 0.100000
vn 0.000000 0.000000 0.100000
vn 0.000000 0.000000 0.100000
vn 0.000000 0.000000 0.100000
vn 0.000000 0.000000 0.100000
vn 0.000000 0.000000 0.100000
vn 0.000000 0.000000 0.100000
vn 0.000000 0.000000 0.100000
vn 0.000000 0.000000 0.100000
vn 0.000000 0.000000 0.100000
vn 0.000000 0.000000 0.100000
vn 0.000000 -0.100000 0.000000
vn 0.000000 -0.100000 0.000000
vn 0.000000 -0.100000 0.000000
vn -0.099518 -0.009802 0.000000
vn -0.098769 -0.015643 0.000000
vn -0.098079 -0.019509 0.000000
vn -0.095106 -0.030902 0.000000
vn -0.095694 -0.029028 0.000000
vn -0.092388 -0.038268 0.000000
vn -0.089101 -0.045399 0.000000
vn -0.088192 -0.047140 0.000000
vn -0.083147 -0.055557 0.000000
vn -0.080902 -0.058779 0.000000
vn -0.077301 -0.063439 0.000000
vn -0.070711 -0.070711 0.000000
vn -0.070711 -0.070711 0.000000
vn -0.063439 -0.077301 0.000000
vn -0.058779 -0.080902 0.000000
vn -0.055557 -0.083147 0.000000
vn -0.045399 -0.089101 0.000000
vn -0.047140 -0.088192 0.000000
vn -0.038268 -0.092388 0.000000
vn -0.030902 -0.095106 0.000000
vn -0.029028 -0.095694 0.000000
vn -0.019509 -0.098079 0.000000
vn -0.015643 -0.098769 0.000000
vn -0.009802 -0.099518 0.000000
vn 0.000000 -0.100000 0.000000
vn 0.000000 -0.100000 0.000000
vn -0.015643 -0.098769 0.000000
vn -0.030902 -0.095106 0.000000
vn -0.045399 -0.089101 0.000000
vn -0.058779 -0.080902 0.000000
vn -0.070711 -0.070711 0.000000
vn -0.080902 -0.058779 0.000000
vn -0.089101 -0.045399 0.000000
vn -0.095106 -0.030902 0.000000
vn -0.098769 -0.015643 0.000000
vn -0.098769 0.000000 0.015643
vn -0.098638 0.006960 0.014902
vn -0.098638 0.014902 0.006960
vn -0.098769 0.015643 0.000000
vn -0.093761 0.034068 0.006945
vn -0.095106 0.030902 0.000000
vn -0.089101 0.045399 0.000000
vn -0.087616 0.045595 0.015639
vn -0.085012 0.052544 0.003482
vn -0.079313 0.055999 0.023949
vn -0.076527 0.063435 0.010940
vn -0.069057 0.065025 0.031668
vn -0.066157 0.072763 0.018130
vn -0.057101 0.072449 0.038608
vn -0.054159 0.080300 0.024873
vn -0.043739 0.078090 0.044597
vn -0.040827 0.085860 0.031004
vn -0.029300 0.081807 0.049488
vn -0.026490 0.089305 0.036371
vn -0.014139 0.083511 0.053161
vn -0.011501 0.090552 0.040843
vn 0.000000 0.089101 0.045399
vn 0.000000 0.095106 0.030902
vn -0.095106 0.000000 0.030902
vn -0.093761 0.006945 0.034068
vn -0.094956 0.017141 0.026261
vn -0.087616 0.015639 0.045595
vn -0.088935 0.026900 0.036972
vn -0.079313 0.023949 0.055999
vn -0.080724 0.035997 0.046774
vn -0.069057 0.031668 0.065025
vn -0.070526 0.044208 0.055423
vn -0.057101 0.038608 0.072449
vn -0.058591 0.051330 0.062708
vn -0.043739 0.044597 0.078090
vn -0.045214 0.057188 0.068449
vn -0.029300 0.049488 0.081807
vn -0.030723 0.061638 0.072504
vn -0.014139 0.053161 0.083511
vn -0.015476 0.064570 0.074775
vn 0.000000 0.058779 0.080902
vn 0.000000 0.070711 0.070711
vn -0.089101 0.000000 0.045399
vn -0.085012 0.003482 0.052544
vn -0.080902 0.000000 0.058779
vn -0.076527 0.010940 0.063435
vn -0.070711 0.000000 0.070711
vn -0.066157 0.018130 0.072763
vn -0.061902 0.003943 0.078439
vn -0.049842 0.010480 0.086058
vn -0.058779 0.000000 0.080902
vn -0.045399 0.000000 0.089101
vn -0.030902 0.000000 0.095106
vn -0.031031 0.002233 0.095037
vn -0.036554 0.016759 0.091558
vn -0.054159 0.024873 0.080300
vn -0.015643 0.000000 0.098769
vn -0.017037 0.008608 0.098161
vn -0.022367 0.022626 0.094804
vn -0.040827 0.031004 0.085860
vn -0.026490 0.036371 0.089305
vn -0.002623 0.014771 0.098868
vn -0.007628 0.027935 0.095715
vn -0.011501 0.040843 0.090552
vn 0.000000 0.015643 0.098769
vn 0.000000 0.030902 0.095106
vn 0.000000 0.045399 0.089101
vn -0.015476 0.074775 0.064570
vn 0.000000 0.080902 0.058779
vn -0.007628 0.095715 0.027935
vn 0.000000 0.098769 0.015643
vn -0.002623 0.098868 0.014771
vn -0.000000 0.100000 -0.000000
vn -0.017037 0.098161 0.008608
vn -0.015643 0.098769 -0.000000
vn -0.031031 0.095037 0.002233
vn -0.030902 0.095106 -0.000000
vn -0.045399 0.089101 -0.000000
vn -0.058779 0.080902 -0.000000
vn -0.049842 0.086058 0.010480
vn -0.036554 0.091558 0.016759
vn -0.022367 0.094804 0.022626
vn -0.061902 0.078439 0.003943
vn -0.070711 0.070711 -0.000000
vn -0.080902 0.058779 -0.000000
vn -0.030723 0.072504 0.061638
vn -0.045214 0.068449 0.057188
vn -0.058591 0.062708 0.051330
vn -0.070526 0.055423 0.044208
vn -0.080724 0.046774 0.035997
vn -0.088935 0.036972 0.026900
vn -0.094956 0.026261 0.017141
vn 0.000000 0.015643 0.098769
vn 0.000000 0.015643 0.098769
vn 0.000000 0.030902 0.095106
vn 0.000000 0.030902 0.095106
vn 0.000000 0.045399 0.089101
vn 0.000000 0.045399 0.089101
vn 0.000000 0.058779 0.080902
vn 0.000000 0.058779 0.080902
vn 0.000000 0.070711 0.070711
vn 0.000000 0.070711 0.070711
vn 0.000000 0.080902 0.058779
vn 0.000000 0.080902 0.058779
vn 0.000000 0.089101 0.045399
vn 0.000000 0.089101 0.045399
vn 0.000000 0.095106 0.030902
vn 0.000000 0.095106 0.030902
vn 0.000000 0.098769 0.015643
vn 0.000000 0.098769 0.015643
vn 0.000000 0.100000 0.000000
vn 0.000000 0.100000 0.000000
vn -0.015643 0.098769 -0.000000
vn -0.015643 0.098769 -0.000000
vn -0.030902 0.095106 -0.000000
vn -0.030902 0.095106 -0.000000
vn -0.045399 0.089101 -0.000000
vn -0.045399 0.089101 -0.000000
vn -0.058779 0.080902 -0.000000
vn -0.058779 0.080902 -0.000000
vn -0.070711 0.070711 -0.000000
vn -0.070711 0.070711 -0.000000
vn -0.080902 0.058779 -0.000000
vn -0.080902 0.058779 -0.000000
vn -0.089101 0.045399 -0.000000
vn -0.089101 0.045399 -0.000000
vn -0.095106 0.030902 -0.000000
vn -0.095106 0.030902 -0.000000
vn -0.098769 0.015643 -0.000000
vn -0.098769 0.015643 -0.000000
vn -0.009802 0.000000 0.099518
vn -0.015643 0.000000 0.098769
vn -0.015643 0.000000 0.098769
vn -0.030902 0.000000 0.095106
vn -0.019509 0.000000 0.098079
vn -0.029028 0.000000 0.095694
vn -0.038268 0.000000 0.092388
vn -0.045399 0.000000 0.089101
vn -0.047140 0.000000 0.088192
vn -0.055557 0.000000 0.083147
vn -0.058779 0.000000 0.080902
vn -0.063439 0.000000 0.077301
vn -0.070711 0.000000 0.070711
vn -0.070711 0.000000 0.070711
vn -0.077301 0.000000 0.063439
vn -0.080902 0.000000 0.058779
vn -0.083147 0.000000 0.055557
vn -0.089101 0.000000 0.045399
vn -0.088192 0.000000 0.047140
vn -0.092388 0.000000 0.038268
vn -0.095106 0.000000 0.030902
vn -0.095694 0.000000 0.029028
vn -0.098079 0.000000 0.019509
vn -0.098769 0.000000 0.015643
vn -0.099518 0.000000 0.009802
vn -0.098769 0.000000 0.015643
vn -0.098769 0.000000 0.015643
vn -0.095106 0.000000 0.030902
vn -0.095106 0.000000 0.030902
vn -0.089101 0.000000 0.045399
vn -0.089101 0.000000 0.045399
vn -0.080902 0.000000 0.058779
vn -0.070711 0.000000 0.070711
vn -0.058779 0.000000 0.080902
vn -0.045399 0.000000 0.089101
vn -0.030902 0.000000 0.095106
vn -0.015643 0.000000 0.098769
vn -0.015643 0.000000 0.098769
vn -0.015643 0.000000 0.098769
vn -0.030902 0.000000 0.095106
vn -0.030902 0.000000 0.095106
vn -0.045399 0.000000 0.089101
vn -0.095106 0.000000 0.030902
vn -0.098769 0.000000 0.015643
vn -0.098769 0.000000 0.015643
vn -0.030902 0.000000 0.095106
vn -0.045399 0.000000 0.089101
vn -0.058779 0.000000 0.080902
vn -0.070711 0.000000 0.070711
vn -0.080902 0.000000 0.058779
vn -0.045399 0.000000 0.089101
vn -0.058779 0.000000 0.080902
vn -0.058779 0.000000 0.080902
vn -0.070711 0.000000 0.070711
vn -0.080902 0.000000 0.058779
vn -0.089101 0.000000 0.045399
vn -0.070711 0.000000 0.070711
vn -0.080902 0.000000 0.058779
vn -0.089101 0.000000 0.045399
vn -0.095106 0.000000 0.030902
vn 0.000000 -0.100000 0.000000
vn 0.000000 -0.100000 0.000000
vn 0.000000 -0.100000 -0.000000
vn 0.000000 -0.100000 -0.000000
vn 0.000000 -0.098769 -0.015643
vn 0.000000 -0.098769 -0.015643
vn 0.000000 -0.095106 -0.030902
vn 0.000000 -0.095106 -0.030902
vn 0.000000 -0.089101 -0.045399
vn 0.000000 -0.089101 -0.045399
vn 0.000000 -0.080902 -0.058779
vn 0.000000 -0.080902 -0.058779
vn 0.000000 -0.070711 -0.070711
vn 0.000000 -0.070711 -0.070711
vn 0.000000 -0.058779 -0.080902
vn 0.000000 -0.058779 -0.080902
vn 0.000000 -0.045399 -0.089101
vn 0.000000 -0.045399 -0.089101
vn 0.000000 -0.030902 -0.095106
vn 0.000000 -0.030902 -0.095106
vn 0.000000 -0.015643 -0.098769
vn 0.000000 -0.015643 -0.098769
vn 0.000000 -0.000000 -0.100000
vn 0.000000 -0.000000 -0.100000
vn -0.100000 0.000000 -0.000000
vn -0.098769 0.000000 -0.015643
vn -0.099518 -0.009802 0.000000
vn -0.098293 -0.009681 -0.015643
vn -0.098079 -0.019509 0.000000
vn -0.096871 -0.019269 -0.015643
vn -0.095694 -0.029028 0.000000
vn -0.094516 -0.028671 -0.015643
vn -0.092388 -0.038268 0.000000
vn -0.091251 -0.037797 -0.015643
vn -0.088192 -0.047140 0.000000
vn -0.087106 -0.046559 -0.015643
vn -0.083147 -0.055557 0.000000
vn -0.082123 -0.054873 -0.015643
vn -0.077301 -0.063439 0.000000
vn -0.076349 -0.062658 -0.015643
vn -0.070711 -0.070711 0.000000
vn -0.069840 -0.069840 -0.015643
vn -0.063439 -0.077301 0.000000
vn -0.062658 -0.076349 -0.015643
vn -0.055557 -0.083147 0.000000
vn -0.054873 -0.082123 -0.015643
vn -0.047140 -0.088192 0.000000
vn -0.046559 -0.087106 -0.015643
vn -0.038268 -0.092388 0.000000
vn -0.037797 -0.091251 -0.015643
vn -0.029028 -0.095694 0.000000
vn -0.028671 -0.094516 -0.015643
vn -0.019509 -0.098079 0.000000
vn -0.019269 -0.096871 -0.015643
vn -0.009802 -0.099518 0.000000
vn -0.009681 -0.098293 -0.015643
vn -0.000000 -0.098769 -0.015643
vn -0.000000 -0.095106 -0.030902
vn -0.009322 -0.094648 -0.030902
vn -0.000000 -0.089101 -0.045399
vn -0.008733 -0.088672 -0.045399
vn -0.000000 -0.080902 -0.058779
vn -0.007930 -0.080512 -0.058779
vn -0.000000 -0.070711 -0.070711
vn -0.006931 -0.070370 -0.070711
vn -0.000000 -0.058779 -0.080902
vn -0.005761 -0.058495 -0.080902
vn -0.000000 -0.045399 -0.089101
vn -0.004450 -0.045180 -0.089101
vn -0.000000 -0.030902 -0.095106
vn -0.003029 -0.030753 -0.095106
vn -0.000000 -0.015643 -0.098769
vn -0.001533 -0.015568 -0.098769
vn -0.000000 -0.000000 -0.100000
vn -0.003052 -0.015343 -0.098769
vn -0.000000 -0.000000 -0.100000
vn -0.004541 -0.014970 -0.098769
vn 0.000000 0.000000 -0.100000
vn -0.005986 -0.014453 -0.098769
vn 0.000000 0.000000 -0.100000
vn -0.007374 -0.013796 -0.098769
vn -0.008691 -0.013007 -0.098769
vn -0.014567 -0.027253 -0.095106
vn -0.017168 -0.025694 -0.095106
vn -0.021401 -0.040038 -0.089101
vn -0.025222 -0.037748 -0.089101
vn -0.027708 -0.051838 -0.080902
vn -0.032656 -0.048873 -0.080902
vn -0.033333 -0.062361 -0.070711
vn -0.039285 -0.058794 -0.070711
vn -0.038137 -0.071349 -0.058779
vn -0.044947 -0.067267 -0.058779
vn -0.042002 -0.078580 -0.045399
vn -0.049502 -0.074084 -0.045399
vn -0.044832 -0.083876 -0.030902
vn -0.052838 -0.079077 -0.030902
vn -0.095106 0.000000 -0.030902
vn -0.094648 -0.009322 -0.030902
vn -0.093278 -0.018554 -0.030902
vn -0.091010 -0.027608 -0.030902
vn -0.087866 -0.036395 -0.030902
vn -0.083876 -0.044832 -0.030902
vn -0.079077 -0.052838 -0.030902
vn -0.073518 -0.060334 -0.030902
vn -0.067250 -0.067250 -0.030902
vn -0.060334 -0.073518 -0.030902
vn -0.089101 0.000000 -0.045399
vn -0.088672 -0.008733 -0.045399
vn -0.087389 -0.017383 -0.045399
vn -0.085264 -0.025865 -0.045399
vn -0.082318 -0.034097 -0.045399
vn -0.078580 -0.042002 -0.045399
vn -0.074084 -0.049502 -0.045399
vn -0.068876 -0.056525 -0.045399
vn -0.063004 -0.063004 -0.045399
vn -0.056525 -0.068876 -0.045399
vn -0.080902 0.000000 -0.058779
vn -0.080512 -0.007930 -0.058779
vn -0.079347 -0.015783 -0.058779
vn -0.077418 -0.023485 -0.058779
vn -0.074743 -0.030960 -0.058779
vn -0.071349 -0.038137 -0.058779
vn -0.067267 -0.044947 -0.058779
vn -0.062538 -0.051323 -0.058779
vn -0.057206 -0.057206 -0.058779
vn -0.051323 -0.062538 -0.058779
vn -0.070711 0.000000 -0.070711
vn -0.070370 -0.006931 -0.070711
vn -0.069352 -0.013795 -0.070711
vn -0.067666 -0.020526 -0.070711
vn -0.065328 -0.027060 -0.070711
vn -0.062361 -0.033333 -0.070711
vn -0.058794 -0.039285 -0.070711
vn -0.054660 -0.044858 -0.070711
vn -0.050000 -0.050000 -0.070711
vn -0.044858 -0.054660 -0.070711
vn -0.058779 0.000000 -0.080902
vn -0.058495 -0.005761 -0.080902
vn -0.057649 -0.011467 -0.080902
vn -0.056248 -0.017063 -0.080902
vn -0.054304 -0.022494 -0.080902
vn -0.051838 -0.027708 -0.080902
vn -0.048873 -0.032656 -0.080902
vn -0.045436 -0.037289 -0.080902
vn -0.041563 -0.041563 -0.080902
vn -0.037289 -0.045436 -0.080902
vn -0.045399 0.000000 -0.089101
vn -0.045180 -0.004450 -0.089101
vn -0.044527 -0.008857 -0.089101
vn -0.043444 -0.013179 -0.089101
vn -0.041943 -0.017373 -0.089101
vn -0.040038 -0.021401 -0.089101
vn -0.037748 -0.025222 -0.089101
vn -0.035094 -0.028801 -0.089101
vn -0.032102 -0.032102 -0.089101
vn -0.028801 -0.035094 -0.089101
vn -0.030902 0.000000 -0.095106
vn -0.030753 -0.003029 -0.095106
vn -0.030308 -0.006029 -0.095106
vn -0.029571 -0.008970 -0.095106
vn -0.028549 -0.011826 -0.095106
vn -0.027253 -0.014567 -0.095106
vn -0.025694 -0.017168 -0.095106
vn -0.023887 -0.019604 -0.095106
vn -0.021851 -0.021851 -0.095106
vn -0.019604 -0.023887 -0.095106
vn -0.015643 0.000000 -0.098769
vn -0.015568 -0.001533 -0.098769
vn -0.015343 -0.003052 -0.098769
vn -0.014970 -0.004541 -0.098769
vn -0.014453 -0.005986 -0.098769
vn -0.013796 -0.007374 -0.098769
vn -0.013007 -0.008691 -0.098769
vn -0.012093 -0.009924 -0.098769
vn -0.011062 -0.011062 -0.098769
vn -0.009924 -0.012093 -0.098769
vn -0.000000 0.000000 -0.100000
vn -0.000000 -0.000000 -0.100000
vn 0.000000 0.000000 -0.100000
vn 0.000000 0.000000 -0.100000
vn -0.000000 -0.000000 -0.100000
vn -0.000000 -0.000000 -0.100000
vn -0.000000 -0.000000 -0.100000
vn 0.000000 0.000000 -0.100000
vn 0.000000 0.000000 -0.100000
vn -0.000000 -0.100000 0.000000
vn -0.011826 -0.028549 -0.095106
vn -0.008970 -0.029571 -0.095106
vn -0.006029 -0.030308 -0.095106
vn -0.017373 -0.041943 -0.089101
vn -0.013179 -0.043444 -0.089101
vn -0.008857 -0.044527 -0.089101
vn -0.022494 -0.054304 -0.080902
vn -0.017063 -0.056248 -0.080902
vn -0.011467 -0.057649 -0.080902
vn -0.027060 -0.065328 -0.070711
vn -0.020526 -0.067666 -0.070711
vn -0.013795 -0.069352 -0.070711
vn -0.030960 -0.074743 -0.058779
vn -0.023485 -0.077418 -0.058779
vn -0.015783 -0.079347 -0.058779
vn -0.034097 -0.082318 -0.045399
vn -0.025865 -0.085264 -0.045399
vn -0.017383 -0.087389 -0.045399
vn -0.036395 -0.087866 -0.030902
vn -0.027608 -0.091010 -0.030902
vn -0.018554 -0.093278 -0.030902
vn -0.098769 0.000000 -0.015643
vn -0.098769 0.000000 -0.015643
vn -0.100000 0.000000 -0.000000
vn -0.098769 0.000000 -0.015643
vn -0.098769 0.000000 -0.015643
vn -0.095106 0.000000 -0.030902
vn -0.095106 0.000000 -0.030902
vn -0.089101 0.000000 -0.045399
vn -0.089101 0.000000 -0.045399
vn -0.080902 0.000000 -0.058779
vn -0.080902 0.000000 -0.058779
vn -0.070711 0.000000 -0.070711
vn -0.070711 0.000000 -0.070711
vn -0.058779 0.000000 -0.080902
vn -0.058779 0.000000 -0.080902
vn -0.045399 0.000000 -0.089101
vn -0.045399 0.000000 -0.089101
vn -0.030902 0.000000 -0.095106
vn -0.030902 0.000000 -0.095106
vn -0.015643 0.000000 -0.098769
vn -0.015643 0.000000 -0.098769
vn -0.015643 0.000000 -0.098769
vn -0.015643 0.000000 -0.098769
vn -0.030902 0.000000 -0.095106
vn -0.030902 0.000000 -0.095106
vn -0.045399 0.000000 -0.089101
vn -0.045399 0.000000 -0.089101
vn -0.058779 0.000000 -0.080902
vn -0.058779 0.000000 -0.080902
vn -0.070711 0.000000 -0.070711
vn -0.070711 0.000000 -0.070711
vn -0.080902 0.000000 -0.058779
vn -0.080902 0.000000 -0.058779
vn -0.089101 0.000000 -0.045399
vn -0.089101 0.000000 -0.045399
vn -0.095106 0.000000 -0.030902
vn -0.095106 0.000000 -0.030902
vn -0.098769 0.000000 -0.015643
vn -0.098769 0.000000 -0.015643
vn -0.098769 0.000000 -0.015643
vn -0.098769 0.000000 -0.015643
vn -0.095106 0.000000 -0.030902
vn -0.095106 0.000000 -0.030902
vn -0.089101 0.000000 -0.045399
vn -0.080902 0.000000 -0.058779
vn -0.070711 0.000000 -0.070711
vn -0.058779 0.000000 -0.080902
vn -0.045399 0.000000 -0.089101
vn -0.030902 0.000000 -0.095106
vn -0.015643 0.000000 -0.098769
vn -0.015643 0.000000 -0.098769
vn -0.015643 0.000000 -0.098769
vn -0.030902 0.000000 -0.095106
vn -0.095106 0.000000 -0.030902
vn -0.095106 0.000000 -0.030902
vn -0.089101 0.000000 -0.045399
vn -0.089101 0.000000 -0.045399
vn -0.080902 0.000000 -0.058779
vn -0.080902 0.000000 -0.058779
vn -0.070711 0.000000 -0.070711
vn -0.070711 0.000000 -0.070711
vn -0.058779 0.000000 -0.080902
vn -0.058779 0.000000 -0.080902
vn -0.045399 0.000000 -0.089101
vn -0.045399 0.000000 -0.089101
vn -0.030902 0.000000 -0.095106
vn -0.030902 0.000000 -0.095106
vn -0.015643 0.000000 -0.098769
vn -0.015643 0.000000 -0.098769
vn -0.000000 0.000000 -0.100000
vn -0.015643 0.000000 -0.098769
vn -0.015643 0.000000 -0.098769
vn -0.015643 0.000000 -0.098769
vn -0.030902 0.000000 -0.095106
vn -0.030902 0.000000 -0.095106
vn -0.045399 0.000000 -0.089101
vn -0.045399 0.000000 -0.089101
vn -0.058779 0.000000 -0.080902
vn -0.058779 0.000000 -0.080902
vn -0.070711 0.000000 -0.070711
vn -0.070711 0.000000 -0.070711
vn -0.080902 0.000000 -0.058779
vn -0.098769 0.000000 -0.015643
vn -0.098769 0.000000 -0.015643
vn -0.098769 0.000000 -0.015643
vn -0.098769 0.000000 -0.015643
vn -0.095106 0.000000 -0.030902
vn -0.095106 0.000000 -0.030902
vn -0.089101 0.000000 -0.045399
vn -0.098769 0.000000 -0.015643
vn -0.098769 0.000000 -0.015643
vn -0.098769 0.000000 -0.015643
vn -0.095106 0.000000 -0.030902
vn -0.095106 0.000000 -0.030902
vn -0.089101 0.000000 -0.045399
vn -0.089101 0.000000 -0.045399
vn -0.080902 0.000000 -0.058779
vn -0.080902 0.000000 -0.058779
vn -0.070711 0.000000 -0.070711
vn -0.070711 0.000000 -0.070711
vn -0.058779 0.000000 -0.080902
vn -0.058779 0.000000 -0.080902
vn -0.045399 0.000000 -0.089101
vn -0.095106 0.000000 -0.030902
vn -0.098769 0.000000 -0.015643
vn -0.098769 0.000000 -0.015643
vn -0.095106 0.000000 -0.030902
vn -0.095106 0.000000 -0.030902
vn -0.089101 0.000000 -0.045399
vn -0.089101 0.000000 -0.045399
vn -0.080902 0.000000 -0.058779
vn -0.095106 0.000000 -0.030902
vn -0.095106 0.000000 -0.030902
vn -0.089101 0.000000 -0.045399
vn -0.080902 0.000000 -0.058779
vn -0.070711 0.000000 -0.070711
vn -0.058779 0.000000 -0.080902
vn -0.045399 0.000000 -0.089101
vn -0.089101 0.000000 -0.045399
vn -0.080902 0.000000 -0.058779
vn -0.070711 0.000000 -0.070711
vn -0.058779 0.000000 -0.080902
vn -0.045399 0.000000 -0.089101
vn -0.030902 0.000000 -0.095106
vn -0.015643 0.000000 -0.098769
vn -0.089101 0.000000 -0.045399
vn -0.089101 0.000000 -0.045399
vn -0.089101 0.000000 -0.045399
vn -0.080902 0.000000 -0.058779
vn -0.080902 0.000000 -0.058779
vn -0.080902 0.000000 -0.058779
vn -0.080902 0.000000 -0.058779
vn -0.070711 0.000000 -0.070711
vn -0.058779 0.000000 -0.080902
vn -0.045399 0.000000 -0.089101
vn -0.030902 0.000000 -0.095106
vn -0.070711 0.000000 -0.070711
vn -0.058779 0.000000 -0.080902
vn -0.045399 0.000000 -0.089101
vn -0.030902 0.000000 -0.095106
vn -0.070711 0.000000 -0.070711
vn -0.070711 0.000000 -0.070711
vn -0.058779 0.000000 -0.080902
vn -0.045399 0.000000 -0.089101
vn -0.030902 0.000000 -0.095106
vn -0.015643 0.000000 -0.098769
vn -0.058779 0.000000 -0.080902
vn -0.045399 0.000000 -0.089101
vn -0.030902 0.000000 -0.095106
vn -0.015643 0.000000 -0.098769
vn -0.045399 0.000000 -0.089101
vn -0.030902 0.000000 -0.095106
vn -0.015643 0.000000 -0.098769
vn -0.030902 0.000000 -0.095106
vn -0.015643 0.000000 -0.098769
vn -0.000000 0.100000 0.000000
vn -0.000000 0.098769 -0.015643
vn -0.009802 0.099518 0.000000
vn -0.009681 0.098293 -0.015643
vn -0.019509 0.098079 0.000000
vn -0.019269 0.096871 -0.015643
vn -0.029028 0.095694 0.000000
vn -0.028671 0.094516 -0.015643
vn -0.038268 0.092388 0.000000
vn -0.037797 0.091251 -0.015643
vn -0.047140 0.088192 0.000000
vn -0.046559 0.087106 -0.015643
vn -0.055557 0.083147 0.000000
vn -0.054873 0.082123 -0.015643
vn -0.063439 0.077301 0.000000
vn -0.062658 0.076349 -0.015643
vn -0.070711 0.070711 0.000000
vn -0.069840 0.069840 -0.015643
vn -0.077301 0.063439 0.000000
vn -0.076349 0.062658 -0.015643
vn -0.083147 0.055557 0.000000
vn -0.082123 0.054873 -0.015643
vn -0.088192 0.047140 0.000000
vn -0.087106 0.046559 -0.015643
vn -0.092388 0.038268 0.000000
vn -0.091251 0.037797 -0.015643
vn -0.095694 0.029028 0.000000
vn -0.094516 0.028671 -0.015643
vn -0.098079 0.019509 0.000000
vn -0.096871 0.019269 -0.015643
vn -0.099518 0.009802 0.000000
vn -0.098293 0.009681 -0.015643
vn -0.094648 0.009322 -0.030902
vn -0.088672 0.008733 -0.045399
vn -0.080512 0.007930 -0.058779
vn -0.070370 0.006931 -0.070711
vn -0.058495 0.005761 -0.080902
vn -0.045180 0.004450 -0.089101
vn -0.030753 0.003029 -0.095106
vn -0.015568 0.001533 -0.098769
vn 0.000000 -0.000000 -0.100000
vn -0.015343 0.003052 -0.098769
vn 0.000000 -0.000000 -0.100000
vn -0.014970 0.004541 -0.098769
vn -0.000000 0.000000 -0.100000
vn -0.014453 0.005986 -0.098769
vn -0.000000 0.000000 -0.100000
vn -0.013796 0.007374 -0.098769
vn -0.013007 0.008691 -0.098769
vn -0.027253 0.014567 -0.095106
vn -0.025694 0.017168 -0.095106
vn -0.040038 0.021401 -0.089101
vn -0.037748 0.025222 -0.089101
vn -0.051838 0.027708 -0.080902
vn -0.048873 0.032656 -0.080902
vn -0.062361 0.033333 -0.070711
vn -0.058794 0.039285 -0.070711
vn -0.071349 0.038137 -0.058779
vn -0.067267 0.044947 -0.058779
vn -0.078580 0.042002 -0.045399
vn -0.074084 0.049502 -0.045399
vn -0.083876 0.044832 -0.030902
vn -0.079077 0.052838 -0.030902
vn -0.000000 0.095106 -0.030902
vn -0.009322 0.094648 -0.030902
vn -0.018554 0.093278 -0.030902
vn -0.027608 0.091010 -0.030902
vn -0.036395 0.087866 -0.030902
vn -0.044832 0.083876 -0.030902
vn -0.052838 0.079077 -0.030902
vn -0.060334 0.073518 -0.030902
vn -0.067250 0.067250 -0.030902
vn -0.073518 0.060334 -0.030902
vn -0.000000 0.089101 -0.045399
vn -0.008733 0.088672 -0.045399
vn -0.017383 0.087389 -0.045399
vn -0.025865 0.085264 -0.045399
vn -0.034097 0.082318 -0.045399
vn -0.042002 0.078580 -0.045399
vn -0.049502 0.074084 -0.045399
vn -0.056525 0.068876 -0.045399
vn -0.063004 0.063004 -0.045399
vn -0.068876 0.056525 -0.045399
vn -0.000000 0.080902 -0.058779
vn -0.007930 0.080512 -0.058779
vn -0.015783 0.079347 -0.058779
vn -0.023485 0.077418 -0.058779
vn -0.030960 0.074743 -0.058779
vn -0.038137 0.071349 -0.058779
vn -0.044947 0.067267 -0.058779
vn -0.051323 0.062538 -0.058779
vn -0.057206 0.057206 -0.058779
vn -0.062538 0.051323 -0.058779
vn -0.000000 0.070711 -0.070711
vn -0.006931 0.070370 -0.070711
vn -0.013795 0.069352 -0.070711
vn -0.020526 0.067666 -0.070711
vn -0.027060 0.065328 -0.070711
vn -0.033333 0.062361 -0.070711
vn -0.039285 0.058794 -0.070711
vn -0.044858 0.054660 -0.070711
vn -0.050000 0.050000 -0.070711
vn -0.054660 0.044858 -0.070711
vn -0.000000 0.058779 -0.080902
vn -0.005761 0.058495 -0.080902
vn -0.011467 0.057649 -0.080902
vn -0.017063 0.056248 -0.080902
vn -0.022494 0.054304 -0.080902
vn -0.027708 0.051838 -0.080902
vn -0.032656 0.048873 -0.080902
vn -0.037289 0.045436 -0.080902
vn -0.041563 0.041563 -0.080902
vn -0.045436 0.037289 -0.080902
vn -0.000000 0.045399 -0.089101
vn -0.004450 0.045180 -0.089101
vn -0.008857 0.044527 -0.089101
vn -0.013179 0.043444 -0.089101
vn -0.017373 0.041943 -0.089101
vn -0.021401 0.040038 -0.089101
vn -0.025222 0.037748 -0.089101
vn -0.028801 0.035094 -0.089101
vn -0.032102 0.032102 -0.089101
vn -0.035094 0.028801 -0.089101
vn -0.000000 0.030902 -0.095106
vn -0.003029 0.030753 -0.095106
vn -0.006029 0.030308 -0.095106
vn -0.008970 0.029571 -0.095106
vn -0.011826 0.028549 -0.095106
vn -0.014567 0.027253 -0.095106
vn -0.017168 0.025694 -0.095106
vn -0.019604 0.023887 -0.095106
vn -0.021851 0.021851 -0.095106
vn -0.023887 0.019604 -0.095106
vn -0.000000 0.015643 -0.098769
vn -0.001533 0.015568 -0.098769
vn -0.003052 0.015343 -0.098769
vn -0.004541 0.014970 -0.098769
vn -0.005986 0.014453 -0.098769
vn -0.007374 0.013796 -0.098769
vn -0.008691 0.013007 -0.098769
vn -0.009924 0.012093 -0.098769
vn -0.011062 0.011062 -0.098769
vn -0.012093 0.009924 -0.098769
vn 0.000000 -0.000000 -0.100000
vn 0.000000 -0.000000 -0.100000
vn -0.000000 0.000000 -0.100000
vn -0.000000 0.000000 -0.100000
vn 0.000000 -0.000000 -0.100000
vn -0.000000 0.000000 -0.100000
vn -0.000000 0.000000 -0.100000
vn 0.000000 -0.000000 -0.100000
vn 0.000000 -0.000000 -0.100000
vn -0.028549 0.011826 -0.095106
vn -0.029571 0.008970 -0.095106
vn -0.030308 0.006029 -0.095106
vn -0.041943 0.017373 -0.089101
vn -0.043444 0.013179 -0.089101
vn -0.044527 0.008857 -0.089101
vn -0.054304 0.022494 -0.080902
vn -0.056248 0.017063 -0.080902
vn -0.057649 0.011467 -0.080902
vn -0.065328 0.027060 -0.070711
vn -0.067666 0.020526 -0.070711
vn -0.069352 0.013795 -0.070711
vn -0.074743 0.030960 -0.058779
vn -0.077418 0.023485 -0.058779
vn -0.079347 0.015783 -0.058779
vn -0.082318 0.034097 -0.045399
vn -0.085264 0.025865 -0.045399
vn -0.087389 0.017383 -0.045399
vn -0.087866 0.036395 -0.030902
vn -0.091010 0.027608 -0.030902
vn -0.093278 0.018554 -0.030902
vn 0.000000 0.100000 -0.000000
vn 0.000000 0.098769 -0.015643
vn 0.000000 0.100000 -0.000000
vn 0.000000 0.098769 -0.015643
vn 0.000000 0.095106 -0.030902
vn 0.000000 0.095106 -0.030902
vn 0.000000 0.089101 -0.045399
vn 0.000000 0.089101 -0.045399
vn 0.000000 0.080902 -0.058779
vn 0.000000 0.080902 -0.058779
vn 0.000000 0.070711 -0.070711
vn 0.000000 0.070711 -0.070711
vn 0.000000 0.058779 -0.080902
vn 0.000000 0.058779 -0.080902
vn 0.000000 0.045399 -0.089101
vn 0.000000 0.045399 -0.089101
vn 0.000000 0.030902 -0.095106
vn 0.000000 0.030902 -0.095106
vn 0.000000 0.015643 -0.098769
vn 0.000000 0.015643 -0.098769
vn 0.000000 0.000000 -0.100000
vn 0.000000 0.100000 0.000000
vn 0.000000 0.100000 0.000000
vn -0.000000 0.100000 0.000000
vn -0.009802 0.099518 0.000000
vn -0.019509 0.098079 0.000000
vn -0.029028 0.095694 0.000000
vn -0.038268 0.092388 0.000000
vn -0.047140 0.088192 0.000000
vn -0.055557 0.083147 0.000000
vn -0.063439 0.077301 0.000000
vn -0.070711 0.070711 0.000000
vn -0.077301 0.063439 0.000000
vn -0.083147 0.055557 0.000000
vn -0.088192 0.047140 0.000000
vn -0.092388 0.038268 0.000000
vn -0.095694 0.029028 0.000000
vn -0.098079 0.019509 0.000000
vn -0.099518 0.009802 0.000000
vn -0.100000 0.000000 0.000000
vn -0.100000 0.000000 0.000000
vn -0.100000 0.000000 0.000000
vn -0.100000 0.000000 0.000000
vn -0.099518 -0.009802 0.000000
vn -0.098079 -0.019509 0.000000
vn -0.095694 -0.029028 0.000000
vn -0.092388 -0.038268 0.000000
vn -0.088192 -0.047140 0.000000
vn -0.083147 -0.055557 0.000000
vn -0.077301 -0.063439 0.000000
vn -0.070711 -0.070711 0.000000
vn -0.063439 -0.077301 0.000000
vn -0.055557 -0.083147 0.000000
vn -0.047140 -0.088192 0.000000
vn -0.038268 -0.092388 0.000000
vn -0.029028 -0.095694 0.000000
vn -0.019509 -0.098079 0.000000
vn -0.009802 -0.099518 0.000000
vn -0.000000 -0.100000 0.000000
vn 0.000000 -0.100000 0.000000
vn 0.000000 -0.100000 0.000000
vn -0.100000 -0.000000 0.000000
vn -0.100000 -0.000000 0.000000
vn -0.100000 -0.000000 0.000000
vn -0.100000 -0.000000 0.000000
vn -0.100000 -0.000000 0.000000
vn -0.100000 -0.000000 0.000000
vn -0.100000 -0.000000 0.000000
vn -0.100000 -0.000000 0.000000
vn -0.100000 -0.000000 0.000000
vn -0.100000 -0.000000 0.000000
vn -0.100000 -0.000000 0.000000
vn -0.100000 -0.000000 0.000000
vn -0.100000 -0.000000 0.000000
vn -0.100000 -0.000000 0.000000
vn -0.100000 0.000000 -0.000000
vn -0.100000 0.000000 -0.000000
vn -0.100000 0.000000 -0.000000
vn -0.100000 0.000000 -0.000000
vn -0.100000 0.000000 -0.000000
vn -0.100000 0.000000 -0.000000
vn -0.100000 0.000000 -0.000000
vn -0.100000 0.000000 -0.000000
vn -0.100000 0.000000 -0.000000
vn -0.100000 0.000000 -0.000000
vn -0.100000 0.000000 -0.000000
vn -0.100000 0.000000 -0.000000
vn -0.100000 0.000000 -0.000000
vn -0.100000 0.000000 -0.000000
vn -0.000000 0.100000 0.000000
vn -0.000000 0.100000 0.000000
vn -0.009802 0.099518 0.000000
vn -0.009802 0.099518 0.000000
vn -0.019509 0.098079 0.000000
vn -0.019509 0.098079 0.000000
vn -0.029028 0.095694 0.000000
vn -0.029028 0.095694 0.000000
vn -0.038268 0.092388 0.000000
vn -0.038268 0.092388 0.000000
vn -0.047140 0.088192 0.000000
vn -0.047140 0.088192 0.000000
vn -0.055557 0.083147 0.000000
vn -0.055557 0.083147 0.000000
vn -0.063439 0.077301 0.000000
vn -0.063439 0.077301 0.000000
vn -0.070711 0.070711 0.000000
vn -0.070711 0.070711 0.000000
vn -0.077301 0.063439 0.000000
vn -0.077301 0.063439 0.000000
vn -0.083147 0.055557 0.000000
vn -0.083147 0.055557 0.000000
vn -0.088192 0.047140 0.000000
vn -0.088192 0.047140 0.000000
vn -0.092388 0.038268 0.000000
vn -0.092388 0.038268 0.000000
vn -0.095694 0.029028 0.000000
vn -0.095694 0.029028 0.000000
vn -0.098079 0.019509 0.000000
vn -0.098079 0.019509 0.000000
vn -0.099518 0.009802 0.000000
vn -0.099518 0.009802 0.000000
vn -0.100000 0.000000 0.000000
vn -0.100000 0.000000 0.000000
vn -0.099518 0.009802 0.000000
vn -0.098079 0.019509 0.000000
vn -0.095694 0.029028 0.000000
vn -0.092388 0.038268 0.000000
vn -0.088192 0.047140 0.000000
vn -0.083147 0.055557 0.000000
vn -0.077301 0.063439 0.000000
vn -0.070711 0.070711 0.000000
vn -0.063439 0.077301 0.000000
vn -0.055557 0.083147 0.000000
vn -0.047140 0.088192 0.000000
vn -0.038268 0.092388 0.000000
vn -0.029028 0.095694 0.000000
vn -0.019509 0.098079 0.000000
vn -0.009802 0.099518 0.000000
vn -0.100000 0.000000 0.000000
vn -0.100000 0.000000 0.000000
vn 0.000000 0.000000 0.100000
vn 0.000000 0.000000 0.100000
vn 0.000000 0.000000 0.100000
vn 0.000000 0.000000 0.100000
vn 0.000000 0.000000 0.100000
vn 0.000000 0.000000 0.100000
vn 0.000000 0.000000 0.100000
vn 0.000000 0.000000 0.100000
vn 0.000000 0.000000 0.100000
vn 0.000000 0.000000 0.100000
vn 0.000000 0.000000 0.100000
vn 0.000000 0.000000 0.100000
vn 0.000000 0.000000 0.100000
vn 0.000000 0.000000 0.100000
vn 0.000000 0.000000 0.100000
vn 0.000000 0.000000 0.100000
vn 0.000000 0.000000 0.100000
vn 0.000000 0.000000 0.100000
vn 0.000000 0.000000 0.100000
vn 0.000000 0.000000 0.100000
vn 0.000000 0.000000 0.100000
vn 0.000000 0.000000 0.100000
vn 0.000000 0.000000 0.100000
vn 0.000000 0.000000 0.100000
vn 0.000000 0.000000 0.100000
vn 0.000000 0.000000 0.100000
vn 0.000000 0.000000 0.100000
vn 0.000000 0.000000 0.100000
vn 0.000000 0.000000 0.100000
vn 0.000000 0.000000 0.100000
vn 0.000000 0.000000 0.100000
vn 0.000000 0.000000 0.100000
vn 0.000000 0.000000 0.100000
vn 0.000000 0.000000 0.100000
vn 0.000000 0.000000 0.100000
vn 0.000000 0.000000 0.100000
vn 0.000000 0.000000 0.100000
vn 0.000000 0.000000 0.100000
vn 0.000000 0.000000 0.100000
vn 0.000000 0.000000 0.100000
vn 0.000000 0.000000 0.100000
vn 0.000000 0.000000 0.100000
vn 0.000000 0.000000 0.100000
vn 0.000000 0.000000 0.100000
vn 0.000000 0.000000 0.100000
vn 0.000000 0.000000 0.100000
vn 0.000000 0.000000 0.100000
vn 0.000000 0.000000 0.100000
vn 0.000000 0.000000 0.100000
vn 0.000000 0.000000 0.100000
vn 0.000000 0.000000 0.100000
vn 0.000000 0.000000 0.100000
vn 0.000000 0.000000 0.100000
vn 0.000000 0.000000 0.100000
vn 0.000000 0.000000 0.100000
vn 0.000000 0.000000 0.100000
vn 0.000000 0.000000 0.100000
vn 0.000000 0.000000 0.100000
vn 0.000000 0.000000 0.100000
vn 0.000000 0.000000 0.100000
vn 0.000000 0.000000 0.100000
vn 0.000000 0.000000 0.100000
vn 0.000000 0.000000 0.100000
vn 0.000000 0.000000 0.100000
vn 0.000000 0.000000 0.100000
vn 0.000000 0.000000 0.100000
vn 0.000000 0.000000 0.100000
vn 0.000000 0.000000 0.100000
vn 0.000000 0.000000 0.100000
vn 0.000000 0.000000 0.100000
vn 0.000000 0.000000 0.100000
vn 0.000000 0.000000 0.100000
vn 0.000000 0.000000 0.100000
vn 0.000000 0.000000 0.100000
vn 0.000000 0.000000 0.100000
vn 0.000000 0.000000 0.100000
vn 0.000000 0.000000 0.100000
vn 0.000000 0.000000 0.100000
vn 0.000000 0.000000 0.100000
vn 0.000000 0.000000 0.100000
vn 0.000000 0.000000 0.100000
vn 0.000000 0.000000 0.100000
vn 0.000000 0.000000 0.100000
vn 0.000000 0.000000 0.100000
vn 0.000000 0.000000 0.100000
vn 0.000000 0.000000 0.100000
vn 0.000000 0.000000 0.100000
vn 0.000000 0.000000 0.100000
vn 0.000000 0.000000 0.100000
vn 0.000000 0.000000 0.100000
vn 0.000000 0.000000 0.100000
vn 0.000000 0.000000 0.100000
vn 0.000000 0.000000 0.100000
vn 0.000000 0.000000 0.100000
vn 0.000000 0.000000 0.100000
vn 0.000000 0.000000 0.100000
vn 0.000000 0.000000 0.100000
vn 0.000000 0.000000 0.100000
vn 0.000000 0.000000 0.100000
vn 0.000000 0.000000 0.100000
vn 0.000000 0.000000 0.100000
vn 0.000000 0.000000 0.100000
vn 0.000000 0.000000 0.100000
vn 0.000000 0.000000 0.100000
vn 0.000000 0.000000 0.100000
vn 0.000000 0.000000 0.100000
vn 0.000000 0.000000 0.100000
vn 0.000000 0.000000 0.100000
vn 0.000000 0.000000 0.100000
vn 0.000000 0.000000 0.100000
vn 0.000000 0.000000 0.100000
vn 0.000000 0.000000 0.100000
vn 0.000000 0.000000 0.100000
vn 0.000000 0.000000 0.100000
vn 0.000000 0.000000 0.100000
vn 0.000000 0.000000 0.100000
vn 0.000000 0.000000 0.100000
vn 0.000000 0.000000 0.100000
vn 0.000000 0.000000 0.100000
vn 0.000000 0.000000 0.100000
vn 0.000000 0.000000 0.100000
vn 0.000000 0.000000 0.100000
vn 0.000000 0.000000 0.100000
vn 0.000000 0.000000 0.100000
vn 0.000000 0.000000 0.100000
vn 0.000000 0.000000 0.100000
vn 0.000000 0.000000 0.100000
vn 0.000000 0.000000 0.100000
vn 0.000000 0.000000 0.100000
vn 0.000000 0.000000 0.100000
vn 0.000000 0.000000 0.100000
vn 0.000000 0.000000 0.100000
vn 0.000000 0.000000 0.100000
vn 0.000000 0.000000 0.100000
vn 0.000000 0.000000 0.100000
vn 0.000000 0.000000 0.100000
vn 0.000000 0.000000 0.100000
vn 0.000000 0.000000 0.100000
vn 0.000000 0.000000 0.100000
vn 0.000000 0.000000 0.100000
vn 0.000000 0.000000 0.100000
vn 0.000000 0.000000 0.100000
vn 0.000000 0.000000 0.100000
vn 0.000000 0.000000 0.100000
vn 0.000000 0.000000 0.100000
vn 0.000000 0.000000 0.100000
vn 0.000000 0.000000 0.100000
vn 0.000000 0.000000 0.100000
vn 0.000000 0.000000 0.100000
vn 0.000000 0.000000 0.100000
vn 0.000000 0.000000 0.100000
vn 0.000000 0.000000 0.100000
vn 0.000000 0.000000 0.100000
vn 0.000000 0.000000 0.100000
vn 0.000000 0.000000 0.100000
vn 0.000000 0.000000 0.100000
vn 0.000000 0.000000 0.100000
vn 0.000000 0.000000 0.100000
vn 0.000000 0.000000 0.100000
vn 0.000000 0.000000 0.100000
vn 0.000000 0.000000 0.100000
vn 0.000000 0.000000 0.100000
vn 0.000000 0.000000 0.100000
vn 0.000000 0.000000 0.100000
vn 0.000000 0.000000 0.100000
vn 0.000000 0.000000 0.100000
vn 0.000000 0.000000 0.100000
vn 0.000000 0.000000 0.100000
vn 0.000000 0.000000 0.100000
vn 0.000000 0.000000 0.100000
vn 0.000000 0.100000 0.000000
vn 0.000000 0.100000 0.000000
vn -0.012054 0.099271 -0.000000
vn -0.012054 0.099271 -0.000000
vn -0.023932 0.097094 -0.000000
vn -0.023932 0.097094 -0.000000
vn -0.035460 0.093502 -0.000000
vn -0.035460 0.093502 -0.000000
vn -0.046472 0.088546 -0.000000
vn -0.046472 0.088546 -0.000000
vn -0.056806 0.082298 -0.000000
vn -0.056806 0.082298 -0.000000
vn -0.066312 0.074851 -0.000000
vn -0.066312 0.074851 -0.000000
vn -0.074851 0.066312 -0.000000
vn -0.074851 0.066312 -0.000000
vn -0.082298 0.056806 -0.000000
vn -0.082298 0.056806 -0.000000
vn -0.088546 0.046472 -0.000000
vn -0.088546 0.046472 -0.000000
vn -0.093502 0.035460 -0.000000
vn -0.093502 0.035460 -0.000000
vn -0.097094 0.023932 -0.000000
vn -0.097094 0.023932 -0.000000
vn -0.099271 0.012054 -0.000000
vn -0.099271 0.012054 -0.000000
vn -0.100000 0.000000 0.000000
vn -0.100000 0.000000 0.000000
vn -0.099271 -0.012054 0.000000
vn -0.099271 -0.012054 0.000000
vn -0.097094 -0.023932 0.000000
vn -0.097094 -0.023932 0.000000
vn -0.093502 -0.035460 0.000000
vn -0.093502 -0.035460 0.000000
vn -0.088546 -0.046472 0.000000
vn -0.088546 -0.046472 0.000000
vn -0.082298 -0.056806 0.000000
vn -0.082298 -0.056806 0.000000
vn -0.074851 -0.066312 0.000000
vn -0.074851 -0.066312 0.000000
vn -0.066312 -0.074851 0.000000
vn -0.066312 -0.074851 0.000000
vn -0.056806 -0.082298 0.000000
vn -0.056806 -0.082298 0.000000
vn -0.046472 -0.088546 0.000000
vn -0.046472 -0.088546 0.000000
vn -0.035460 -0.093502 0.000000
vn -0.035460 -0.093502 0.000000
vn -0.023932 -0.097094 0.000000
vn -0.023932 -0.097094 0.000000
vn -0.012054 -0.099271 0.000000
vn -0.012054 -0.099271 0.000000
vn -0.012054 -0.099271 0.000000
vn -0.023932 -0.097094 0.000000
vn -0.035460 -0.093502 0.000000
vn -0.046472 -0.088546 0.000000
vn -0.056806 -0.082298 0.000000
vn -0.066312 -0.074851 0.000000
vn -0.074851 -0.066312 0.000000
vn -0.082298 -0.056806 0.000000
vn -0.088546 -0.046472 0.000000
vn -0.093502 -0.035460 0.000000
vn -0.097094 -0.023932 0.000000
vn -0.099271 -0.012054 0.000000
vn -0.100000 0.000000 0.000000
vn -0.099271 0.012054 -0.000000
vn -0.097094 0.023932 -0.000000
vn -0.093502 0.035460 -0.000000
vn -0.088546 0.046472 -0.000000
vn -0.082298 0.056806 -0.000000
vn -0.074851 0.066312 -0.000000
vn -0.066312 0.074851 -0.000000
vn -0.056806 0.082298 -0.000000
vn -0.046472 0.088546 -0.000000
vn -0.035460 0.093502 -0.000000
vn -0.023932 0.097094 -0.000000
vn -0.012054 0.099271 -0.000000
vn -0.000000 0.100000 -0.000000
vn -0.000000 0.100000 -0.000000
vn -0.012054 0.099271 -0.000000
vn -0.012054 0.099271 -0.000000
vn -0.023932 0.097094 -0.000000
vn -0.023932 0.097094 -0.000000
vn -0.035460 0.093502 -0.000000
vn -0.035460 0.093502 -0.000000
vn -0.046472 0.088546 -0.000000
vn -0.046472 0.088546 -0.000000
vn -0.056806 0.082298 -0.000000
vn -0.056806 0.082298 -0.000000
vn -0.066312 0.074851 -0.000000
vn -0.066312 0.074851 -0.000000
vn -0.074851 0.066312 -0.000000
vn -0.074851 0.066312 -0.000000
vn -0.082298 0.056806 -0.000000
vn -0.082298 0.056806 -0.000000
vn -0.088546 0.046472 -0.000000
vn -0.088546 0.046472 -0.000000
vn -0.093502 0.035460 -0.000000
vn -0.093502 0.035460 -0.000000
vn -0.097094 0.023932 -0.000000
vn -0.097094 0.023932 -0.000000
vn -0.099271 0.012054 -0.000000
vn -0.099271 0.012054 -0.000000
vn -0.100000 0.000000 0.000000
vn -0.100000 0.000000 0.000000
vn -0.099271 -0.012054 0.000000
vn -0.099271 -0.012054 0.000000
vn -0.097094 -0.023932 0.000000
vn -0.097094 -0.023932 0.000000
vn -0.093502 -0.035460 0.000000
vn -0.093502 -0.035460 0.000000
vn -0.088546 -0.046472 0.000000
vn -0.088546 -0.046472 0.000000
vn -0.082298 -0.056806 0.000000
vn -0.082298 -0.056806 0.000000
vn -0.074851 -0.066312 0.000000
vn -0.074851 -0.066312 0.000000
vn -0.066312 -0.074851 0.000000
vn -0.066312 -0.074851 0.000000
vn -0.056806 -0.082298 0.000000
vn -0.056806 -0.082298 0.000000
vn -0.046472 -0.088546 0.000000
vn -0.046472 -0.088546 0.000000
vn -0.035460 -0.093502 0.000000
vn -0.035460 -0.093502 0.000000
vn -0.023932 -0.097094 0.000000
vn -0.023932 -0.097094 0.000000
vn -0.012054 -0.099271 0.000000
vn -0.012054 -0.099271 0.000000
vn -0.000000 -0.100000 0.000000
vn -0.000000 -0.100000 0.000000
vn -0.012054 -0.099271 0.000000
vn -0.023932 -0.097094 0.000000
vn -0.035460 -0.093502 0.000000
vn -0.046472 -0.088546 0.000000
vn -0.056806 -0.082298 0.000000
vn -0.066312 -0.074851 0.000000
vn -0.074851 -0.066312 0.000000
vn -0.082298 -0.056806 0.000000
vn -0.088546 -0.046472 0.000000
vn -0.093502 -0.035460 0.000000
vn -0.097094 -0.023932 0.000000
vn -0.099271 -0.012054 0.000000
vn -0.100000 0.000000 0.000000
vn -0.099271 0.012054 -0.000000
vn -0.097094 0.023932 -0.000000
vn -0.093502 0.035460 -0.000000
vn -0.088546 0.046472 -0.000000
vn -0.082298 0.056806 -0.000000
vn -0.074851 0.066312 -0.000000
vn -0.066312 0.074851 -0.000000
vn -0.056806 0.082298 -0.000000
vn -0.046472 0.088546 -0.000000
vn -0.035460 0.093502 -0.000000
vn -0.023932 0.097094 -0.000000
vn -0.012054 0.099271 -0.000000
vn -0.098481 -0.017365 0.000000
vn -0.098481 -0.017365 0.000000
vn -0.100000 0.000000 0.000000
vn -0.100000 0.000000 0.000000
vn -0.098481 0.017365 0.000000
vn -0.098481 0.017365 0.000000
vn -0.093969 0.034202 0.000000
vn -0.093969 0.034202 0.000000
vn -0.086603 0.050000 0.000000
vn -0.086603 0.050000 0.000000
vn -0.076604 0.064279 0.000000
vn -0.076604 0.064279 0.000000
vn -0.064279 0.076604 0.000000
vn -0.064279 0.076604 0.000000
vn -0.050000 0.086603 0.000000
vn -0.050000 0.086603 0.000000
vn -0.034202 0.093969 0.000000
vn -0.034202 0.093969 0.000000
vn -0.017365 0.098481 0.000000
vn -0.017365 0.098481 0.000000
vn -0.000000 0.100000 0.000000
vn -0.000000 0.100000 0.000000
vn 0.017365 0.098481 0.000000
vn 0.017365 0.098481 0.000000
vn 0.034202 0.093969 0.000000
vn 0.034202 0.093969 0.000000
vn 0.050000 0.086603 0.000000
vn 0.050000 0.086603 0.000000
vn 0.064279 0.076604 0.000000
vn 0.064279 0.076604 0.000000
vn 0.076604 0.064279 0.000000
vn 0.076604 0.064279 0.000000
vn 0.086603 0.050000 0.000000
vn 0.086603 0.050000 0.000000
vn 0.093969 0.034202 0.000000
vn 0.093969 0.034202 0.000000
vn 0.098481 0.017365 0.000000
vn 0.098481 0.017365 0.000000
vn 0.100000 0.000000 0.000000
vn 0.100000 0.000000 0.000000
vn 0.098481 -0.017365 0.000000
vn 0.098481 -0.017365 0.000000
vn 0.093969 -0.034202 0.000000
vn 0.093969 -0.034202 0.000000
vn 0.086603 -0.050000 0.000000
vn 0.086603 -0.050000 0.000000
vn 0.076604 -0.064279 0.000000
vn 0.076604 -0.064279 0.000000
vn 0.064279 -0.076604 0.000000
vn 0.064279 -0.076604 0.000000
vn 0.050000 -0.086603 0.000000
vn 0.050000 -0.086603 0.000000
vn 0.034202 -0.093969 0.000000
vn 0.034202 -0.093969 0.000000
vn 0.017365 -0.098481 0.000000
vn 0.017365 -0.098481 0.000000
vn -0.000000 -0.100000 0.000000
vn -0.000000 -0.100000 0.000000
vn -0.017365 -0.098481 0.000000
vn -0.017365 -0.098481 0.000000
vn -0.034202 -0.093969 0.000000
vn -0.034202 -0.093969 0.000000
vn -0.050000 -0.086603 0.000000
vn -0.050000 -0.086603 0.000000
vn -0.064279 -0.076604 0.000000
vn -0.064279 -0.076604 0.000000
vn -0.076604 -0.064279 0.000000
vn -0.076604 -0.064279 0.000000
vn -0.086603 -0.050000 0.000000
vn -0.086603 -0.050000 0.000000
vn -0.093969 -0.034202 0.000000
vn -0.093969 -0.034202 0.000000
vn 0.098481 -0.017365 0.000000
vn 0.098481 -0.017365 0.000000
vn 0.100000 -0.000000 0.000000
vn 0.100000 -0.000000 0.000000
vn 0.098481 0.017365 0.000000
vn 0.098481 0.017365 0.000000
vn 0.093969 0.034202 0.000000
vn 0.093969 0.034202 0.000000
vn 0.086603 0.050000 0.000000
vn 0.086603 0.050000 0.000000
vn 0.076604 0.064279 0.000000
vn 0.076604 0.064279 0.000000
vn 0.064279 0.076604 0.000000
vn 0.064279 0.076604 0.000000
vn 0.050000 0.086603 0.000000
vn 0.050000 0.086603 0.000000
vn 0.034202 0.093969 0.000000
vn 0.034202 0.093969 0.000000
vn 0.017365 0.098481 0.000000
vn 0.017365 0.098481 0.000000
vn -0.000000 0.100000 0.000000
vn -0.000000 0.100000 0.000000
vn -0.017365 0.098481 0.000000
vn -0.017365 0.098481 0.000000
vn -0.034202 0.093969 0.000000
vn -0.034202 0.093969 0.000000
vn -0.050000 0.086603 0.000000
vn -0.050000 0.086603 0.000000
vn -0.064279 0.076604 0.000000
vn -0.064279 0.076604 0.000000
vn -0.076604 0.064279 0.000000
vn -0.076604 0.064279 0.000000
vn -0.086603 0.050000 0.000000
vn -0.086603 0.050000 0.000000
vn -0.093969 0.034202 0.000000
vn -0.093969 0.034202 0.000000
vn -0.098481 0.017365 0.000000
vn -0.098481 0.017365 0.000000
vn -0.100000 0.000000 0.000000
vn -0.100000 0.000000 0.000000
vn -0.098481 -0.017365 0.000000
vn -0.098481 -0.017365 0.000000
vn -0.093969 -0.034202 0.000000
vn -0.093969 -0.034202 0.000000
vn -0.086603 -0.050000 0.000000
vn -0.086603 -0.050000 0.000000
vn -0.076604 -0.064279 0.000000
vn -0.076604 -0.064279 0.000000
vn -0.064279 -0.076604 0.000000
vn -0.064279 -0.076604 0.000000
vn -0.050000 -0.086603 0.000000
vn -0.050000 -0.086603 0.000000
vn -0.034202 -0.093969 0.000000
vn -0.034202 -0.093969 0.000000
vn -0.017365 -0.098481 0.000000
vn -0.017365 -0.098481 0.000000
vn -0.000000 -0.100000 0.000000
vn -0.000000 -0.100000 0.000000
vn 0.017365 -0.098481 0.000000
vn 0.017365 -0.098481 0.000000
vn 0.034202 -0.093969 0.000000
vn 0.034202 -0.093969 0.000000
vn 0.050000 -0.086603 0.000000
vn 0.050000 -0.086603 0.000000
vn 0.064279 -0.076604 0.000000
vn 0.064279 -0.076604 0.000000
vn 0.076604 -0.064279 0.000000
vn 0.076604 -0.064279 0.000000
vn 0.086603 -0.050000 0.000000
vn 0.086603 -0.050000 0.000000
vn 0.093969 -0.034202 0.000000
vn 0.093969 -0.034202 0.000000
vn -0.098481 -0.017365 0.000000
vn -0.098481 -0.017365 0.000000
vn -0.100000 0.000000 0.000000
vn -0.100000 0.000000 0.000000
vn -0.098481 0.017365 0.000000
vn -0.098481 0.017365 0.000000
vn -0.093969 0.034202 0.000000
vn -0.093969 0.034202 0.000000
vn -0.086603 0.050000 0.000000
vn -0.086603 0.050000 0.000000
vn -0.076604 0.064279 0.000000
vn -0.076604 0.064279 0.000000
vn -0.064279 0.076604 0.000000
vn -0.064279 0.076604 0.000000
vn -0.050000 0.086603 0.000000
vn -0.050000 0.086603 0.000000
vn -0.034202 0.093969 0.000000
vn -0.034202 0.093969 0.000000
vn -0.017365 0.098481 0.000000
vn -0.017365 0.098481 0.000000
vn -0.000000 0.100000 0.000000
vn -0.000000 0.100000 0.000000
vn 0.017365 0.098481 0.000000
vn 0.017365 0.098481 0.000000
vn 0.034202 0.093969 0.000000
vn 0.034202 0.093969 0.000000
vn 0.050000 0.086603 0.000000
vn 0.050000 0.086603 0.000000
vn 0.064279 0.076604 0.000000
vn 0.064279 0.076604 0.000000
vn 0.076604 0.064279 0.000000
vn 0.076604 0.064279 0.000000
vn 0.086603 0.050000 0.000000
vn 0.086603 0.050000 0.000000
vn 0.093969 0.034202 0.000000
vn 0.093969 0.034202 0.000000
vn 0.098481 0.017365 0.000000
vn 0.098481 0.017365 0.000000
vn 0.100000 0.000000 0.000000
vn 0.100000 0.000000 0.000000
vn 0.098481 -0.017365 0.000000
vn 0.098481 -0.017365 0.000000
vn 0.093969 -0.034202 0.000000
vn 0.093969 -0.034202 0.000000
vn 0.086603 -0.050000 0.000000
vn 0.086603 -0.050000 0.000000
vn 0.076604 -0.064279 0.000000
vn 0.076604 -0.064279 0.000000
vn 0.064279 -0.076604 0.000000
vn 0.064279 -0.076604 0.000000
vn 0.050000 -0.086603 0.000000
vn 0.050000 -0.086603 0.000000
vn 0.034202 -0.093969 0.000000
vn 0.034202 -0.093969 0.000000
vn 0.017365 -0.098481 0.000000
vn 0.017365 -0.098481 0.000000
vn -0.000000 -0.100000 0.000000
vn -0.000000 -0.100000 0.000000
vn -0.017365 -0.098481 0.000000
vn -0.017365 -0.098481 0.000000
vn -0.034202 -0.093969 0.000000
vn -0.034202 -0.093969 0.000000
vn -0.050000 -0.086603 0.000000
vn -0.050000 -0.086603 0.000000
vn -0.064279 -0.076604 0.000000
vn -0.064279 -0.076604 0.000000
vn -0.076604 -0.064279 0.000000
vn -0.076604 -0.064279 0.000000
vn -0.086603 -0.050000 0.000000
vn -0.086603 -0.050000 0.000000
vn -0.093969 -0.034202 0.000000
vn -0.093969 -0.034202 0.000000
vn 0.098481 -0.017365 0.000000
vn 0.098481 -0.017365 0.000000
vn 0.100000 -0.000000 0.000000
vn 0.100000 -0.000000 0.000000
vn 0.098481 0.017365 0.000000
vn 0.098481 0.017365 0.000000
vn 0.093969 0.034202 0.000000
vn 0.093969 0.034202 0.000000
vn 0.086603 0.050000 0.000000
vn 0.086603 0.050000 0.000000
vn 0.076604 0.064279 0.000000
vn 0.076604 0.064279 0.000000
vn 0.064279 0.076604 0.000000
vn 0.064279 0.076604 0.000000
vn 0.050000 0.086603 0.000000
vn 0.050000 0.086603 0.000000
vn 0.034202 0.093969 0.000000
vn 0.034202 0.093969 0.000000
vn 0.017365 0.098481 0.000000
vn 0.017365 0.098481 0.000000
vn -0.000000 0.100000 0.000000
vn -0.000000 0.100000 0.000000
vn -0.017365 0.098481 0.000000
vn -0.017365 0.098481 0.000000
vn -0.034202 0.093969 0.000000
vn -0.034202 0.093969 0.000000
vn -0.050000 0.086603 0.000000
vn -0.050000 0.086603 0.000000
vn -0.064279 0.076604 0.000000
vn -0.064279 0.076604 0.000000
vn -0.076604 0.064279 0.000000
vn -0.076604 0.064279 0.000000
vn -0.086603 0.050000 0.000000
vn -0.086603 0.050000 0.000000
vn -0.093969 0.034202 0.000000
vn -0.093969 0.034202 0.000000
vn -0.098481 0.017365 0.000000
vn -0.098481 0.017365 0.000000
vn -0.100000 0.000000 0.000000
vn -0.100000 0.000000 0.000000
vn -0.098481 -0.017365 0.000000
vn -0.098481 -0.017365 0.000000
vn -0.093969 -0.034202 0.000000
vn -0.093969 -0.034202 0.000000
vn -0.086603 -0.050000 0.000000
vn -0.086603 -0.050000 0.000000
vn -0.076604 -0.064279 0.000000
vn -0.076604 -0.064279 0.000000
vn -0.064279 -0.076604 0.000000
vn -0.064279 -0.076604 0.000000
vn -0.050000 -0.086603 0.000000
vn -0.050000 -0.086603 0.000000
vn -0.034202 -0.093969 0.000000
vn -0.034202 -0.093969 0.000000
vn -0.017365 -0.098481 0.000000
vn -0.017365 -0.098481 0.000000
vn -0.000000 -0.100000 0.000000
vn -0.000000 -0.100000 0.000000
vn 0.017365 -0.098481 0.000000
vn 0.017365 -0.098481 0.000000
vn 0.034202 -0.093969 0.000000
vn 0.034202 -0.093969 0.000000
vn 0.050000 -0.086603 0.000000
vn 0.050000 -0.086603 0.000000
vn 0.064279 -0.076604 0.000000
vn 0.064279 -0.076604 0.000000
vn 0.076604 -0.064279 0.000000
vn 0.076604 -0.064279 0.000000
vn 0.086603 -0.050000 0.000000
vn 0.086603 -0.050000 0.000000
vn 0.093969 -0.034202 0.000000
vn 0.093969 -0.034202 0.000000
vn -0.100000 0.000000 0.000000
vn -0.100000 0.000000 0.000000
vn -0.100000 0.000000 0.000000
vn -0.100000 0.000000 0.000000
vn -0.100000 0.000000 0.000000
vn -0.100000 0.000000 0.000000
vn -0.100000 0.000000 0.000000
vn -0.100000 0.000000 0.000000
vn -0.100000 0.000000 0.000000
vn -0.100000 0.000000 0.000000
vn -0.100000 0.000000 0.000000
vn -0.100000 0.000000 0.000000
vn -0.100000 0.000000 0.000000
vn -0.100000 0.000000 0.000000
vn -0.100000 0.000000 0.000000
vn -0.100000 0.000000 0.000000
vn -0.100000 0.000000 0.000000
vn -0.100000 0.000000 0.000000
vn -0.100000 0.000000 0.000000
vn -0.100000 0.000000 0.000000
vn -0.100000 0.000000 0.000000
vn -0.100000 0.000000 0.000000
vn -0.100000 0.000000 0.000000
vn -0.100000 0.000000 0.000000
vn -0.000000 0.100000 -0.000000
vn -0.000000 0.100000 -0.000000
vn -0.000000 0.100000 -0.000000
vn -0.100000 0.000000 0.000000
vn -0.100000 0.000000 0.000000
vn -0.100000 0.000000 0.000000
vn -0.100000 0.000000 0.000000
vn 0.000000 0.000000 0.100000
vn 0.000000 0.000000 0.100000
vn 0.000000 0.000000 0.100000
vn 0.000000 0.000000 0.100000
vn 0.000000 0.000000 0.100000
vn 0.000000 0.000000 0.100000
vn 0.000000 0.000000 0.100000
vn 0.000000 0.000000 0.100000
vn 0.000000 0.000000 0.100000
vn 0.000000 0.000000 0.100000
vn 0.000000 0.000000 0.100000
vn 0.000000 0.000000 0.100000
vn 0.000000 0.000000 0.100000
vn 0.000000 0.000000 0.100000
vn 0.000000 0.000000 0.100000
vn 0.000000 0.000000 0.100000
vn 0.000000 0.000000 0.100000
vn 0.000000 0.000000 0.100000
vn 0.000000 0.000000 0.100000
vn 0.000000 0.000000 0.100000
vn 0.000000 0.000000 0.100000
vn 0.000000 0.000000 0.100000
vn 0.000000 0.000000 0.100000
vn 0.000000 0.000000 0.100000
vn 0.000000 0.000000 0.100000
vn 0.000000 0.000000 0.100000
vn 0.000000 0.000000 0.100000
vn 0.000000 0.000000 0.100000
vn 0.000000 0.000000 0.100000
vn 0.000000 0.000000 0.100000
vn 0.000000 0.000000 0.100000
vn 0.000000 0.000000 0.100000
vn 0.000000 0.000000 0.100000
vn 0.000000 0.000000 0.100000
vn 0.000000 0.000000 0.100000
vn 0.000000 0.000000 0.100000
vn 0.000000 0.000000 0.100000
vn 0.000000 0.000000 0.100000
vn 0.000000 0.000000 0.100000
vn 0.000000 0.000000 0.100000
vn 0.000000 0.000000 0.100000
vn 0.000000 0.000000 0.100000
vn 0.000000 0.000000 0.100000
vn 0.000000 0.000000 0.100000
vn 0.000000 0.000000 0.100000
vn 0.000000 0.000000 0.100000
vn 0.000000 0.000000 0.100000
vn 0.000000 0.000000 0.100000
vn 0.000000 0.000000 0.100000
vn 0.000000 0.000000 0.100000
vn 0.000000 0.000000 0.100000
vn 0.000000 0.000000 0.100000
vn 0.000000 0.000000 0.100000
vn 0.000000 0.000000 0.100000
vn 0.000000 0.000000 0.100000
vn 0.000000 0.000000 0.100000
vn 0.000000 0.000000 0.100000
vn 0.000000 0.000000 0.100000
vn 0.000000 0.000000 0.100000
vn 0.000000 0.000000 0.100000
vn 0.000000 0.000000 0.100000
vn 0.000000 0.000000 0.100000
vn 0.000000 0.000000 0.100000
vn 0.000000 0.000000 0.100000
vn 0.000000 0.000000 0.100000
vn 0.000000 0.000000 0.100000
vn 0.000000 0.000000 0.100000
vn 0.000000 0.000000 0.100000
vn 0.000000 0.000000 0.100000
vn 0.000000 0.000000 0.100000
vn 0.000000 0.000000 0.100000
vn 0.000000 0.000000 0.100000
vn 0.000000 0.000000 0.100000
vn 0.000000 0.000000 0.100000
vn 0.000000 0.000000 0.100000
vn 0.000000 0.000000 0.100000
vn 0.000000 0.000000 0.100000
vn 0.000000 0.000000 0.100000
vn 0.000000 0.000000 0.100000
vn 0.000000 0.000000 0.100000
vn 0.000000 0.000000 0.100000
vn 0.000000 0.000000 0.100000
vn 0.000000 0.000000 0.100000
vn 0.000000 0.000000 0.100000
vn 0.000000 0.000000 0.100000
vn 0.000000 0.000000 0.100000
vn 0.000000 0.000000 0.100000
vn 0.000000 0.000000 0.100000
vn 0.000000 0.000000 0.100000
vn 0.000000 0.000000 0.100000
vn 0.000000 0.000000 0.100000
vn 0.000000 0.000000 0.100000
vn 0.000000 0.000000 0.100000
vn 0.000000 0.000000 0.100000
vn 0.000000 0.000000 0.100000
vn 0.000000 0.000000 0.100000
vn 0.000000 0.000000 0.100000
vn 0.000000 0.000000 0.100000
vn 0.000000 0.000000 -0.100000
vn 0.000000 0.000000 -0.100000
vn 0.000000 0.000000 -0.100000
vn 0.000000 0.000000 -0.100000
vn 0.000000 0.000000 -0.100000
vn 0.000000 0.000000 -0.100000
vn 0.000000 0.000000 -0.100000
vn 0.000000 0.000000 -0.100000
vn 0.000000 0.000000 -0.100000
vn 0.000000 0.000000 -0.100000
vn 0.000000 0.000000 -0.100000
vn 0.000000 0.000000 -0.100000
vn 0.000000 0.000000 -0.100000
vn 0.000000 0.000000 -0.100000
vn 0.000000 0.000000 -0.100000
vn 0.000000 0.000000 -0.100000
vn 0.000000 0.000000 -0.100000
vn 0.000000 0.000000 -0.100000
vn 0.000000 0.000000 -0.100000
vn 0.000000 0.000000 -0.100000
vn 0.000000 0.000000 -0.100000
vn 0.000000 0.000000 -0.100000
vn 0.000000 0.000000 -0.100000
vn 0.000000 0.000000 -0.100000
vn 0.000000 0.000000 -0.100000
vn 0.000000 0.000000 -0.100000
vn 0.000000 0.000000 -0.100000
vn 0.000000 0.000000 -0.100000
vn 0.000000 0.000000 -0.100000
vn 0.000000 0.000000 -0.100000
vn 0.000000 0.000000 -0.100000
vn 0.000000 0.000000 -0.100000
vn 0.000000 0.000000 -0.100000
vn 0.000000 0.000000 -0.100000
vn 0.000000 0.000000 -0.100000
vn 0.000000 0.000000 -0.100000
vn 0.000000 0.000000 -0.100000
vn 0.000000 0.000000 -0.100000
vn 0.000000 0.000000 -0.100000
vn 0.000000 0.000000 -0.100000
vn 0.000000 0.000000 -0.100000
vn 0.000000 0.000000 -0.100000
vn 0.000000 0.000000 -0.100000
vn 0.000000 0.000000 -0.100000
vn 0.000000 0.000000 -0.100000
vn 0.000000 0.000000 -0.100000
vn 0.000000 0.000000 -0.100000
vn 0.000000 0.000000 -0.100000
vn 0.000000 0.000000 -0.100000
vn 0.000000 0.000000 -0.100000
vn 0.000000 0.000000 -0.100000
vn 0.000000 0.000000 -0.100000
vn 0.000000 0.000000 -0.100000
vn 0.000000 0.000000 -0.100000
vn 0.000000 0.000000 -0.100000
vn 0.000000 0.000000 -0.100000
vn 0.000000 0.000000 -0.100000
vn 0.000000 0.000000 -0.100000
vn 0.000000 0.000000 -0.100000
vn 0.000000 0.000000 -0.100000
vn 0.000000 0.000000 -0.100000
vn 0.000000 0.000000 -0.100000
vn 0.000000 0.000000 -0.100000
vn 0.000000 0.000000 -0.100000
vn 0.000000 0.000000 -0.100000
vn 0.000000 0.000000 -0.100000
vn 0.000000 0.000000 -0.100000
vn 0.000000 0.000000 -0.100000
vn 0.000000 0.000000 -0.100000
vn 0.000000 0.000000 -0.100000
vn 0.000000 0.000000 -0.100000
vn 0.000000 0.000000 -0.100000
vn 0.000000 0.000000 -0.100000
vn 0.000000 0.000000 -0.100000
vn 0.000000 0.000000 -0.100000
vn 0.000000 0.000000 -0.100000
vn 0.000000 0.000000 -0.100000
vn 0.000000 0.000000 -0.100000
vn 0.000000 0.100000 0.000000
vn 0.000000 0.100000 0.000000
vn 0.000000 0.100000 0.000000
vn -0.099518 -0.009802 0.000000
vn -0.099518 -0.009802 0.000000
vn -0.098079 -0.019509 0.000000
vn -0.098079 -0.019509 0.000000
vn -0.095694 -0.029028 0.000000
vn -0.095694 -0.029028 0.000000
vn -0.092388 -0.038268 0.000000
vn -0.092388 -0.038268 0.000000
vn -0.088192 -0.047140 0.000000
vn -0.088192 -0.047140 0.000000
vn -0.083147 -0.055557 0.000000
vn -0.083147 -0.055557 0.000000
vn -0.077301 -0.063439 0.000000
vn -0.077301 -0.063439 0.000000
vn -0.070711 -0.070711 0.000000
vn -0.070711 -0.070711 0.000000
vn -0.063439 -0.077301 0.000000
vn -0.063439 -0.077301 0.000000
vn -0.055557 -0.083147 0.000000
vn -0.055557 -0.083147 0.000000
vn -0.047140 -0.088192 0.000000
vn -0.047140 -0.088192 0.000000
vn -0.038268 -0.092388 0.000000
vn -0.038268 -0.092388 0.000000
vn -0.029028 -0.095694 0.000000
vn -0.029028 -0.095694 0.000000
vn -0.019509 -0.098079 0.000000
vn -0.019509 -0.098079 0.000000
vn -0.009802 -0.099518 0.000000
vn -0.009802 -0.099518 0.000000
vn 0.000000 -0.100000 0.000000
vn 0.000000 -0.100000 0.000000
vn -0.009802 -0.099518 0.000000
vn -0.019509 -0.098079 0.000000
vn -0.029028 -0.095694 0.000000
vn -0.038268 -0.092388 0.000000
vn -0.047140 -0.088192 0.000000
vn -0.055557 -0.083147 0.000000
vn -0.063439 -0.077301 0.000000
vn -0.070711 -0.070711 0.000000
vn -0.077301 -0.063439 0.000000
vn -0.083147 -0.055557 0.000000
vn -0.088192 -0.047140 0.000000
vn -0.092388 -0.038268 0.000000
vn -0.095694 -0.029028 0.000000
vn -0.098079 -0.019509 0.000000
vn -0.099518 -0.009802 0.000000
vn 0.000000 -0.100000 0.000000
vn 0.000000 -0.100000 0.000000
vn 0.000000 -0.100000 0.000000
vn 0.008258 0.099658 0.000000
vn 0.000000 0.100000 0.000000
vn 0.008258 0.099658 0.000000
vn 0.000000 0.100000 0.000000
vn 0.008258 0.099658 0.000000
vn 0.016459 0.098636 0.000000
vn 0.016459 0.098636 0.000000
vn 0.024549 0.096940 0.000000
vn 0.024549 0.096940 0.000000
vn 0.032470 0.094582 0.000000
vn 0.032470 0.094582 0.000000
vn 0.040170 0.091577 0.000000
vn 0.040170 0.091577 0.000000
vn 0.047595 0.087947 0.000000
vn 0.047595 0.087947 0.000000
vn 0.054695 0.083717 0.000000
vn 0.054695 0.083717 0.000000
vn 0.061421 0.078914 0.000000
vn 0.061421 0.078914 0.000000
vn 0.067728 0.073572 0.000000
vn 0.067728 0.073572 0.000000
vn 0.073572 0.067728 0.000000
vn 0.073572 0.067728 0.000000
vn 0.078914 0.061421 0.000000
vn 0.078914 0.061421 0.000000
vn 0.083717 0.054695 0.000000
vn 0.083717 0.054695 0.000000
vn 0.087947 0.047595 0.000000
vn 0.087947 0.047595 0.000000
vn 0.091577 0.040170 0.000000
vn 0.091577 0.040170 0.000000
vn 0.094582 0.032470 0.000000
vn 0.094582 0.032470 0.000000
vn 0.096940 0.024549 0.000000
vn 0.096940 0.024549 0.000000
vn 0.098636 0.016459 0.000000
vn 0.098636 0.016459 0.000000
vn 0.099658 0.008258 0.000000
vn 0.099658 0.008258 0.000000
vn 0.100000 -0.000000 0.000000
vn 0.100000 -0.000000 0.000000
vn 0.099658 0.008258 0.000000
vn 0.098636 0.016459 0.000000
vn 0.096940 0.024549 0.000000
vn 0.094582 0.032470 0.000000
vn 0.091577 0.040170 0.000000
vn 0.087947 0.047595 0.000000
vn 0.083717 0.054695 0.000000
vn 0.078914 0.061421 0.000000
vn 0.073572 0.067728 0.000000
vn 0.067728 0.073572 0.000000
vn 0.061421 0.078914 0.000000
vn 0.054695 0.083717 0.000000
vn 0.047595 0.087947 0.000000
vn 0.040170 0.091577 0.000000
vn 0.032470 0.094582 0.000000
vn 0.024549 0.096940 0.000000
vn 0.016459 0.098636 0.000000
vn 0.100000 -0.000000 0.000000
vn 0.100000 -0.000000 0.000000
vn 0.099658 -0.008258 0.000000
vn 0.100000 -0.000000 0.000000
vn 0.099658 -0.008258 0.000000
vn 0.100000 -0.000000 0.000000
vn 0.099658 -0.008258 0.000000
vn 0.098636 -0.016459 0.000000
vn 0.098636 -0.016459 0.000000
vn 0.096940 -0.024549 0.000000
vn 0.096940 -0.024549 0.000000
vn 0.094582 -0.032470 0.000000
vn 0.094582 -0.032470 0.000000
vn 0.091577 -0.040170 0.000000
vn 0.091577 -0.040170 0.000000
vn 0.087947 -0.047595 0.000000
vn 0.087947 -0.047595 0.000000
vn 0.083717 -0.054695 0.000000
vn 0.083717 -0.054695 0.000000
vn 0.078914 -0.061421 0.000000
vn 0.078914 -0.061421 0.000000
vn 0.073572 -0.067728 0.000000
vn 0.073572 -0.067728 0.000000
vn 0.067728 -0.073572 0.000000
vn 0.067728 -0.073572 0.000000
vn 0.061421 -0.078914 0.000000
vn 0.061421 -0.078914 0.000000
vn 0.054695 -0.083717 0.000000
vn 0.054695 -0.083717 0.000000
vn 0.047595 -0.087947 0.000000
vn 0.047595 -0.087947 0.000000
vn 0.040170 -0.091577 0.000000
vn 0.040170 -0.091577 0.000000
vn 0.032470 -0.094582 0.000000
vn 0.032470 -0.094582 0.000000
vn 0.024549 -0.096940 0.000000
vn 0.024549 -0.096940 0.000000
vn 0.016459 -0.098636 0.000000
vn 0.016459 -0.098636 0.000000
vn 0.008258 -0.099658 0.000000
vn 0.008258 -0.099658 0.000000
vn 0.000000 -0.100000 0.000000
vn 0.000000 -0.100000 0.000000
vn 0.008258 -0.099658 0.000000
vn 0.016459 -0.098636 0.000000
vn 0.024549 -0.096940 0.000000
vn 0.032470 -0.094582 0.000000
vn 0.040170 -0.091577 0.000000
vn 0.047595 -0.087947 0.000000
vn 0.054695 -0.083717 0.000000
vn 0.061421 -0.078914 0.000000
vn 0.067728 -0.073572 0.000000
vn 0.073572 -0.067728 0.000000
vn 0.078914 -0.061421 0.000000
vn 0.083717 -0.054695 0.000000
vn 0.087947 -0.047595 0.000000
vn 0.091577 -0.040170 0.000000
vn 0.094582 -0.032470 0.000000
vn 0.096940 -0.024549 0.000000
vn 0.098636 -0.016459 0.000000
vn 0.000000 0.000000 -0.100000
vn 0.000000 0.000000 -0.100000
vn 0.000000 0.000000 -0.100000
vn 0.000000 0.000000 -0.100000
vn 0.000000 0.000000 -0.100000
vn 0.000000 0.000000 -0.100000
vn 0.000000 0.000000 -0.100000
vn 0.000000 0.000000 -0.100000
vn 0.000000 0.000000 -0.100000
vn 0.000000 0.000000 -0.100000
vn 0.000000 0.000000 -0.100000
vn 0.000000 0.000000 -0.100000
vn 0.000000 0.000000 -0.100000
vn 0.000000 0.000000 -0.100000
vn 0.000000 0.000000 -0.100000
vn 0.000000 0.000000 -0.100000
vn 0.000000 0.000000 -0.100000
vn 0.000000 0.000000 -0.100000
vn 0.000000 0.000000 -0.100000
vn 0.000000 0.000000 -0.100000
vn 0.000000 0.000000 -0.100000
vn 0.000000 0.000000 -0.100000
vn 0.000000 0.000000 -0.100000
vn 0.000000 0.000000 -0.100000
vn 0.000000 0.000000 -0.100000
vn 0.000000 0.000000 -0.100000
vn 0.000000 0.000000 -0.100000
vn 0.000000 0.000000 -0.100000
vn 0.000000 0.000000 -0.100000
vn 0.000000 0.000000 -0.100000
vn 0.000000 0.000000 -0.100000
vn 0.000000 0.000000 -0.100000
vn 0.000000 0.000000 -0.100000
vn 0.000000 0.000000 -0.100000
vn 0.000000 0.000000 -0.100000
vn 0.000000 0.000000 -0.100000
vn 0.000000 0.000000 -0.100000
vn 0.000000 0.000000 -0.100000
vn 0.000000 0.000000 -0.100000
vn 0.000000 0.000000 -0.100000
vn 0.000000 0.000000 -0.100000
vn 0.000000 0.000000 -0.100000
vn 0.000000 0.000000 -0.100000
vn 0.000000 0.000000 -0.100000
vn 0.000000 0.000000 -0.100000
vn 0.000000 0.000000 -0.100000
vn 0.000000 0.000000 -0.100000
vn 0.000000 0.000000 -0.100000
vn 0.000000 0.000000 -0.100000
vn 0.000000 0.000000 -0.100000
vn 0.000000 0.000000 -0.100000
vn 0.000000 0.000000 -0.100000
vn 0.000000 0.000000 -0.100000
vn 0.000000 0.000000 -0.100000
vn 0.000000 0.000000 -0.100000
vn 0.000000 0.000000 -0.100000
vn 0.000000 0.000000 -0.100000
vn 0.000000 0.000000 -0.100000
vn 0.000000 0.000000 -0.100000
vn 0.000000 0.000000 -0.100000
vn 0.000000 0.000000 -0.100000
vn 0.000000 0.000000 -0.100000
vn 0.000000 0.000000 -0.100000
vn 0.000000 0.000000 -0.100000
vn 0.000000 0.000000 -0.100000
vn 0.000000 0.000000 -0.100000
vn 0.000000 0.000000 -0.100000
vn 0.000000 0.000000 -0.100000
vn 0.000000 0.000000 -0.100000
vn 0.000000 0.000000 -0.100000
vn 0.000000 0.000000 -0.100000
vn 0.000000 0.000000 -0.100000
vn 0.000000 0.000000 -0.100000
vn 0.000000 0.000000 -0.100000
vn 0.000000 0.000000 -0.100000
vn 0.000000 0.000000 -0.100000
vn 0.000000 0.000000 -0.100000
vn 0.000000 0.000000 -0.100000
vn 0.000000 0.000000 -0.100000
vn 0.000000 0.000000 -0.100000
vn 0.000000 0.000000 -0.100000
vn 0.000000 0.000000 -0.100000
vn 0.000000 0.000000 -0.100000
vn 0.000000 0.000000 -0.100000
vn 0.000000 0.000000 -0.100000
vn 0.000000 0.000000 -0.100000
vn 0.000000 0.000000 -0.100000
vn 0.000000 0.000000 -0.100000
vn 0.000000 0.000000 -0.100000
vn 0.000000 0.000000 -0.100000
vn 0.000000 0.000000 -0.100000
vn 0.000000 0.000000 -0.100000
vn 0.000000 0.000000 -0.100000
vn 0.000000 0.000000 -0.100000
vn 0.000000 0.000000 -0.100000
vn 0.000000 0.000000 -0.100000
vn 0.000000 0.000000 -0.100000
vn 0.000000 0.000000 -0.100000
vn 0.000000 0.000000 -0.100000
vn 0.000000 0.000000 -0.100000
vn 0.000000 0.000000 -0.100000
vn 0.000000 0.000000 -0.100000
vn 0.000000 0.000000 -0.100000
vn 0.000000 0.000000 -0.100000
vn 0.000000 0.000000 -0.100000
vn 0.000000 0.000000 -0.100000
vn 0.000000 0.000000 -0.100000
vn 0.000000 0.000000 -0.100000
vn 0.000000 0.000000 -0.100000
vn 0.000000 0.000000 -0.100000
usemtl Aluminum_-_Anodized_Rough_(Blue)
f 1/1/1 2/2/2 28/3/3
f 28/3/3 2/2/2 29/4/4
f 28/3/3 29/4/4 27/5/5
f 27/5/5 29/4/4 30/6/6
f 27/5/5 30/6/6 26/7/7
f 26/7/7 30/6/6 25/8/8
f 25/8/8 30/6/6 31/9/9
f 25/8/8 31/9/9 24/10/10
f 24/10/10 31/9/9 23/11/11
f 23/11/11 31/9/9 32/12/12
f 23/11/11 32/12/12 22/13/13
f 22/13/13 32/12/12 33/14/14
f 22/13/13 33/14/14 21/15/15
f 21/15/15 33/14/14 20/16/16
f 20/16/16 33/14/14 34/17/17
f 20/16/16 34/17/17 19/18/18
f 19/18/18 34/17/17 35/19/19
f 19/18/18 35/19/19 18/20/20
f 18/20/20 35/19/19 17/21/21
f 17/21/21 35/19/19 36/22/22
f 17/21/21 36/22/22 16/23/23
f 16/23/23 36/22/22 15/24/24
f 15/24/24 36/22/22 37/25/25
f 15/24/24 37/25/25 14/26/26
f 14/26/26 37/25/25 13/27/27
f 13/27/27 37/25/25 12/28/28
f 12/28/28 37/25/25 11/29/29
f 11/29/29 37/25/25 10/30/30
f 10/30/30 37/25/25 36/22/22
f 10/30/30 36/22/22 9/31/31
f 9/31/31 36/22/22 35/19/19
f 9/31/31 35/19/19 8/32/32
f 8/32/32 35/19/19 34/17/17
f 8/32/32 34/17/17 7/33/33
f 7/33/33 34/17/17 33/14/14
f 7/33/33 33/14/14 6/34/34
f 6/34/34 33/14/14 32/12/12
f 6/34/34 32/12/12 5/35/35
f 5/35/35 32/12/12 31/9/9
f 5/35/35 31/9/9 4/36/36
f 4/36/36 31/9/9 30/6/6
f 4/36/36 30/6/6 3/37/37
f 3/37/37 30/6/6 29/4/4
f 3/37/37 29/4/4 2/2/2
f 13/38/38 38/39/39 14/40/40
f 14/40/40 38/39/39 56/41/41
f 14/40/40 56/41/41 15/42/42
f 15/42/42 56/41/41 58/43/43
f 15/42/42 58/43/43 16/44/44
f 16/44/44 58/43/43 17/45/45
f 17/45/45 58/43/43 60/46/46
f 17/45/45 60/46/46 18/47/47
f 18/47/47 60/46/46 19/48/48
f 19/48/48 60/46/46 62/49/49
f 19/48/48 62/49/49 20/50/50
f 20/50/50 62/49/49 64/51/51
f 20/50/50 64/51/51 21/52/52
f 21/52/52 64/51/51 22/53/53
f 22/53/53 64/51/51 66/54/54
f 22/53/53 66/54/54 23/55/55
f 23/55/55 66/54/54 68/56/56
f 23/55/55 68/56/56 24/57/57
f 24/57/57 68/56/56 25/58/58
f 25/58/58 68/56/56 70/59/59
f 25/58/58 70/59/59 26/60/60
f 26/60/60 70/59/59 27/61/61
f 27/61/61 70/59/59 72/62/62
f 27/61/61 72/62/62 28/63/63
f 28/63/63 72/62/62 1/64/1
f 1/64/1 72/62/62 71/65/64
f 1/64/1 71/65/64 53/66/65
f 53/66/65 71/65/64 52/67/66
f 52/67/66 71/65/64 69/68/67
f 52/67/66 69/68/67 51/69/68
f 51/69/68 69/68/67 50/70/69
f 50/70/69 69/68/67 67/71/70
f 50/70/69 67/71/70 49/72/71
f 49/72/71 67/71/70 48/73/72
f 48/73/72 67/71/70 65/74/73
f 48/73/72 65/74/73 47/75/74
f 47/75/74 65/74/73 63/76/75
f 47/75/74 63/76/75 46/77/76
f 46/77/76 63/76/75 45/78/77
f 45/78/77 63/76/75 61/79/78
f 45/78/77 61/79/78 44/80/79
f 44/80/79 61/79/78 59/81/80
f 44/80/79 59/81/80 43/82/81
f 43/82/81 59/81/80 42/83/82
f 42/83/82 59/81/80 57/84/83
f 42/83/82 57/84/83 41/85/84
f 41/85/84 57/84/83 40/86/85
f 40/86/85 57/84/83 55/87/86
f 40/86/85 55/87/86 39/88/87
f 39/88/87 55/87/86 38/39/39
f 38/39/39 55/87/86 56/41/41
f 53/66/65 54/89/88 1/64/1
f 58/43/43 56/41/41 55/87/86
f 60/46/46 58/43/43 57/84/83
f 57/84/83 58/43/43 55/87/86
f 62/49/49 60/46/46 59/81/80
f 59/81/80 60/46/46 57/84/83
f 64/51/51 62/49/49 61/79/78
f 61/79/78 62/49/49 59/81/80
f 66/54/54 64/51/51 63/76/75
f 63/76/75 64/51/51 61/79/78
f 68/56/56 66/54/54 65/74/73
f 65/74/73 66/54/54 63/76/75
f 70/59/59 68/56/56 67/71/70
f 67/71/70 68/56/56 65/74/73
f 72/62/62 70/59/59 69/68/67
f 69/68/67 70/59/59 67/71/70
f 71/65/64 72/62/62 69/68/67
f 38/90/89 73/91/90 39/92/91
f 39/92/91 73/91/90 84/93/92
f 39/92/91 84/93/92 40/94/93
f 40/94/93 84/93/92 85/95/94
f 40/94/93 85/95/94 41/96/95
f 41/96/95 85/95/94 42/97/96
f 42/97/96 85/95/94 86/98/97
f 42/97/96 86/98/97 43/99/98
f 43/99/98 86/98/97 44/100/99
f 44/100/99 86/98/97 87/101/100
f 44/100/99 87/101/100 45/102/101
f 45/102/101 87/101/100 88/103/102
f 45/102/101 88/103/102 46/104/103
f 46/104/103 88/103/102 47/105/104
f 47/105/104 88/103/102 89/106/105
f 47/105/104 89/106/105 48/107/106
f 48/107/106 89/106/105 90/108/107
f 48/107/106 90/108/107 49/109/108
f 49/109/108 90/108/107 50/110/109
f 50/110/109 90/108/107 91/111/110
f 50/110/109 91/111/110 51/112/111
f 51/112/111 91/111/110 52/113/112
f 52/113/112 91/111/110 92/114/113
f 52/113/112 92/114/113 53/115/114
f 53/115/114 92/114/113 54/116/88
f 54/116/88 92/114/113 83/117/115
f 83/117/115 92/114/113 82/118/116
f 82/118/116 92/114/113 81/119/117
f 81/119/117 92/114/113 91/111/110
f 81/119/117 91/111/110 80/120/118
f 80/120/118 91/111/110 90/108/107
f 80/120/118 90/108/107 79/121/119
f 79/121/119 90/108/107 89/106/105
f 79/121/119 89/106/105 78/122/120
f 78/122/120 89/106/105 88/103/102
f 78/122/120 88/103/102 77/123/121
f 77/123/121 88/103/102 87/101/100
f 77/123/121 87/101/100 76/124/122
f 76/124/122 87/101/100 86/98/97
f 76/124/122 86/98/97 75/125/123
f 75/125/123 86/98/97 85/95/94
f 75/125/123 85/95/94 74/126/124
f 74/126/124 85/95/94 84/93/92
f 74/126/124 84/93/92 73/91/90
f 2/127/2 98/128/125 93/129/126
f 93/129/126 98/128/125 99/130/127
f 93/129/126 99/130/127 100/131/128
f 1/132/1 54/133/88 2/127/2
f 2/127/2 54/133/88 83/134/115
f 2/127/2 83/134/115 97/135/129
f 97/135/129 83/134/115 94/136/130
f 97/135/129 94/136/130 96/137/131
f 96/137/131 94/136/130 95/138/132
f 97/135/129 98/128/125 2/127/2
f 101/139/133 141/140/134 99/141/127
f 99/141/127 141/140/134 140/142/135
f 99/141/127 140/142/135 129/143/136
f 129/143/136 140/142/135 179/144/137
f 129/143/136 179/144/137 128/145/138
f 128/145/138 179/144/137 127/146/139
f 127/146/139 179/144/137 178/147/140
f 127/146/139 178/147/140 186/148/141
f 186/148/141 178/147/140 177/149/142
f 186/148/141 177/149/142 185/150/143
f 185/150/143 177/149/142 176/151/144
f 185/150/143 176/151/144 184/152/145
f 184/152/145 176/151/144 175/153/146
f 184/152/145 175/153/146 183/154/147
f 183/154/147 175/153/146 174/155/148
f 183/154/147 174/155/148 182/156/149
f 182/156/149 174/155/148 173/157/150
f 182/156/149 173/157/150 181/158/151
f 181/158/151 173/157/150 172/159/152
f 181/158/151 172/159/152 180/160/153
f 180/160/153 172/159/152 117/161/154
f 180/160/153 117/161/154 118/162/155
f 101/139/133 102/163/156 141/140/134
f 141/140/134 102/163/156 150/164/157
f 141/140/134 150/164/157 142/165/158
f 142/165/158 150/164/157 151/166/159
f 142/165/158 151/166/159 143/167/160
f 143/167/160 151/166/159 152/168/161
f 143/167/160 152/168/161 144/169/162
f 144/169/162 152/168/161 153/170/163
f 144/169/162 153/170/163 145/171/164
f 145/171/164 153/170/163 154/172/165
f 145/171/164 154/172/165 146/173/166
f 146/173/166 154/172/165 155/174/167
f 146/173/166 155/174/167 147/175/168
f 147/175/168 155/174/167 156/176/169
f 147/175/168 156/176/169 148/177/170
f 148/177/170 156/176/169 157/178/171
f 148/177/170 157/178/171 149/179/172
f 149/179/172 157/178/171 114/180/173
f 149/179/172 114/180/173 115/181/174
f 102/163/156 103/182/175 150/164/157
f 150/164/157 103/182/175 151/166/159
f 151/166/159 103/182/175 158/183/176
f 158/183/176 103/182/175 104/184/177
f 158/183/176 104/184/177 159/185/178
f 159/185/178 104/184/177 105/186/179
f 159/185/178 105/186/179 160/187/180
f 160/187/180 105/186/179 165/188/181
f 160/187/180 165/188/181 166/189/182
f 166/189/182 165/188/181 106/190/183
f 166/189/182 106/190/183 107/191/184
f 105/186/179 106/190/183 165/188/181
f 108/192/185 169/193/186 107/191/184
f 107/191/184 169/193/186 167/194/187
f 107/191/184 167/194/187 166/189/182
f 166/189/182 167/194/187 161/195/188
f 166/189/182 161/195/188 160/187/180
f 160/187/180 161/195/188 153/170/163
f 160/187/180 153/170/163 152/168/161
f 108/192/185 109/196/189 169/193/186
f 169/193/186 109/196/189 170/197/190
f 169/193/186 170/197/190 167/194/187
f 167/194/187 170/197/190 168/198/191
f 167/194/187 168/198/191 162/199/192
f 162/199/192 168/198/191 163/200/193
f 162/199/192 163/200/193 155/174/167
f 155/174/167 163/200/193 156/176/169
f 109/196/189 110/201/194 170/197/190
f 170/197/190 110/201/194 171/202/195
f 170/197/190 171/202/195 168/198/191
f 168/198/191 171/202/195 130/203/196
f 168/198/191 130/203/196 163/200/193
f 163/200/193 130/203/196 164/204/197
f 163/200/193 164/204/197 156/176/169
f 156/176/169 164/204/197 157/178/171
f 110/201/194 111/205/198 171/202/195
f 171/202/195 111/205/198 130/203/196
f 111/205/198 112/206/199 130/203/196
f 130/203/196 112/206/199 164/204/197
f 112/206/199 113/207/200 164/204/197
f 164/204/197 113/207/200 157/178/171
f 113/207/200 114/180/173 157/178/171
f 149/179/172 115/181/174 132/208/201
f 132/208/201 115/181/174 116/209/202
f 132/208/201 116/209/202 172/159/152
f 172/159/152 116/209/202 117/161/154
f 180/160/153 118/162/155 131/210/203
f 131/210/203 118/162/155 119/211/204
f 131/210/203 119/211/204 193/212/205
f 193/212/205 119/211/204 120/213/206
f 193/212/205 120/213/206 192/214/207
f 192/214/207 120/213/206 121/215/208
f 192/214/207 121/215/208 191/216/209
f 191/216/209 121/215/208 122/217/210
f 191/216/209 122/217/210 123/218/211
f 124/219/212 189/220/213 123/218/211
f 123/218/211 189/220/213 188/221/214
f 123/218/211 188/221/214 191/216/209
f 191/216/209 188/221/214 187/222/215
f 191/216/209 187/222/215 192/214/207
f 192/214/207 187/222/215 131/210/203
f 192/214/207 131/210/203 193/212/205
f 189/220/213 124/219/212 190/223/216
f 190/223/216 124/219/212 125/224/217
f 190/223/216 125/224/217 184/152/145
f 184/152/145 125/224/217 185/150/143
f 125/224/217 126/225/218 185/150/143
f 185/150/143 126/225/218 186/148/141
f 126/225/218 127/146/139 186/148/141
f 148/177/170 149/179/172 133/226/219
f 133/226/219 149/179/172 132/208/201
f 133/226/219 132/208/201 173/157/150
f 173/157/150 132/208/201 172/159/152
f 147/175/168 148/177/170 134/227/220
f 134/227/220 148/177/170 133/226/219
f 134/227/220 133/226/219 174/155/148
f 174/155/148 133/226/219 173/157/150
f 146/173/166 147/175/168 135/228/221
f 135/228/221 147/175/168 134/227/220
f 135/228/221 134/227/220 175/153/146
f 175/153/146 134/227/220 174/155/148
f 145/171/164 146/173/166 136/229/222
f 136/229/222 146/173/166 135/228/221
f 136/229/222 135/228/221 176/151/144
f 176/151/144 135/228/221 175/153/146
f 144/169/162 145/171/164 137/230/223
f 137/230/223 145/171/164 136/229/222
f 137/230/223 136/229/222 177/149/142
f 177/149/142 136/229/222 176/151/144
f 143/167/160 144/169/162 138/231/224
f 138/231/224 144/169/162 137/230/223
f 138/231/224 137/230/223 178/147/140
f 178/147/140 137/230/223 177/149/142
f 142/165/158 143/167/160 139/232/225
f 139/232/225 143/167/160 138/231/224
f 139/232/225 138/231/224 179/144/137
f 179/144/137 138/231/224 178/147/140
f 141/140/134 142/165/158 140/142/135
f 140/142/135 142/165/158 139/232/225
f 140/142/135 139/232/225 179/144/137
f 158/183/176 159/185/178 151/166/159
f 151/166/159 159/185/178 152/168/161
f 159/185/178 160/187/180 152/168/161
f 162/199/192 155/174/167 154/172/165
f 162/199/192 154/172/165 161/195/188
f 161/195/188 154/172/165 153/170/163
f 167/194/187 162/199/192 161/195/188
f 131/210/203 187/222/215 180/160/153
f 180/160/153 187/222/215 181/158/151
f 187/222/215 188/221/214 181/158/151
f 181/158/151 188/221/214 182/156/149
f 190/223/216 184/152/145 183/154/147
f 188/221/214 189/220/213 182/156/149
f 182/156/149 189/220/213 183/154/147
f 189/220/213 190/223/216 183/154/147
f 110/233/194 194/234/226 205/235/227
f 205/235/227 194/234/226 195/236/228
f 205/235/227 195/236/228 206/237/229
f 206/237/229 195/236/228 196/238/230
f 206/237/229 196/238/230 207/239/231
f 207/239/231 196/238/230 197/240/232
f 207/239/231 197/240/232 208/241/233
f 208/241/233 197/240/232 198/242/234
f 208/241/233 198/242/234 209/243/235
f 209/243/235 198/242/234 199/244/236
f 209/243/235 199/244/236 210/245/237
f 210/245/237 199/244/236 200/246/238
f 210/245/237 200/246/238 211/247/239
f 211/247/239 200/246/238 201/248/240
f 211/247/239 201/248/240 212/249/241
f 212/249/241 201/248/240 202/250/242
f 212/249/241 202/250/242 213/251/243
f 213/251/243 202/250/242 203/252/244
f 213/251/243 203/252/244 204/253/245
f 204/253/245 120/254/206 213/251/243
f 213/251/243 120/254/206 119/255/204
f 213/251/243 119/255/204 212/249/241
f 212/249/241 119/255/204 118/256/155
f 212/249/241 118/256/155 211/247/239
f 211/247/239 118/256/155 117/257/154
f 211/247/239 117/257/154 210/245/237
f 210/245/237 117/257/154 116/258/202
f 210/245/237 116/258/202 209/243/235
f 209/243/235 116/258/202 115/259/174
f 209/243/235 115/259/174 208/241/233
f 208/241/233 115/259/174 114/260/173
f 208/241/233 114/260/173 207/239/231
f 207/239/231 114/260/173 113/261/200
f 207/239/231 113/261/200 206/237/229
f 206/237/229 113/261/200 112/262/199
f 206/237/229 112/262/199 205/235/227
f 205/235/227 112/262/199 111/263/198
f 205/235/227 111/263/198 110/233/194
f 100/264/128 99/265/127 229/266/246
f 229/266/246 99/265/127 233/267/247
f 229/266/246 233/267/247 234/268/248
f 234/268/248 233/267/247 239/269/249
f 234/268/248 239/269/249 228/270/250
f 228/270/250 239/269/249 227/271/251
f 227/271/251 239/269/249 226/272/252
f 226/272/252 239/269/249 244/273/253
f 226/272/252 244/273/253 225/274/254
f 225/274/254 244/273/253 224/275/255
f 224/275/255 244/273/253 249/276/256
f 224/275/255 249/276/256 223/277/257
f 223/277/257 249/276/256 254/278/258
f 223/277/257 254/278/258 222/279/259
f 222/279/259 254/278/258 221/280/260
f 221/280/260 254/278/258 259/281/261
f 221/280/260 259/281/261 220/282/262
f 220/282/262 259/281/261 264/283/263
f 220/282/262 264/283/263 219/284/264
f 219/284/264 264/283/263 218/285/265
f 218/285/265 264/283/263 269/286/266
f 218/285/265 269/286/266 217/287/267
f 217/287/267 269/286/266 216/288/268
f 216/288/268 269/286/266 274/289/269
f 216/288/268 274/289/269 215/290/270
f 215/290/270 274/289/269 214/291/271
f 214/291/271 274/289/269 273/292/272
f 214/291/271 273/292/272 272/293/273
f 272/293/273 273/292/272 267/294/274
f 272/293/273 267/294/274 266/295/275
f 266/295/275 267/294/274 261/296/276
f 266/295/275 261/296/276 260/297/277
f 260/297/277 261/296/276 255/298/278
f 260/297/277 255/298/278 124/299/212
f 124/299/212 255/298/278 125/300/217
f 125/300/217 255/298/278 250/301/279
f 125/300/217 250/301/279 126/302/218
f 126/302/218 250/301/279 245/303/280
f 126/302/218 245/303/280 127/304/139
f 127/304/139 245/303/280 240/305/281
f 127/304/139 240/305/281 128/306/138
f 128/306/138 240/305/281 235/307/282
f 128/306/138 235/307/282 129/308/136
f 129/308/136 235/307/282 230/309/283
f 129/308/136 230/309/283 99/265/127
f 99/265/127 230/309/283 231/310/284
f 99/265/127 231/310/284 232/311/285
f 232/311/285 231/310/284 237/312/286
f 232/311/285 237/312/286 238/313/287
f 238/313/287 237/312/286 243/314/288
f 238/313/287 243/314/288 244/273/253
f 244/273/253 243/314/288 249/276/256
f 124/299/212 123/315/211 260/297/277
f 260/297/277 123/315/211 265/316/289
f 260/297/277 265/316/289 266/295/275
f 266/295/275 265/316/289 271/317/290
f 266/295/275 271/317/290 272/293/273
f 272/293/273 271/317/290 120/318/206
f 272/293/273 120/318/206 214/291/271
f 123/315/211 122/319/210 265/316/289
f 265/316/289 122/319/210 270/320/291
f 265/316/289 270/320/291 271/317/290
f 271/317/290 270/320/291 120/318/206
f 122/319/210 121/321/208 270/320/291
f 270/320/291 121/321/208 120/318/206
f 228/270/250 229/266/246 234/268/248
f 233/267/247 99/265/127 232/311/285
f 231/310/284 230/309/283 236/322/292
f 236/322/292 230/309/283 235/307/282
f 236/322/292 235/307/282 241/323/293
f 241/323/293 235/307/282 240/305/281
f 241/323/293 240/305/281 246/324/294
f 246/324/294 240/305/281 245/303/280
f 246/324/294 245/303/280 251/325/295
f 251/325/295 245/303/280 250/301/279
f 251/325/295 250/301/279 256/326/296
f 256/326/296 250/301/279 255/298/278
f 256/326/296 255/298/278 261/296/276
f 239/269/249 233/267/247 238/313/287
f 238/313/287 233/267/247 232/311/285
f 231/310/284 236/322/292 237/312/286
f 237/312/286 236/322/292 242/327/297
f 237/312/286 242/327/297 243/314/288
f 243/314/288 242/327/297 248/328/298
f 243/314/288 248/328/298 249/276/256
f 249/276/256 248/328/298 254/278/258
f 242/327/297 236/322/292 241/323/293
f 244/273/253 239/269/249 238/313/287
f 242/327/297 241/323/293 247/329/299
f 247/329/299 241/323/293 246/324/294
f 247/329/299 246/324/294 252/330/300
f 252/330/300 246/324/294 251/325/295
f 252/330/300 251/325/295 257/331/301
f 257/331/301 251/325/295 256/326/296
f 257/331/301 256/326/296 262/332/302
f 262/332/302 256/326/296 261/296/276
f 262/332/302 261/296/276 267/294/274
f 242/327/297 247/329/299 248/328/298
f 248/328/298 247/329/299 253/333/303
f 248/328/298 253/333/303 254/278/258
f 254/278/258 253/333/303 259/281/261
f 253/333/303 247/329/299 252/330/300
f 253/333/303 252/330/300 258/334/304
f 258/334/304 252/330/300 257/331/301
f 258/334/304 257/331/301 263/335/305
f 263/335/305 257/331/301 262/332/302
f 263/335/305 262/332/302 268/336/306
f 268/336/306 262/332/302 267/294/274
f 268/336/306 267/294/274 273/292/272
f 264/283/263 259/281/261 258/334/304
f 258/334/304 259/281/261 253/333/303
f 264/283/263 258/334/304 263/335/305
f 269/286/266 264/283/263 263/335/305
f 269/286/266 263/335/305 268/336/306
f 274/289/269 269/286/266 268/336/306
f 274/289/269 268/336/306 273/292/272
f 214/337/307 275/338/308 215/339/309
f 215/339/309 275/338/308 285/340/310
f 215/339/309 285/340/310 216/341/311
f 216/341/311 285/340/310 286/342/312
f 216/341/311 286/342/312 217/343/313
f 217/343/313 286/342/312 218/344/314
f 218/344/314 286/342/312 287/345/315
f 218/344/314 287/345/315 219/346/316
f 219/346/316 287/345/315 220/347/317
f 220/347/317 287/345/315 288/348/318
f 220/347/317 288/348/318 221/349/319
f 221/349/319 288/348/318 289/350/320
f 221/349/319 289/350/320 222/351/321
f 222/351/321 289/350/320 223/352/322
f 223/352/322 289/350/320 290/353/323
f 223/352/322 290/353/323 224/354/324
f 224/354/324 290/353/323 291/355/325
f 224/354/324 291/355/325 225/356/326
f 225/356/326 291/355/325 226/357/327
f 226/357/327 291/355/325 292/358/328
f 226/357/327 292/358/328 227/359/329
f 227/359/329 292/358/328 228/360/330
f 228/360/330 292/358/328 293/361/331
f 228/360/330 293/361/331 229/362/332
f 229/362/332 293/361/331 100/363/128
f 100/363/128 293/361/331 93/364/126
f 93/364/126 293/361/331 284/365/333
f 284/365/333 293/361/331 283/366/334
f 283/366/334 293/361/331 292/358/328
f 283/366/334 292/358/328 282/367/335
f 282/367/335 292/358/328 291/355/325
f 282/367/335 291/355/325 281/368/336
f 281/368/336 291/355/325 290/353/323
f 281/368/336 290/353/323 280/369/337
f 280/369/337 290/353/323 289/350/320
f 280/369/337 289/350/320 279/370/338
f 279/370/338 289/350/320 288/348/318
f 279/370/338 288/348/318 278/371/339
f 278/371/339 288/348/318 287/345/315
f 278/371/339 287/345/315 277/372/340
f 277/372/340 287/345/315 286/342/312
f 277/372/340 286/342/312 276/373/341
f 276/373/341 286/342/312 285/340/310
f 276/373/341 285/340/310 275/338/308
f 99/374/127 98/375/125 304/376/342
f 304/376/342 98/375/125 294/377/343
f 304/376/342 294/377/343 305/378/344
f 305/378/344 294/377/343 295/379/345
f 305/378/344 295/379/345 306/380/346
f 306/380/346 295/379/345 296/381/347
f 306/380/346 296/381/347 307/382/348
f 307/382/348 296/381/347 297/383/349
f 307/382/348 297/383/349 308/384/350
f 308/384/350 297/383/349 298/385/351
f 308/384/350 298/385/351 309/386/352
f 309/386/352 298/385/351 299/387/353
f 309/386/352 299/387/353 310/388/354
f 310/388/354 299/387/353 300/389/355
f 310/388/354 300/389/355 311/390/356
f 311/390/356 300/389/355 301/391/357
f 311/390/356 301/391/357 312/392/358
f 312/392/358 301/391/357 302/393/359
f 312/392/358 302/393/359 303/394/360
f 303/394/360 110/395/194 312/392/358
f 312/392/358 110/395/194 109/396/189
f 312/392/358 109/396/189 311/390/356
f 311/390/356 109/396/189 108/397/185
f 311/390/356 108/397/185 310/388/354
f 310/388/354 108/397/185 107/398/184
f 310/388/354 107/398/184 309/386/352
f 309/386/352 107/398/184 106/399/183
f 309/386/352 106/399/183 308/384/350
f 308/384/350 106/399/183 105/400/179
f 308/384/350 105/400/179 307/382/348
f 307/382/348 105/400/179 104/401/177
f 307/382/348 104/401/177 306/380/346
f 306/380/346 104/401/177 103/402/175
f 306/380/346 103/402/175 305/378/344
f 305/378/344 103/402/175 102/403/156
f 305/378/344 102/403/156 304/376/342
f 304/376/342 102/403/156 101/404/133
f 304/376/342 101/404/133 99/374/127
f 13/405/38 313/406/361 38/407/39
f 38/407/39 313/406/361 369/408/362
f 369/408/362 313/406/361 314/409/363
f 369/408/362 314/409/363 368/410/364
f 368/410/364 314/409/363 315/411/365
f 368/410/364 315/411/365 367/412/366
f 367/412/366 315/411/365 316/413/367
f 367/412/366 316/413/367 366/414/368
f 366/414/368 316/413/367 317/415/369
f 366/414/368 317/415/369 365/416/370
f 365/416/370 317/415/369 318/417/371
f 365/416/370 318/417/371 364/418/372
f 364/418/372 318/417/371 319/419/373
f 364/418/372 319/419/373 363/420/374
f 363/420/374 319/419/373 320/421/375
f 363/420/374 320/421/375 362/422/376
f 362/422/376 320/421/375 321/423/377
f 362/422/376 321/423/377 361/424/378
f 361/424/378 321/423/377 322/425/379
f 361/424/378 322/425/379 360/426/380
f 360/426/380 322/425/379 323/427/381
f 360/426/380 323/427/381 359/428/382
f 359/428/382 323/427/381 324/429/383
f 359/428/382 324/429/383 358/430/384
f 358/430/384 324/429/383 325/431/385
f 358/430/384 325/431/385 357/432/386
f 357/432/386 325/431/385 356/433/387
f 356/433/387 325/431/385 326/434/388
f 356/433/387 326/434/388 340/435/389
f 340/435/389 326/434/388 204/436/245
f 204/436/245 326/434/388 327/437/390
f 204/436/245 327/437/390 328/438/391
f 328/438/391 329/439/392 204/436/245
f 204/436/245 329/439/392 330/440/393
f 204/436/245 330/440/393 331/441/394
f 331/441/394 332/442/395 204/436/245
f 204/436/245 332/442/395 333/443/396
f 204/436/245 333/443/396 334/444/397
f 334/444/397 335/445/398 204/436/245
f 204/436/245 335/445/398 120/446/206
f 120/446/206 335/445/398 336/447/399
f 120/446/206 336/447/399 337/448/400
f 337/448/400 338/449/401 120/446/206
f 120/446/206 338/449/401 339/450/402
f 120/446/206 339/450/402 214/451/271
f 341/452/403 347/453/404 340/435/389
f 340/435/389 347/453/404 348/454/405
f 340/435/389 348/454/405 349/455/406
f 342/456/407 343/457/408 341/452/403
f 341/452/403 343/457/408 344/458/409
f 341/452/403 344/458/409 345/459/410
f 345/459/410 346/460/411 341/452/403
f 341/452/403 346/460/411 347/453/404
f 349/455/406 350/461/412 340/435/389
f 340/435/389 350/461/412 351/462/413
f 340/435/389 351/462/413 352/463/414
f 352/463/414 353/464/415 340/435/389
f 340/435/389 353/464/415 354/465/416
f 340/435/389 354/465/416 355/466/417
f 355/466/417 356/433/387 340/435/389
f 370/467/418 194/468/226 372/469/419
f 372/469/419 194/468/226 371/470/420
f 371/470/420 194/468/226 303/471/360
f 303/471/360 194/468/226 110/472/194
f 95/473/132 94/474/130 397/475/421
f 397/475/421 94/474/130 398/476/422
f 397/475/421 398/476/422 396/477/423
f 396/477/423 398/476/422 399/478/424
f 396/477/423 399/478/424 395/479/425
f 395/479/425 399/478/424 394/480/426
f 394/480/426 399/478/424 400/481/427
f 394/480/426 400/481/427 393/482/428
f 393/482/428 400/481/427 392/483/429
f 392/483/429 400/481/427 401/484/430
f 392/483/429 401/484/430 391/485/431
f 391/485/431 401/484/430 402/486/432
f 391/485/431 402/486/432 390/487/433
f 390/487/433 402/486/432 389/488/434
f 389/488/434 402/486/432 403/489/435
f 389/488/434 403/489/435 388/490/436
f 388/490/436 403/489/435 404/491/437
f 388/490/436 404/491/437 387/492/438
f 387/492/438 404/491/437 386/493/439
f 386/493/439 404/491/437 405/494/440
f 386/493/439 405/494/440 385/495/441
f 385/495/441 405/494/440 384/496/442
f 384/496/442 405/494/440 406/497/443
f 384/496/442 406/497/443 383/498/444
f 383/498/444 406/497/443 342/499/445
f 342/499/445 406/497/443 382/500/446
f 382/500/446 406/497/443 381/501/447
f 381/501/447 406/497/443 380/502/448
f 380/502/448 406/497/443 405/494/440
f 380/502/448 405/494/440 379/503/449
f 379/503/449 405/494/440 404/491/437
f 379/503/449 404/491/437 378/504/450
f 378/504/450 404/491/437 403/489/435
f 378/504/450 403/489/435 377/505/451
f 377/505/451 403/489/435 402/486/432
f 377/505/451 402/486/432 376/506/452
f 376/506/452 402/486/432 401/484/430
f 376/506/452 401/484/430 375/507/453
f 375/507/453 401/484/430 400/481/427
f 375/507/453 400/481/427 374/508/454
f 374/508/454 400/481/427 399/478/424
f 374/508/454 399/478/424 373/509/455
f 373/509/455 399/478/424 398/476/422
f 373/509/455 398/476/422 94/474/130
f 407/510/456 446/511/457 96/512/131
f 96/512/131 446/511/457 445/513/458
f 96/512/131 445/513/458 434/514/459
f 434/514/459 445/513/458 484/515/460
f 434/514/459 484/515/460 433/516/461
f 433/516/461 484/515/460 432/517/462
f 432/517/462 484/515/460 483/518/463
f 432/517/462 483/518/463 491/519/464
f 491/519/464 483/518/463 482/520/465
f 491/519/464 482/520/465 490/521/466
f 490/521/466 482/520/465 481/522/467
f 490/521/466 481/522/467 489/523/468
f 489/523/468 481/522/467 480/524/469
f 489/523/468 480/524/469 488/525/470
f 488/525/470 480/524/469 479/526/471
f 488/525/470 479/526/471 487/527/472
f 487/527/472 479/526/471 478/528/473
f 487/527/472 478/528/473 486/529/474
f 486/529/474 478/528/473 477/530/475
f 486/529/474 477/530/475 485/531/476
f 485/531/476 477/530/475 422/532/477
f 485/531/476 422/532/477 423/533/478
f 407/510/456 408/534/479 446/511/457
f 446/511/457 408/534/479 455/535/480
f 446/511/457 455/535/480 447/536/481
f 447/536/481 455/535/480 456/537/482
f 447/536/481 456/537/482 448/538/483
f 448/538/483 456/537/482 457/539/484
f 448/538/483 457/539/484 449/540/485
f 449/540/485 457/539/484 458/541/486
f 449/540/485 458/541/486 450/542/487
f 450/542/487 458/541/486 459/543/488
f 450/542/487 459/543/488 451/544/489
f 451/544/489 459/543/488 460/545/490
f 451/544/489 460/545/490 452/546/491
f 452/546/491 460/545/490 461/547/492
f 452/546/491 461/547/492 453/548/493
f 453/548/493 461/547/492 462/549/494
f 453/548/493 462/549/494 454/550/495
f 454/550/495 462/549/494 419/551/496
f 454/550/495 419/551/496 420/552/497
f 408/534/479 409/553/498 455/535/480
f 455/535/480 409/553/498 456/537/482
f 456/537/482 409/553/498 463/554/499
f 463/554/499 409/553/498 410/555/500
f 463/554/499 410/555/500 464/556/501
f 464/556/501 410/555/500 411/557/502
f 464/556/501 411/557/502 465/558/503
f 465/558/503 411/557/502 470/559/504
f 465/558/503 470/559/504 471/560/505
f 471/560/505 470/559/504 412/561/506
f 471/560/505 412/561/506 413/562/507
f 411/557/502 412/561/506 470/559/504
f 414/563/508 474/564/509 413/562/507
f 413/562/507 474/564/509 472/565/510
f 413/562/507 472/565/510 471/560/505
f 471/560/505 472/565/510 466/566/511
f 471/560/505 466/566/511 465/558/503
f 465/558/503 466/566/511 458/541/486
f 465/558/503 458/541/486 457/539/484
f 414/563/508 415/567/512 474/564/509
f 474/564/509 415/567/512 475/568/513
f 474/564/509 475/568/513 472/565/510
f 472/565/510 475/568/513 473/569/514
f 472/565/510 473/569/514 467/570/515
f 467/570/515 473/569/514 468/571/516
f 467/570/515 468/571/516 460/545/490
f 460/545/490 468/571/516 461/547/492
f 415/567/512 341/572/403 475/568/513
f 475/568/513 341/572/403 476/573/517
f 475/568/513 476/573/517 473/569/514
f 473/569/514 476/573/517 435/574/518
f 473/569/514 435/574/518 468/571/516
f 468/571/516 435/574/518 469/575/519
f 468/571/516 469/575/519 461/547/492
f 461/547/492 469/575/519 462/549/494
f 341/572/403 416/576/520 476/573/517
f 476/573/517 416/576/520 435/574/518
f 416/576/520 417/577/521 435/574/518
f 435/574/518 417/577/521 469/575/519
f 417/577/521 418/578/522 469/575/519
f 469/575/519 418/578/522 462/549/494
f 418/578/522 419/551/496 462/549/494
f 454/550/495 420/552/497 437/579/523
f 437/579/523 420/552/497 421/580/524
f 437/579/523 421/580/524 477/530/475
f 477/530/475 421/580/524 422/532/477
f 485/531/476 423/533/478 436/581/525
f 436/581/525 423/533/478 424/582/526
f 436/581/525 424/582/526 498/583/527
f 498/583/527 424/582/526 425/584/528
f 498/583/527 425/584/528 497/585/529
f 497/585/529 425/584/528 426/586/530
f 497/585/529 426/586/530 496/587/531
f 496/587/531 426/586/530 427/588/532
f 496/587/531 427/588/532 428/589/533
f 429/590/534 494/591/535 428/589/533
f 428/589/533 494/591/535 493/592/536
f 428/589/533 493/592/536 496/587/531
f 496/587/531 493/592/536 492/593/537
f 496/587/531 492/593/537 497/585/529
f 497/585/529 492/593/537 436/581/525
f 497/585/529 436/581/525 498/583/527
f 494/591/535 429/590/534 495/594/538
f 495/594/538 429/590/534 430/595/539
f 495/594/538 430/595/539 489/523/468
f 489/523/468 430/595/539 490/521/466
f 430/595/539 431/596/540 490/521/466
f 490/521/466 431/596/540 491/519/464
f 431/596/540 432/517/462 491/519/464
f 453/548/493 454/550/495 438/597/541
f 438/597/541 454/550/495 437/579/523
f 438/597/541 437/579/523 478/528/473
f 478/528/473 437/579/523 477/530/475
f 452/546/491 453/548/493 439/598/542
f 439/598/542 453/548/493 438/597/541
f 439/598/542 438/597/541 479/526/471
f 479/526/471 438/597/541 478/528/473
f 451/544/489 452/546/491 440/599/543
f 440/599/543 452/546/491 439/598/542
f 440/599/543 439/598/542 480/524/469
f 480/524/469 439/598/542 479/526/471
f 450/542/487 451/544/489 441/600/544
f 441/600/544 451/544/489 440/599/543
f 441/600/544 440/599/543 481/522/467
f 481/522/467 440/599/543 480/524/469
f 449/540/485 450/542/487 442/601/545
f 442/601/545 450/542/487 441/600/544
f 442/601/545 441/600/544 482/520/465
f 482/520/465 441/600/544 481/522/467
f 448/538/483 449/540/485 443/602/546
f 443/602/546 449/540/485 442/601/545
f 443/602/546 442/601/545 483/518/463
f 483/518/463 442/601/545 482/520/465
f 447/536/481 448/538/483 444/603/547
f 444/603/547 448/538/483 443/602/546
f 444/603/547 443/602/546 484/515/460
f 484/515/460 443/602/546 483/518/463
f 446/511/457 447/536/481 445/513/458
f 445/513/458 447/536/481 444/603/547
f 445/513/458 444/603/547 484/515/460
f 463/554/499 464/556/501 456/537/482
f 456/537/482 464/556/501 457/539/484
f 464/556/501 465/558/503 457/539/484
f 467/570/515 460/545/490 459/543/488
f 467/570/515 459/543/488 466/566/511
f 466/566/511 459/543/488 458/541/486
f 472/565/510 467/570/515 466/566/511
f 436/581/525 492/593/537 485/531/476
f 485/531/476 492/593/537 486/529/474
f 492/593/537 493/592/536 486/529/474
f 486/529/474 493/592/536 487/527/472
f 495/594/538 489/523/468 488/525/470
f 493/592/536 494/591/535 487/527/472
f 487/527/472 494/591/535 488/525/470
f 494/591/535 495/594/538 488/525/470
f 341/604/403 340/605/389 509/606/548
f 509/606/548 340/605/389 499/607/549
f 509/606/548 499/607/549 510/608/550
f 510/608/550 499/607/549 500/609/551
f 510/608/550 500/609/551 511/610/552
f 511/610/552 500/609/551 501/611/553
f 511/610/552 501/611/553 512/612/554
f 512/612/554 501/611/553 502/613/555
f 512/612/554 502/613/555 513/614/556
f 513/614/556 502/613/555 503/615/557
f 513/614/556 503/615/557 514/616/558
f 514/616/558 503/615/557 504/617/559
f 514/616/558 504/617/559 515/618/560
f 515/618/560 504/617/559 505/619/561
f 515/618/560 505/619/561 516/620/562
f 516/620/562 505/619/561 506/621/563
f 516/620/562 506/621/563 517/622/564
f 517/622/564 506/621/563 507/623/565
f 517/622/564 507/623/565 508/624/566
f 508/624/566 425/625/528 517/622/564
f 517/622/564 425/625/528 424/626/526
f 517/622/564 424/626/526 516/620/562
f 516/620/562 424/626/526 423/627/478
f 516/620/562 423/627/478 515/618/560
f 515/618/560 423/627/478 422/628/477
f 515/618/560 422/628/477 514/616/558
f 514/616/558 422/628/477 421/629/524
f 514/616/558 421/629/524 513/614/556
f 513/614/556 421/629/524 420/630/497
f 513/614/556 420/630/497 512/612/554
f 512/612/554 420/630/497 419/631/496
f 512/612/554 419/631/496 511/610/552
f 511/610/552 419/631/496 418/632/522
f 511/610/552 418/632/522 510/608/550
f 510/608/550 418/632/522 417/633/521
f 510/608/550 417/633/521 509/606/548
f 509/606/548 417/633/521 416/634/520
f 509/606/548 416/634/520 341/604/403
f 425/635/528 518/636/567 528/637/568
f 528/637/568 518/636/567 519/638/569
f 528/637/568 519/638/569 529/639/570
f 529/639/570 519/638/569 520/640/571
f 529/639/570 520/640/571 530/641/572
f 530/641/572 520/640/571 521/642/573
f 530/641/572 521/642/573 531/643/574
f 531/643/574 521/642/573 522/644/575
f 531/643/574 522/644/575 532/645/576
f 532/645/576 522/644/575 523/646/577
f 532/645/576 523/646/577 533/647/578
f 533/647/578 523/646/577 524/648/579
f 533/647/578 524/648/579 534/649/580
f 534/649/580 524/648/579 525/650/581
f 534/649/580 525/650/581 535/651/582
f 535/651/582 525/650/581 526/652/583
f 535/651/582 526/652/583 536/653/584
f 536/653/584 526/652/583 527/654/585
f 536/653/584 527/654/585 97/655/129
f 97/655/129 96/656/131 536/653/584
f 536/653/584 96/656/131 434/657/459
f 536/653/584 434/657/459 535/651/582
f 535/651/582 434/657/459 433/658/461
f 535/651/582 433/658/461 534/649/580
f 534/649/580 433/658/461 432/659/462
f 534/649/580 432/659/462 533/647/578
f 533/647/578 432/659/462 431/660/540
f 533/647/578 431/660/540 532/645/576
f 532/645/576 431/660/540 430/661/539
f 532/645/576 430/661/539 531/643/574
f 531/643/574 430/661/539 429/662/534
f 531/643/574 429/662/534 530/641/572
f 530/641/572 429/662/534 428/663/533
f 530/641/572 428/663/533 529/639/570
f 529/639/570 428/663/533 427/664/532
f 529/639/570 427/664/532 528/637/568
f 528/637/568 427/664/532 426/665/530
f 528/637/568 426/665/530 425/635/528
f 342/666/407 341/667/403 383/668/586
f 383/668/586 341/667/403 540/669/587
f 383/668/586 540/669/587 541/670/588
f 541/670/588 540/669/587 546/671/589
f 541/670/588 546/671/589 384/672/590
f 384/672/590 546/671/589 385/673/591
f 385/673/591 546/671/589 386/674/592
f 386/674/592 546/671/589 551/675/593
f 386/674/592 551/675/593 387/676/594
f 387/676/594 551/675/593 388/677/595
f 388/677/595 551/675/593 556/678/596
f 388/677/595 556/678/596 389/679/597
f 389/679/597 556/678/596 561/680/598
f 389/679/597 561/680/598 390/681/599
f 390/681/599 561/680/598 391/682/600
f 391/682/600 561/680/598 566/683/601
f 391/682/600 566/683/601 392/684/602
f 392/684/602 566/683/601 571/685/603
f 392/684/602 571/685/603 393/686/604
f 393/686/604 571/685/603 394/687/605
f 394/687/605 571/685/603 576/688/606
f 394/687/605 576/688/606 395/689/607
f 395/689/607 576/688/606 396/690/608
f 396/690/608 576/688/606 581/691/609
f 396/690/608 581/691/609 397/692/610
f 397/692/610 581/691/609 95/693/132
f 95/693/132 581/691/609 580/694/611
f 95/693/132 580/694/611 579/695/612
f 579/695/612 580/694/611 574/696/613
f 579/695/612 574/696/613 573/697/614
f 573/697/614 574/696/613 568/698/615
f 573/697/614 568/698/615 567/699/616
f 567/699/616 568/698/615 562/700/617
f 567/699/616 562/700/617 410/701/500
f 410/701/500 562/700/617 411/702/502
f 411/702/502 562/700/617 557/703/618
f 411/702/502 557/703/618 412/704/506
f 412/704/506 557/703/618 552/705/619
f 412/704/506 552/705/619 413/706/507
f 413/706/507 552/705/619 547/707/620
f 413/706/507 547/707/620 414/708/508
f 414/708/508 547/707/620 542/709/621
f 414/708/508 542/709/621 415/710/512
f 415/710/512 542/709/621 537/711/622
f 415/710/512 537/711/622 341/667/403
f 341/667/403 537/711/622 538/712/623
f 341/667/403 538/712/623 539/713/624
f 539/713/624 538/712/623 544/714/625
f 539/713/624 544/714/625 545/715/626
f 545/715/626 544/714/625 550/716/627
f 545/715/626 550/716/627 551/675/593
f 551/675/593 550/716/627 556/678/596
f 410/701/500 409/717/498 567/699/616
f 567/699/616 409/717/498 572/718/628
f 567/699/616 572/718/628 573/697/614
f 573/697/614 572/718/628 578/719/629
f 573/697/614 578/719/629 579/695/612
f 579/695/612 578/719/629 96/720/131
f 579/695/612 96/720/131 95/693/132
f 409/717/498 408/721/479 572/718/628
f 572/718/628 408/721/479 577/722/630
f 572/718/628 577/722/630 578/719/629
f 578/719/629 577/722/630 96/720/131
f 408/721/479 407/723/456 577/722/630
f 577/722/630 407/723/456 96/720/131
f 384/672/590 383/668/586 541/670/588
f 540/669/587 341/667/403 539/713/624
f 538/712/623 537/711/622 543/724/631
f 543/724/631 537/711/622 542/709/621
f 543/724/631 542/709/621 548/725/632
f 548/725/632 542/709/621 547/707/620
f 548/725/632 547/707/620 553/726/633
f 553/726/633 547/707/620 552/705/619
f 553/726/633 552/705/619 558/727/634
f 558/727/634 552/705/619 557/703/618
f 558/727/634 557/703/618 563/728/635
f 563/728/635 557/703/618 562/700/617
f 563/728/635 562/700/617 568/698/615
f 546/671/589 540/669/587 545/715/626
f 545/715/626 540/669/587 539/713/624
f 538/712/623 543/724/631 544/714/625
f 544/714/625 543/724/631 549/729/636
f 544/714/625 549/729/636 550/716/627
f 550/716/627 549/729/636 555/730/637
f 550/716/627 555/730/637 556/678/596
f 556/678/596 555/730/637 561/680/598
f 549/729/636 543/724/631 548/725/632
f 551/675/593 546/671/589 545/715/626
f 549/729/636 548/725/632 554/731/638
f 554/731/638 548/725/632 553/726/633
f 554/731/638 553/726/633 559/732/639
f 559/732/639 553/726/633 558/727/634
f 559/732/639 558/727/634 564/733/640
f 564/733/640 558/727/634 563/728/635
f 564/733/640 563/728/635 569/734/641
f 569/734/641 563/728/635 568/698/615
f 569/734/641 568/698/615 574/696/613
f 549/729/636 554/731/638 555/730/637
f 555/730/637 554/731/638 560/735/642
f 555/730/637 560/735/642 561/680/598
f 561/680/598 560/735/642 566/683/601
f 560/735/642 554/731/638 559/732/639
f 560/735/642 559/732/639 565/736/643
f 565/736/643 559/732/639 564/733/640
f 565/736/643 564/733/640 570/737/644
f 570/737/644 564/733/640 569/734/641
f 570/737/644 569/734/641 575/738/645
f 575/738/645 569/734/641 574/696/613
f 575/738/645 574/696/613 580/694/611
f 571/685/603 566/683/601 565/736/643
f 565/736/643 566/683/601 560/735/642
f 571/685/603 565/736/643 570/737/644
f 576/688/606 571/685/603 570/737/644
f 576/688/606 570/737/644 575/738/645
f 581/691/609 576/688/606 575/738/645
f 581/691/609 575/738/645 580/694/611
f 382/739/446 582/740/646 342/741/445
f 342/741/445 582/740/646 343/742/647
f 604/743/648 583/744/649 603/745/650
f 603/745/650 583/744/649 584/746/651
f 603/745/650 584/746/651 602/747/652
f 602/747/652 584/746/651 585/748/653
f 602/747/652 585/748/653 601/749/654
f 601/749/654 585/748/653 586/750/655
f 601/749/654 586/750/655 600/751/656
f 600/751/656 586/750/655 587/752/657
f 600/751/656 587/752/657 599/753/658
f 599/753/658 587/752/657 588/754/659
f 599/753/658 588/754/659 598/755/660
f 598/755/660 588/754/659 589/756/661
f 598/755/660 589/756/661 597/757/662
f 597/757/662 589/756/661 590/758/663
f 597/757/662 590/758/663 596/759/664
f 596/759/664 590/758/663 591/760/665
f 596/759/664 591/760/665 595/761/666
f 595/761/666 591/760/665 592/762/667
f 595/761/666 592/762/667 594/763/668
f 594/763/668 592/762/667 593/764/669
f 605/765/670 606/766/671 642/767/672
f 642/767/672 606/766/671 653/768/673
f 642/767/672 653/768/673 641/769/674
f 641/769/674 653/768/673 662/770/675
f 641/769/674 662/770/675 640/771/676
f 640/771/676 662/770/675 671/772/677
f 640/771/676 671/772/677 639/773/678
f 639/773/678 671/772/677 680/774/679
f 639/773/678 680/774/679 638/775/680
f 638/775/680 680/774/679 689/776/681
f 638/775/680 689/776/681 637/777/682
f 637/777/682 689/776/681 699/778/683
f 637/777/682 699/778/683 636/779/684
f 636/779/684 699/778/683 698/780/685
f 636/779/684 698/780/685 635/781/686
f 635/781/686 698/780/685 715/782/687
f 635/781/686 715/782/687 634/783/688
f 634/783/688 715/782/687 724/784/689
f 634/783/688 724/784/689 633/785/690
f 633/785/690 724/784/689 732/786/691
f 633/785/690 732/786/691 632/787/692
f 632/787/692 732/786/691 742/788/693
f 632/787/692 742/788/693 631/789/694
f 631/789/694 742/788/693 741/790/695
f 631/789/694 741/790/695 630/791/696
f 630/791/696 741/790/695 759/792/697
f 630/791/696 759/792/697 629/793/698
f 629/793/698 759/792/697 768/794/699
f 629/793/698 768/794/699 628/795/700
f 628/795/700 768/794/699 777/796/701
f 628/795/700 777/796/701 584/797/702
f 584/797/702 777/796/701 585/798/703
f 585/798/703 777/796/701 776/799/704
f 585/798/703 776/799/704 586/800/705
f 586/800/705 776/799/704 775/801/706
f 586/800/705 775/801/706 587/802/707
f 587/802/707 775/801/706 774/803/708
f 587/802/707 774/803/708 588/804/709
f 588/804/709 774/803/708 773/805/710
f 588/804/709 773/805/710 589/806/711
f 589/806/711 773/805/710 772/807/712
f 589/806/711 772/807/712 590/808/713
f 590/808/713 772/807/712 771/809/714
f 590/808/713 771/809/714 591/810/715
f 591/810/715 771/809/714 770/811/716
f 591/810/715 770/811/716 592/812/717
f 592/812/717 770/811/716 769/813/718
f 592/812/717 769/813/718 593/814/669
f 593/814/669 769/813/718 627/815/719
f 627/815/719 769/813/718 760/816/720
f 627/815/719 760/816/720 626/817/721
f 626/817/721 760/816/720 751/818/722
f 626/817/721 751/818/722 625/819/723
f 625/819/723 751/818/722 733/820/724
f 625/819/723 733/820/724 624/821/725
f 624/821/725 733/820/724 750/822/726
f 624/821/725 750/822/726 643/823/727
f 643/823/727 750/822/726 749/824/728
f 643/823/727 749/824/728 725/825/729
f 725/825/729 749/824/728 748/826/730
f 725/825/729 748/826/730 726/827/731
f 726/827/731 748/826/730 747/828/732
f 726/827/731 747/828/732 727/829/733
f 727/829/733 747/828/732 746/830/734
f 727/829/733 746/830/734 728/831/735
f 728/831/735 746/830/734 745/832/736
f 728/831/735 745/832/736 729/833/737
f 729/833/737 745/832/736 744/834/738
f 729/833/737 744/834/738 730/835/739
f 730/835/739 744/834/738 743/836/740
f 730/835/739 743/836/740 731/837/741
f 731/837/741 743/836/740 742/788/693
f 731/837/741 742/788/693 732/786/691
f 606/766/671 607/838/742 653/768/673
f 653/768/673 607/838/742 652/839/743
f 653/768/673 652/839/743 662/770/675
f 662/770/675 652/839/743 661/840/744
f 662/770/675 661/840/744 671/772/677
f 671/772/677 661/840/744 670/841/745
f 671/772/677 670/841/745 680/774/679
f 680/774/679 670/841/745 679/842/746
f 680/774/679 679/842/746 689/776/681
f 689/776/681 679/842/746 688/843/747
f 689/776/681 688/843/747 699/778/683
f 699/778/683 688/843/747 700/844/748
f 699/778/683 700/844/748 698/780/685
f 698/780/685 700/844/748 697/845/749
f 698/780/685 697/845/749 715/782/687
f 715/782/687 697/845/749 714/846/750
f 715/782/687 714/846/750 724/784/689
f 724/784/689 714/846/750 723/847/751
f 724/784/689 723/847/751 732/786/691
f 732/786/691 723/847/751 731/837/741
f 607/838/742 608/848/752 652/839/743
f 652/839/743 608/848/752 651/849/753
f 652/839/743 651/849/753 661/840/744
f 661/840/744 651/849/753 660/850/754
f 661/840/744 660/850/754 670/841/745
f 670/841/745 660/850/754 669/851/755
f 670/841/745 669/851/755 679/842/746
f 679/842/746 669/851/755 678/852/756
f 679/842/746 678/852/756 688/843/747
f 688/843/747 678/852/756 687/853/757
f 688/843/747 687/853/757 700/844/748
f 700/844/748 687/853/757 701/854/758
f 700/844/748 701/854/758 697/845/749
f 697/845/749 701/854/758 696/855/759
f 697/845/749 696/855/759 714/846/750
f 714/846/750 696/855/759 713/856/760
f 714/846/750 713/856/760 723/847/751
f 723/847/751 713/856/760 722/857/761
f 723/847/751 722/857/761 731/837/741
f 731/837/741 722/857/761 730/835/739
f 608/848/752 609/858/762 651/849/753
f 651/849/753 609/858/762 650/859/763
f 651/849/753 650/859/763 660/850/754
f 660/850/754 650/859/763 659/860/764
f 660/850/754 659/860/764 669/851/755
f 669/851/755 659/860/764 668/861/765
f 669/851/755 668/861/765 678/852/756
f 678/852/756 668/861/765 677/862/766
f 678/852/756 677/862/766 687/853/757
f 687/853/757 677/862/766 686/863/767
f 687/853/757 686/863/767 701/854/758
f 701/854/758 686/863/767 702/864/768
f 701/854/758 702/864/768 696/855/759
f 696/855/759 702/864/768 695/865/769
f 696/855/759 695/865/769 713/856/760
f 713/856/760 695/865/769 712/866/770
f 713/856/760 712/866/770 722/857/761
f 722/857/761 712/866/770 721/867/771
f 722/857/761 721/867/771 730/835/739
f 730/835/739 721/867/771 729/833/737
f 609/858/762 610/868/772 650/859/763
f 650/859/763 610/868/772 649/869/773
f 650/859/763 649/869/773 659/860/764
f 659/860/764 649/869/773 658/870/774
f 659/860/764 658/870/774 668/861/765
f 668/861/765 658/870/774 667/871/775
f 668/861/765 667/871/775 677/862/766
f 677/862/766 667/871/775 676/872/776
f 677/862/766 676/872/776 686/863/767
f 686/863/767 676/872/776 685/873/777
f 686/863/767 685/873/777 702/864/768
f 702/864/768 685/873/777 703/874/778
f 702/864/768 703/874/778 695/865/769
f 695/865/769 703/874/778 694/875/779
f 695/865/769 694/875/779 712/866/770
f 712/866/770 694/875/779 711/876/780
f 712/866/770 711/876/780 721/867/771
f 721/867/771 711/876/780 720/877/781
f 721/867/771 720/877/781 729/833/737
f 729/833/737 720/877/781 728/831/735
f 610/868/772 611/878/782 649/869/773
f 649/869/773 611/878/782 648/879/783
f 649/869/773 648/879/783 658/870/774
f 658/870/774 648/879/783 657/880/784
f 658/870/774 657/880/784 667/871/775
f 667/871/775 657/880/784 666/881/785
f 667/871/775 666/881/785 676/872/776
f 676/872/776 666/881/785 675/882/786
f 676/872/776 675/882/786 685/873/777
f 685/873/777 675/882/786 684/883/787
f 685/873/777 684/883/787 703/874/778
f 703/874/778 684/883/787 704/884/788
f 703/874/778 704/884/788 694/875/779
f 694/875/779 704/884/788 693/885/789
f 694/875/779 693/885/789 711/876/780
f 711/876/780 693/885/789 710/886/790
f 711/876/780 710/886/790 720/877/781
f 720/877/781 710/886/790 719/887/791
f 720/877/781 719/887/791 728/831/735
f 728/831/735 719/887/791 727/829/733
f 611/878/782 612/888/792 648/879/783
f 648/879/783 612/888/792 647/889/793
f 648/879/783 647/889/793 657/880/784
f 657/880/784 647/889/793 656/890/794
f 657/880/784 656/890/794 666/881/785
f 666/881/785 656/890/794 665/891/795
f 666/881/785 665/891/795 675/882/786
f 675/882/786 665/891/795 674/892/796
f 675/882/786 674/892/796 684/883/787
f 684/883/787 674/892/796 683/893/797
f 684/883/787 683/893/797 704/884/788
f 704/884/788 683/893/797 705/894/798
f 704/884/788 705/894/798 693/885/789
f 693/885/789 705/894/798 692/895/799
f 693/885/789 692/895/799 710/886/790
f 710/886/790 692/895/799 709/896/800
f 710/886/790 709/896/800 719/887/791
f 719/887/791 709/896/800 718/897/801
f 719/887/791 718/897/801 727/829/733
f 727/829/733 718/897/801 726/827/731
f 612/888/792 613/898/802 647/889/793
f 647/889/793 613/898/802 646/899/803
f 647/889/793 646/899/803 656/890/794
f 656/890/794 646/899/803 655/900/804
f 656/890/794 655/900/804 665/891/795
f 665/891/795 655/900/804 664/901/805
f 665/891/795 664/901/805 674/892/796
f 674/892/796 664/901/805 673/902/806
f 674/892/796 673/902/806 683/893/797
f 683/893/797 673/902/806 682/903/807
f 683/893/797 682/903/807 705/894/798
f 705/894/798 682/903/807 706/904/808
f 705/894/798 706/904/808 692/895/799
f 692/895/799 706/904/808 691/905/809
f 692/895/799 691/905/809 709/896/800
f 709/896/800 691/905/809 708/906/810
f 709/896/800 708/906/810 718/897/801
f 718/897/801 708/906/810 717/907/811
f 718/897/801 717/907/811 726/827/731
f 726/827/731 717/907/811 725/825/729
f 613/898/802 614/908/812 646/899/803
f 646/899/803 614/908/812 645/909/813
f 646/899/803 645/909/813 655/900/804
f 655/900/804 645/909/813 654/910/814
f 655/900/804 654/910/814 664/901/805
f 664/901/805 654/910/814 663/911/815
f 664/901/805 663/911/815 673/902/806
f 673/902/806 663/911/815 672/912/816
f 673/902/806 672/912/816 682/903/807
f 682/903/807 672/912/816 681/913/817
f 682/903/807 681/913/817 706/904/808
f 706/904/808 681/913/817 644/914/818
f 706/904/808 644/914/818 691/905/809
f 691/905/809 644/914/818 690/915/819
f 691/905/809 690/915/819 708/906/810
f 708/906/810 690/915/819 707/916/820
f 708/906/810 707/916/820 717/907/811
f 717/907/811 707/916/820 716/917/821
f 717/907/811 716/917/821 725/825/729
f 725/825/729 716/917/821 643/823/727
f 614/908/812 615/918/822 645/909/813
f 645/909/813 615/918/822 616/919/823
f 645/909/813 616/919/823 654/910/814
f 654/910/814 616/919/823 617/920/824
f 654/910/814 617/920/824 663/911/815
f 663/911/815 617/920/824 618/921/825
f 663/911/815 618/921/825 672/912/816
f 672/912/816 618/921/825 619/922/826
f 672/912/816 619/922/826 681/913/817
f 681/913/817 619/922/826 644/914/818
f 619/922/826 620/923/827 644/914/818
f 644/914/818 620/923/827 690/915/819
f 620/923/827 621/924/828 690/915/819
f 690/915/819 621/924/828 707/916/820
f 621/924/828 622/925/829 707/916/820
f 707/916/820 622/925/829 716/917/821
f 622/925/829 623/926/830 716/917/821
f 716/917/821 623/926/830 643/823/727
f 623/926/830 624/821/725 643/823/727
f 584/797/702 583/927/831 628/795/700
f 749/824/728 750/822/726 734/928/832
f 734/928/832 750/822/726 733/820/724
f 734/928/832 733/820/724 752/929/833
f 752/929/833 733/820/724 751/818/722
f 752/929/833 751/818/722 761/930/834
f 761/930/834 751/818/722 760/816/720
f 761/930/834 760/816/720 770/811/716
f 770/811/716 760/816/720 769/813/718
f 748/826/730 749/824/728 735/931/835
f 735/931/835 749/824/728 734/928/832
f 735/931/835 734/928/832 753/932/836
f 753/932/836 734/928/832 752/929/833
f 753/932/836 752/929/833 762/933/837
f 762/933/837 752/929/833 761/930/834
f 762/933/837 761/930/834 771/809/714
f 771/809/714 761/930/834 770/811/716
f 747/828/732 748/826/730 736/934/838
f 736/934/838 748/826/730 735/931/835
f 736/934/838 735/931/835 754/935/839
f 754/935/839 735/931/835 753/932/836
f 754/935/839 753/932/836 763/936/840
f 763/936/840 753/932/836 762/933/837
f 763/936/840 762/933/837 772/807/712
f 772/807/712 762/933/837 771/809/714
f 746/830/734 747/828/732 737/937/841
f 737/937/841 747/828/732 736/934/838
f 737/937/841 736/934/838 755/938/842
f 755/938/842 736/934/838 754/935/839
f 755/938/842 754/935/839 764/939/843
f 764/939/843 754/935/839 763/936/840
f 764/939/843 763/936/840 773/805/710
f 773/805/710 763/936/840 772/807/712
f 745/832/736 746/830/734 738/940/844
f 738/940/844 746/830/734 737/937/841
f 738/940/844 737/937/841 756/941/845
f 756/941/845 737/937/841 755/938/842
f 756/941/845 755/938/842 765/942/846
f 765/942/846 755/938/842 764/939/843
f 765/942/846 764/939/843 774/803/708
f 774/803/708 764/939/843 773/805/710
f 744/834/738 745/832/736 739/943/847
f 739/943/847 745/832/736 738/940/844
f 739/943/847 738/940/844 757/944/848
f 757/944/848 738/940/844 756/941/845
f 757/944/848 756/941/845 766/945/849
f 766/945/849 756/941/845 765/942/846
f 766/945/849 765/942/846 775/801/706
f 775/801/706 765/942/846 774/803/708
f 743/836/740 744/834/738 740/946/850
f 740/946/850 744/834/738 739/943/847
f 740/946/850 739/943/847 758/947/851
f 758/947/851 739/943/847 757/944/848
f 758/947/851 757/944/848 767/948/852
f 767/948/852 757/944/848 766/945/849
f 767/948/852 766/945/849 776/799/704
f 776/799/704 766/945/849 775/801/706
f 742/788/693 743/836/740 741/790/695
f 741/790/695 743/836/740 740/946/850
f 741/790/695 740/946/850 759/792/697
f 759/792/697 740/946/850 758/947/851
f 759/792/697 758/947/851 768/794/699
f 768/794/699 758/947/851 767/948/852
f 768/794/699 767/948/852 777/796/701
f 777/796/701 767/948/852 776/799/704
f 779/949/853 789/950/854 778/951/855
f 778/951/855 789/950/854 790/952/856
f 778/951/855 790/952/856 791/953/857
f 791/953/857 790/952/856 807/954/858
f 791/953/857 807/954/858 808/955/859
f 808/955/859 807/954/858 824/956/860
f 808/955/859 824/956/860 825/957/861
f 825/957/861 824/956/860 841/958/862
f 825/957/861 841/958/862 842/959/863
f 842/959/863 841/958/862 858/960/864
f 842/959/863 858/960/864 859/961/865
f 859/961/865 858/960/864 875/962/866
f 859/961/865 875/962/866 876/963/867
f 876/963/867 875/962/866 892/964/868
f 876/963/867 892/964/868 893/965/869
f 893/965/869 892/964/868 909/966/870
f 893/965/869 909/966/870 910/967/871
f 910/967/871 909/966/870 926/968/872
f 910/967/871 926/968/872 927/969/873
f 927/969/873 926/968/872 615/970/822
f 927/969/873 615/970/822 928/971/874
f 928/971/874 615/970/822 929/972/875
f 928/971/874 929/972/875 912/973/876
f 912/973/876 929/972/875 913/974/877
f 912/973/876 913/974/877 896/975/878
f 896/975/878 913/974/877 897/976/879
f 896/975/878 897/976/879 880/977/880
f 880/977/880 897/976/879 881/978/881
f 880/977/880 881/978/881 864/979/882
f 864/979/882 881/978/881 865/980/883
f 864/979/882 865/980/883 848/981/884
f 848/981/884 865/980/883 849/982/885
f 848/981/884 849/982/885 832/983/886
f 832/983/886 849/982/885 833/984/887
f 832/983/886 833/984/887 816/985/888
f 816/985/888 833/984/887 817/986/889
f 816/985/888 817/986/889 800/987/890
f 800/987/890 817/986/889 801/988/891
f 800/987/890 801/988/891 605/989/670
f 605/989/670 801/988/891 802/990/892
f 605/989/670 802/990/892 803/991/893
f 803/991/893 802/990/892 819/992/894
f 803/991/893 819/992/894 820/993/895
f 820/993/895 819/992/894 836/994/896
f 820/993/895 836/994/896 608/995/752
f 608/995/752 836/994/896 609/996/762
f 609/996/762 836/994/896 852/997/897
f 609/996/762 852/997/897 610/998/772
f 610/998/772 852/997/897 868/999/898
f 610/998/772 868/999/898 611/1000/782
f 611/1000/782 868/999/898 884/1001/899
f 611/1000/782 884/1001/899 612/1002/792
f 612/1002/792 884/1001/899 900/1003/900
f 612/1002/792 900/1003/900 613/1004/802
f 613/1004/802 900/1003/900 916/1005/901
f 613/1004/802 916/1005/901 614/1006/812
f 614/1006/812 916/1005/901 932/1007/902
f 614/1006/812 932/1007/902 615/970/822
f 615/970/822 932/1007/902 931/1008/903
f 615/970/822 931/1008/903 930/1009/904
f 930/1009/904 931/1008/903 914/1010/905
f 930/1009/904 914/1010/905 913/974/877
f 913/974/877 914/1010/905 897/976/879
f 789/950/854 779/949/853 805/1011/906
f 805/1011/906 779/949/853 780/1012/907
f 805/1011/906 780/1012/907 821/1013/908
f 821/1013/908 780/1012/907 781/1014/909
f 821/1013/908 781/1014/909 837/1015/910
f 837/1015/910 781/1014/909 782/1016/911
f 837/1015/910 782/1016/911 853/1017/912
f 853/1017/912 782/1016/911 783/1018/913
f 853/1017/912 783/1018/913 869/1019/914
f 869/1019/914 783/1018/913 784/1020/915
f 869/1019/914 784/1020/915 885/1021/916
f 885/1021/916 784/1020/915 785/1022/917
f 885/1021/916 785/1022/917 901/1023/918
f 901/1023/918 785/1022/917 786/1024/919
f 901/1023/918 786/1024/919 917/1025/920
f 917/1025/920 786/1024/919 787/1026/921
f 917/1025/920 787/1026/921 788/1027/922
f 615/970/822 924/1028/923 788/1027/922
f 788/1027/922 924/1028/923 923/1029/924
f 788/1027/922 923/1029/924 922/1030/925
f 922/1030/925 923/1029/924 906/1031/926
f 922/1030/925 906/1031/926 905/1032/927
f 905/1032/927 906/1031/926 889/1033/928
f 905/1032/927 889/1033/928 888/1034/929
f 888/1034/929 889/1033/928 872/1035/930
f 888/1034/929 872/1035/930 871/1036/931
f 871/1036/931 872/1035/930 855/1037/932
f 871/1036/931 855/1037/932 854/1038/933
f 854/1038/933 855/1037/932 838/1039/934
f 854/1038/933 838/1039/934 837/1015/910
f 837/1015/910 838/1039/934 821/1013/908
f 608/995/752 607/1040/742 820/993/895
f 820/993/895 607/1040/742 804/1041/935
f 820/993/895 804/1041/935 803/991/893
f 803/991/893 804/1041/935 605/989/670
f 607/1040/742 606/1042/671 804/1041/935
f 804/1041/935 606/1042/671 605/989/670
f 778/951/855 797/1043/936 605/989/670
f 605/989/670 797/1043/936 798/1044/937
f 605/989/670 798/1044/937 799/1045/938
f 799/1045/938 798/1044/937 815/1046/939
f 799/1045/938 815/1046/939 816/985/888
f 816/985/888 815/1046/939 832/983/886
f 790/952/856 789/950/854 806/1047/940
f 806/1047/940 789/950/854 805/1011/906
f 806/1047/940 805/1011/906 822/1048/941
f 822/1048/941 805/1011/906 821/1013/908
f 822/1048/941 821/1013/908 838/1039/934
f 791/953/857 792/1049/942 778/951/855
f 778/951/855 792/1049/942 793/1050/943
f 778/951/855 793/1050/943 794/1051/944
f 794/1051/944 793/1050/943 810/1052/945
f 794/1051/944 810/1052/945 811/1053/946
f 811/1053/946 810/1052/945 827/1054/947
f 811/1053/946 827/1054/947 828/1055/948
f 828/1055/948 827/1054/947 844/1056/949
f 828/1055/948 844/1056/949 845/1057/950
f 845/1057/950 844/1056/949 861/1058/951
f 845/1057/950 861/1058/951 862/1059/952
f 862/1059/952 861/1058/951 878/1060/953
f 862/1059/952 878/1060/953 879/1061/954
f 879/1061/954 878/1060/953 895/1062/955
f 879/1061/954 895/1062/955 896/975/878
f 896/975/878 895/1062/955 912/973/876
f 791/953/857 808/955/859 792/1049/942
f 792/1049/942 808/955/859 809/1063/956
f 792/1049/942 809/1063/956 793/1050/943
f 793/1050/943 809/1063/956 810/1052/945
f 794/1051/944 795/1064/957 778/951/855
f 778/951/855 795/1064/957 796/1065/958
f 778/951/855 796/1065/958 797/1043/936
f 797/1043/936 796/1065/958 813/1066/959
f 797/1043/936 813/1066/959 814/1067/960
f 814/1067/960 813/1066/959 830/1068/961
f 814/1067/960 830/1068/961 831/1069/962
f 831/1069/962 830/1068/961 847/1070/963
f 831/1069/962 847/1070/963 848/981/884
f 848/981/884 847/1070/963 864/979/882
f 794/1051/944 811/1053/946 795/1064/957
f 795/1064/957 811/1053/946 812/1071/964
f 795/1064/957 812/1071/964 796/1065/958
f 796/1065/958 812/1071/964 813/1066/959
f 800/987/890 605/989/670 799/1045/938
f 815/1046/939 798/1044/937 814/1067/960
f 814/1067/960 798/1044/937 797/1043/936
f 816/985/888 800/987/890 799/1045/938
f 802/990/892 801/988/891 818/1072/965
f 818/1072/965 801/988/891 817/986/889
f 818/1072/965 817/986/889 834/1073/966
f 834/1073/966 817/986/889 833/984/887
f 834/1073/966 833/984/887 850/1074/967
f 850/1074/967 833/984/887 849/982/885
f 850/1074/967 849/982/885 866/1075/968
f 866/1075/968 849/982/885 865/980/883
f 866/1075/968 865/980/883 882/1076/969
f 882/1076/969 865/980/883 881/978/881
f 882/1076/969 881/978/881 898/1077/970
f 898/1077/970 881/978/881 897/976/879
f 898/1077/970 897/976/879 914/1010/905
f 790/952/856 806/1047/940 807/954/858
f 807/954/858 806/1047/940 823/1078/971
f 807/954/858 823/1078/971 824/956/860
f 824/956/860 823/1078/971 840/1079/972
f 824/956/860 840/1079/972 841/958/862
f 841/958/862 840/1079/972 857/1080/973
f 841/958/862 857/1080/973 858/960/864
f 858/960/864 857/1080/973 874/1081/974
f 858/960/864 874/1081/974 875/962/866
f 875/962/866 874/1081/974 891/1082/975
f 875/962/866 891/1082/975 892/964/868
f 892/964/868 891/1082/975 908/1083/976
f 892/964/868 908/1083/976 909/966/870
f 909/966/870 908/1083/976 925/1084/977
f 909/966/870 925/1084/977 926/968/872
f 926/968/872 925/1084/977 615/970/822
f 823/1078/971 806/1047/940 822/1048/941
f 808/955/859 825/957/861 809/1063/956
f 809/1063/956 825/957/861 826/1085/978
f 809/1063/956 826/1085/978 810/1052/945
f 810/1052/945 826/1085/978 827/1054/947
f 811/1053/946 828/1055/948 812/1071/964
f 812/1071/964 828/1055/948 829/1086/979
f 812/1071/964 829/1086/979 813/1066/959
f 813/1066/959 829/1086/979 830/1068/961
f 832/983/886 815/1046/939 831/1069/962
f 831/1069/962 815/1046/939 814/1067/960
f 802/990/892 818/1072/965 819/992/894
f 819/992/894 818/1072/965 835/1087/980
f 819/992/894 835/1087/980 836/994/896
f 836/994/896 835/1087/980 852/997/897
f 835/1087/980 818/1072/965 834/1073/966
f 823/1078/971 822/1048/941 839/1088/981
f 839/1088/981 822/1048/941 838/1039/934
f 839/1088/981 838/1039/934 855/1037/932
f 825/957/861 842/959/863 826/1085/978
f 826/1085/978 842/959/863 843/1089/982
f 826/1085/978 843/1089/982 827/1054/947
f 827/1054/947 843/1089/982 844/1056/949
f 828/1055/948 845/1057/950 829/1086/979
f 829/1086/979 845/1057/950 846/1090/983
f 829/1086/979 846/1090/983 830/1068/961
f 830/1068/961 846/1090/983 847/1070/963
f 848/981/884 832/983/886 831/1069/962
f 835/1087/980 834/1073/966 851/1091/984
f 851/1091/984 834/1073/966 850/1074/967
f 851/1091/984 850/1074/967 867/1092/985
f 867/1092/985 850/1074/967 866/1075/968
f 867/1092/985 866/1075/968 883/1093/986
f 883/1093/986 866/1075/968 882/1076/969
f 883/1093/986 882/1076/969 899/1094/987
f 899/1094/987 882/1076/969 898/1077/970
f 899/1094/987 898/1077/970 915/1095/988
f 915/1095/988 898/1077/970 914/1010/905
f 915/1095/988 914/1010/905 931/1008/903
f 854/1038/933 837/1015/910 853/1017/912
f 823/1078/971 839/1088/981 840/1079/972
f 840/1079/972 839/1088/981 856/1096/989
f 840/1079/972 856/1096/989 857/1080/973
f 857/1080/973 856/1096/989 873/1097/990
f 857/1080/973 873/1097/990 874/1081/974
f 874/1081/974 873/1097/990 890/1098/991
f 874/1081/974 890/1098/991 891/1082/975
f 891/1082/975 890/1098/991 907/1099/992
f 891/1082/975 907/1099/992 908/1083/976
f 908/1083/976 907/1099/992 924/1028/923
f 908/1083/976 924/1028/923 925/1084/977
f 925/1084/977 924/1028/923 615/970/822
f 856/1096/989 839/1088/981 855/1037/932
f 842/959/863 859/961/865 843/1089/982
f 843/1089/982 859/961/865 860/1100/993
f 843/1089/982 860/1100/993 844/1056/949
f 844/1056/949 860/1100/993 861/1058/951
f 845/1057/950 862/1059/952 846/1090/983
f 846/1090/983 862/1059/952 863/1101/994
f 846/1090/983 863/1101/994 847/1070/963
f 847/1070/963 863/1101/994 864/979/882
f 868/999/898 852/997/897 851/1091/984
f 851/1091/984 852/997/897 835/1087/980
f 868/999/898 851/1091/984 867/1092/985
f 854/1038/933 853/1017/912 870/1102/995
f 870/1102/995 853/1017/912 869/1019/914
f 870/1102/995 869/1019/914 886/1103/996
f 886/1103/996 869/1019/914 885/1021/916
f 886/1103/996 885/1021/916 902/1104/997
f 902/1104/997 885/1021/916 901/1023/918
f 902/1104/997 901/1023/918 918/1105/998
f 918/1105/998 901/1023/918 917/1025/920
f 918/1105/998 917/1025/920 788/1027/922
f 873/1097/990 856/1096/989 872/1035/930
f 872/1035/930 856/1096/989 855/1037/932
f 859/961/865 876/963/867 860/1100/993
f 860/1100/993 876/963/867 877/1106/999
f 860/1100/993 877/1106/999 861/1058/951
f 861/1058/951 877/1106/999 878/1060/953
f 880/977/880 864/979/882 863/1101/994
f 880/977/880 863/1101/994 879/1061/954
f 879/1061/954 863/1101/994 862/1059/952
f 884/1001/899 868/999/898 867/1092/985
f 884/1001/899 867/1092/985 883/1093/986
f 854/1038/933 870/1102/995 871/1036/931
f 871/1036/931 870/1102/995 887/1107/1000
f 871/1036/931 887/1107/1000 888/1034/929
f 888/1034/929 887/1107/1000 904/1108/1001
f 888/1034/929 904/1108/1001 905/1032/927
f 905/1032/927 904/1108/1001 921/1109/1002
f 905/1032/927 921/1109/1002 922/1030/925
f 922/1030/925 921/1109/1002 788/1027/922
f 887/1107/1000 870/1102/995 886/1103/996
f 890/1098/991 873/1097/990 889/1033/928
f 889/1033/928 873/1097/990 872/1035/930
f 876/963/867 893/965/869 877/1106/999
f 877/1106/999 893/965/869 894/1110/1003
f 877/1106/999 894/1110/1003 878/1060/953
f 878/1060/953 894/1110/1003 895/1062/955
f 896/975/878 880/977/880 879/1061/954
f 900/1003/900 884/1001/899 883/1093/986
f 900/1003/900 883/1093/986 899/1094/987
f 887/1107/1000 886/1103/996 903/1111/1004
f 903/1111/1004 886/1103/996 902/1104/997
f 903/1111/1004 902/1104/997 919/1112/1005
f 919/1112/1005 902/1104/997 918/1105/998
f 919/1112/1005 918/1105/998 788/1027/922
f 907/1099/992 890/1098/991 906/1031/926
f 906/1031/926 890/1098/991 889/1033/928
f 893/965/869 910/967/871 894/1110/1003
f 894/1110/1003 910/967/871 911/1113/1006
f 894/1110/1003 911/1113/1006 895/1062/955
f 895/1062/955 911/1113/1006 912/973/876
f 916/1005/901 900/1003/900 899/1094/987
f 916/1005/901 899/1094/987 915/1095/988
f 887/1107/1000 903/1111/1004 904/1108/1001
f 904/1108/1001 903/1111/1004 920/1114/1007
f 904/1108/1001 920/1114/1007 921/1109/1002
f 921/1109/1002 920/1114/1007 788/1027/922
f 920/1114/1007 903/1111/1004 919/1112/1005
f 924/1028/923 907/1099/992 923/1029/924
f 923/1029/924 907/1099/992 906/1031/926
f 928/971/874 912/973/876 911/1113/1006
f 928/971/874 911/1113/1006 927/969/873
f 927/969/873 911/1113/1006 910/967/871
f 930/1009/904 913/974/877 929/972/875
f 932/1007/902 916/1005/901 915/1095/988
f 932/1007/902 915/1095/988 931/1008/903
f 788/1027/922 920/1114/1007 919/1112/1005
f 615/970/822 930/1009/904 929/972/875
f 933/1115/1008 934/1116/1009 970/1117/1010
f 970/1117/1010 934/1116/1009 981/1118/1011
f 970/1117/1010 981/1118/1011 969/1119/1012
f 969/1119/1012 981/1118/1011 990/1120/1013
f 969/1119/1012 990/1120/1013 968/1121/1014
f 968/1121/1014 990/1120/1013 999/1122/1015
f 968/1121/1014 999/1122/1015 967/1123/1016
f 967/1123/1016 999/1122/1015 1008/1124/1017
f 967/1123/1016 1008/1124/1017 966/1125/1018
f 966/1125/1018 1008/1124/1017 1017/1126/1019
f 966/1125/1018 1017/1126/1019 965/1127/1020
f 965/1127/1020 1017/1126/1019 1027/1128/1021
f 965/1127/1020 1027/1128/1021 964/1129/1022
f 964/1129/1022 1027/1128/1021 1026/1130/1023
f 964/1129/1022 1026/1130/1023 963/1131/1024
f 963/1131/1024 1026/1130/1023 1043/1132/1025
f 963/1131/1024 1043/1132/1025 962/1133/1026
f 962/1133/1026 1043/1132/1025 1052/1134/1027
f 962/1133/1026 1052/1134/1027 961/1135/1028
f 961/1135/1028 1052/1134/1027 1060/1136/1029
f 961/1135/1028 1060/1136/1029 960/1137/1030
f 960/1137/1030 1060/1136/1029 1070/1138/1031
f 960/1137/1030 1070/1138/1031 959/1139/1032
f 959/1139/1032 1070/1138/1031 1069/1140/1033
f 959/1139/1032 1069/1140/1033 958/1141/1034
f 958/1141/1034 1069/1140/1033 1087/1142/1035
f 958/1141/1034 1087/1142/1035 957/1143/1036
f 957/1143/1036 1087/1142/1035 1096/1144/1037
f 957/1143/1036 1096/1144/1037 956/1145/1038
f 956/1145/1038 1096/1144/1037 1105/1146/1039
f 956/1145/1038 1105/1146/1039 778/1147/855
f 778/1147/855 1105/1146/1039 779/1148/853
f 779/1148/853 1105/1146/1039 1104/1149/1040
f 779/1148/853 1104/1149/1040 780/1150/907
f 780/1150/907 1104/1149/1040 1103/1151/1041
f 780/1150/907 1103/1151/1041 781/1152/909
f 781/1152/909 1103/1151/1041 1102/1153/1042
f 781/1152/909 1102/1153/1042 782/1154/911
f 782/1154/911 1102/1153/1042 1101/1155/1043
f 782/1154/911 1101/1155/1043 783/1156/913
f 783/1156/913 1101/1155/1043 1100/1157/1044
f 783/1156/913 1100/1157/1044 784/1158/915
f 784/1158/915 1100/1157/1044 1099/1159/1045
f 784/1158/915 1099/1159/1045 785/1160/917
f 785/1160/917 1099/1159/1045 1098/1161/1046
f 785/1160/917 1098/1161/1046 786/1162/919
f 786/1162/919 1098/1161/1046 1097/1163/1047
f 786/1162/919 1097/1163/1047 787/1164/921
f 787/1164/921 1097/1163/1047 788/1165/922
f 788/1165/922 1097/1163/1047 955/1166/1048
f 955/1166/1048 1097/1163/1047 1088/1167/1049
f 955/1166/1048 1088/1167/1049 954/1168/1050
f 954/1168/1050 1088/1167/1049 1079/1169/1051
f 954/1168/1050 1079/1169/1051 953/1170/1052
f 953/1170/1052 1079/1169/1051 1061/1171/1053
f 953/1170/1052 1061/1171/1053 952/1172/1054
f 952/1172/1054 1061/1171/1053 1078/1173/1055
f 952/1172/1054 1078/1173/1055 971/1174/1056
f 971/1174/1056 1078/1173/1055 1077/1175/1057
f 971/1174/1056 1077/1175/1057 1053/1176/1058
f 1053/1176/1058 1077/1175/1057 1076/1177/1059
f 1053/1176/1058 1076/1177/1059 1054/1178/1060
f 1054/1178/1060 1076/1177/1059 1075/1179/1061
f 1054/1178/1060 1075/1179/1061 1055/1180/1062
f 1055/1180/1062 1075/1179/1061 1074/1181/1063
f 1055/1180/1062 1074/1181/1063 1056/1182/1064
f 1056/1182/1064 1074/1181/1063 1073/1183/1065
f 1056/1182/1064 1073/1183/1065 1057/1184/1066
f 1057/1184/1066 1073/1183/1065 1072/1185/1067
f 1057/1184/1066 1072/1185/1067 1058/1186/1068
f 1058/1186/1068 1072/1185/1067 1071/1187/1069
f 1058/1186/1068 1071/1187/1069 1059/1188/1070
f 1059/1188/1070 1071/1187/1069 1070/1138/1031
f 1059/1188/1070 1070/1138/1031 1060/1136/1029
f 934/1116/1009 935/1189/1071 981/1118/1011
f 981/1118/1011 935/1189/1071 980/1190/1072
f 981/1118/1011 980/1190/1072 990/1120/1013
f 990/1120/1013 980/1190/1072 989/1191/1073
f 990/1120/1013 989/1191/1073 999/1122/1015
f 999/1122/1015 989/1191/1073 998/1192/1074
f 999/1122/1015 998/1192/1074 1008/1124/1017
f 1008/1124/1017 998/1192/1074 1007/1193/1075
f 1008/1124/1017 1007/1193/1075 1017/1126/1019
f 1017/1126/1019 1007/1193/1075 1016/1194/1076
f 1017/1126/1019 1016/1194/1076 1027/1128/1021
f 1027/1128/1021 1016/1194/1076 1028/1195/1077
f 1027/1128/1021 1028/1195/1077 1026/1130/1023
f 1026/1130/1023 1028/1195/1077 1025/1196/1078
f 1026/1130/1023 1025/1196/1078 1043/1132/1025
f 1043/1132/1025 1025/1196/1078 1042/1197/1079
f 1043/1132/1025 1042/1197/1079 1052/1134/1027
f 1052/1134/1027 1042/1197/1079 1051/1198/1080
f 1052/1134/1027 1051/1198/1080 1060/1136/1029
f 1060/1136/1029 1051/1198/1080 1059/1188/1070
f 935/1189/1071 936/1199/1081 980/1190/1072
f 980/1190/1072 936/1199/1081 979/1200/1082
f 980/1190/1072 979/1200/1082 989/1191/1073
f 989/1191/1073 979/1200/1082 988/1201/1083
f 989/1191/1073 988/1201/1083 998/1192/1074
f 998/1192/1074 988/1201/1083 997/1202/1084
f 998/1192/1074 997/1202/1084 1007/1193/1075
f 1007/1193/1075 997/1202/1084 1006/1203/1085
f 1007/1193/1075 1006/1203/1085 1016/1194/1076
f 1016/1194/1076 1006/1203/1085 1015/1204/1086
f 1016/1194/1076 1015/1204/1086 1028/1195/1077
f 1028/1195/1077 1015/1204/1086 1029/1205/1087
f 1028/1195/1077 1029/1205/1087 1025/1196/1078
f 1025/1196/1078 1029/1205/1087 1024/1206/1088
f 1025/1196/1078 1024/1206/1088 1042/1197/1079
f 1042/1197/1079 1024/1206/1088 1041/1207/1089
f 1042/1197/1079 1041/1207/1089 1051/1198/1080
f 1051/1198/1080 1041/1207/1089 1050/1208/1090
f 1051/1198/1080 1050/1208/1090 1059/1188/1070
f 1059/1188/1070 1050/1208/1090 1058/1186/1068
f 936/1199/1081 937/1209/1091 979/1200/1082
f 979/1200/1082 937/1209/1091 978/1210/1092
f 979/1200/1082 978/1210/1092 988/1201/1083
f 988/1201/1083 978/1210/1092 987/1211/1093
f 988/1201/1083 987/1211/1093 997/1202/1084
f 997/1202/1084 987/1211/1093 996/1212/1094
f 997/1202/1084 996/1212/1094 1006/1203/1085
f 1006/1203/1085 996/1212/1094 1005/1213/1095
f 1006/1203/1085 1005/1213/1095 1015/1204/1086
f 1015/1204/1086 1005/1213/1095 1014/1214/1096
f 1015/1204/1086 1014/1214/1096 1029/1205/1087
f 1029/1205/1087 1014/1214/1096 1030/1215/1097
f 1029/1205/1087 1030/1215/1097 1024/1206/1088
f 1024/1206/1088 1030/1215/1097 1023/1216/1098
f 1024/1206/1088 1023/1216/1098 1041/1207/1089
f 1041/1207/1089 1023/1216/1098 1040/1217/1099
f 1041/1207/1089 1040/1217/1099 1050/1208/1090
f 1050/1208/1090 1040/1217/1099 1049/1218/1100
f 1050/1208/1090 1049/1218/1100 1058/1186/1068
f 1058/1186/1068 1049/1218/1100 1057/1184/1066
f 937/1209/1091 938/1219/1101 978/1210/1092
f 978/1210/1092 938/1219/1101 977/1220/1102
f 978/1210/1092 977/1220/1102 987/1211/1093
f 987/1211/1093 977/1220/1102 986/1221/1103
f 987/1211/1093 986/1221/1103 996/1212/1094
f 996/1212/1094 986/1221/1103 995/1222/1104
f 996/1212/1094 995/1222/1104 1005/1213/1095
f 1005/1213/1095 995/1222/1104 1004/1223/1105
f 1005/1213/1095 1004/1223/1105 1014/1214/1096
f 1014/1214/1096 1004/1223/1105 1013/1224/1106
f 1014/1214/1096 1013/1224/1106 1030/1215/1097
f 1030/1215/1097 1013/1224/1106 1031/1225/1107
f 1030/1215/1097 1031/1225/1107 1023/1216/1098
f 1023/1216/1098 1031/1225/1107 1022/1226/1108
f 1023/1216/1098 1022/1226/1108 1040/1217/1099
f 1040/1217/1099 1022/1226/1108 1039/1227/1109
f 1040/1217/1099 1039/1227/1109 1049/1218/1100
f 1049/1218/1100 1039/1227/1109 1048/1228/1110
f 1049/1218/1100 1048/1228/1110 1057/1184/1066
f 1057/1184/1066 1048/1228/1110 1056/1182/1064
f 938/1219/1101 939/1229/1111 977/1220/1102
f 977/1220/1102 939/1229/1111 976/1230/1112
f 977/1220/1102 976/1230/1112 986/1221/1103
f 986/1221/1103 976/1230/1112 985/1231/1113
f 986/1221/1103 985/1231/1113 995/1222/1104
f 995/1222/1104 985/1231/1113 994/1232/1114
f 995/1222/1104 994/1232/1114 1004/1223/1105
f 1004/1223/1105 994/1232/1114 1003/1233/1115
f 1004/1223/1105 1003/1233/1115 1013/1224/1106
f 1013/1224/1106 1003/1233/1115 1012/1234/1116
f 1013/1224/1106 1012/1234/1116 1031/1225/1107
f 1031/1225/1107 1012/1234/1116 1032/1235/1117
f 1031/1225/1107 1032/1235/1117 1022/1226/1108
f 1022/1226/1108 1032/1235/1117 1021/1236/1118
f 1022/1226/1108 1021/1236/1118 1039/1227/1109
f 1039/1227/1109 1021/1236/1118 1038/1237/1119
f 1039/1227/1109 1038/1237/1119 1048/1228/1110
f 1048/1228/1110 1038/1237/1119 1047/1238/1120
f 1048/1228/1110 1047/1238/1120 1056/1182/1064
f 1056/1182/1064 1047/1238/1120 1055/1180/1062
f 939/1229/1111 940/1239/1121 976/1230/1112
f 976/1230/1112 940/1239/1121 975/1240/1122
f 976/1230/1112 975/1240/1122 985/1231/1113
f 985/1231/1113 975/1240/1122 984/1241/1123
f 985/1231/1113 984/1241/1123 994/1232/1114
f 994/1232/1114 984/1241/1123 993/1242/1124
f 994/1232/1114 993/1242/1124 1003/1233/1115
f 1003/1233/1115 993/1242/1124 1002/1243/1125
f 1003/1233/1115 1002/1243/1125 1012/1234/1116
f 1012/1234/1116 1002/1243/1125 1011/1244/1126
f 1012/1234/1116 1011/1244/1126 1032/1235/1117
f 1032/1235/1117 1011/1244/1126 1033/1245/1127
f 1032/1235/1117 1033/1245/1127 1021/1236/1118
f 1021/1236/1118 1033/1245/1127 1020/1246/1128
f 1021/1236/1118 1020/1246/1128 1038/1237/1119
f 1038/1237/1119 1020/1246/1128 1037/1247/1129
f 1038/1237/1119 1037/1247/1129 1047/1238/1120
f 1047/1238/1120 1037/1247/1129 1046/1248/1130
f 1047/1238/1120 1046/1248/1130 1055/1180/1062
f 1055/1180/1062 1046/1248/1130 1054/1178/1060
f 940/1239/1121 941/1249/1131 975/1240/1122
f 975/1240/1122 941/1249/1131 974/1250/1132
f 975/1240/1122 974/1250/1132 984/1241/1123
f 984/1241/1123 974/1250/1132 983/1251/1133
f 984/1241/1123 983/1251/1133 993/1242/1124
f 993/1242/1124 983/1251/1133 992/1252/1134
f 993/1242/1124 992/1252/1134 1002/1243/1125
f 1002/1243/1125 992/1252/1134 1001/1253/1135
f 1002/1243/1125 1001/1253/1135 1011/1244/1126
f 1011/1244/1126 1001/1253/1135 1010/1254/1136
f 1011/1244/1126 1010/1254/1136 1033/1245/1127
f 1033/1245/1127 1010/1254/1136 1034/1255/1137
f 1033/1245/1127 1034/1255/1137 1020/1246/1128
f 1020/1246/1128 1034/1255/1137 1019/1256/1138
f 1020/1246/1128 1019/1256/1138 1037/1247/1129
f 1037/1247/1129 1019/1256/1138 1036/1257/1139
f 1037/1247/1129 1036/1257/1139 1046/1248/1130
f 1046/1248/1130 1036/1257/1139 1045/1258/1140
f 1046/1248/1130 1045/1258/1140 1054/1178/1060
f 1054/1178/1060 1045/1258/1140 1053/1176/1058
f 941/1249/1131 942/1259/1141 974/1250/1132
f 974/1250/1132 942/1259/1141 973/1260/1142
f 974/1250/1132 973/1260/1142 983/1251/1133
f 983/1251/1133 973/1260/1142 982/1261/1143
f 983/1251/1133 982/1261/1143 992/1252/1134
f 992/1252/1134 982/1261/1143 991/1262/1144
f 992/1252/1134 991/1262/1144 1001/1253/1135
f 1001/1253/1135 991/1262/1144 1000/1263/1145
f 1001/1253/1135 1000/1263/1145 1010/1254/1136
f 1010/1254/1136 1000/1263/1145 1009/1264/1146
f 1010/1254/1136 1009/1264/1146 1034/1255/1137
f 1034/1255/1137 1009/1264/1146 972/1265/1147
f 1034/1255/1137 972/1265/1147 1019/1256/1138
f 1019/1256/1138 972/1265/1147 1018/1266/1148
f 1019/1256/1138 1018/1266/1148 1036/1257/1139
f 1036/1257/1139 1018/1266/1148 1035/1267/1149
f 1036/1257/1139 1035/1267/1149 1045/1258/1140
f 1045/1258/1140 1035/1267/1149 1044/1268/1150
f 1045/1258/1140 1044/1268/1150 1053/1176/1058
f 1053/1176/1058 1044/1268/1150 971/1174/1056
f 942/1259/1141 943/1269/1151 973/1260/1142
f 973/1260/1142 943/1269/1151 944/1270/1152
f 973/1260/1142 944/1270/1152 982/1261/1143
f 982/1261/1143 944/1270/1152 945/1271/1153
f 982/1261/1143 945/1271/1153 991/1262/1144
f 991/1262/1144 945/1271/1153 946/1272/1154
f 991/1262/1144 946/1272/1154 1000/1263/1145
f 1000/1263/1145 946/1272/1154 947/1273/1155
f 1000/1263/1145 947/1273/1155 1009/1264/1146
f 1009/1264/1146 947/1273/1155 972/1265/1147
f 947/1273/1155 948/1274/1156 972/1265/1147
f 972/1265/1147 948/1274/1156 1018/1266/1148
f 948/1274/1156 949/1275/1157 1018/1266/1148
f 1018/1266/1148 949/1275/1157 1035/1267/1149
f 949/1275/1157 950/1276/1158 1035/1267/1149
f 1035/1267/1149 950/1276/1158 1044/1268/1150
f 950/1276/1158 951/1277/1159 1044/1268/1150
f 1044/1268/1150 951/1277/1159 971/1174/1056
f 951/1277/1159 952/1172/1054 971/1174/1056
f 1077/1175/1057 1078/1173/1055 1062/1278/1160
f 1062/1278/1160 1078/1173/1055 1061/1171/1053
f 1062/1278/1160 1061/1171/1053 1080/1279/1161
f 1080/1279/1161 1061/1171/1053 1079/1169/1051
f 1080/1279/1161 1079/1169/1051 1089/1280/1162
f 1089/1280/1162 1079/1169/1051 1088/1167/1049
f 1089/1280/1162 1088/1167/1049 1098/1161/1046
f 1098/1161/1046 1088/1167/1049 1097/1163/1047
f 1076/1177/1059 1077/1175/1057 1063/1281/1163
f 1063/1281/1163 1077/1175/1057 1062/1278/1160
f 1063/1281/1163 1062/1278/1160 1081/1282/1164
f 1081/1282/1164 1062/1278/1160 1080/1279/1161
f 1081/1282/1164 1080/1279/1161 1090/1283/1165
f 1090/1283/1165 1080/1279/1161 1089/1280/1162
f 1090/1283/1165 1089/1280/1162 1099/1159/1045
f 1099/1159/1045 1089/1280/1162 1098/1161/1046
f 1075/1179/1061 1076/1177/1059 1064/1284/1166
f 1064/1284/1166 1076/1177/1059 1063/1281/1163
f 1064/1284/1166 1063/1281/1163 1082/1285/1167
f 1082/1285/1167 1063/1281/1163 1081/1282/1164
f 1082/1285/1167 1081/1282/1164 1091/1286/1168
f 1091/1286/1168 1081/1282/1164 1090/1283/1165
f 1091/1286/1168 1090/1283/1165 1100/1157/1044
f 1100/1157/1044 1090/1283/1165 1099/1159/1045
f 1074/1181/1063 1075/1179/1061 1065/1287/1169
f 1065/1287/1169 1075/1179/1061 1064/1284/1166
f 1065/1287/1169 1064/1284/1166 1083/1288/1170
f 1083/1288/1170 1064/1284/1166 1082/1285/1167
f 1083/1288/1170 1082/1285/1167 1092/1289/1171
f 1092/1289/1171 1082/1285/1167 1091/1286/1168
f 1092/1289/1171 1091/1286/1168 1101/1155/1043
f 1101/1155/1043 1091/1286/1168 1100/1157/1044
f 1073/1183/1065 1074/1181/1063 1066/1290/1172
f 1066/1290/1172 1074/1181/1063 1065/1287/1169
f 1066/1290/1172 1065/1287/1169 1084/1291/1173
f 1084/1291/1173 1065/1287/1169 1083/1288/1170
f 1084/1291/1173 1083/1288/1170 1093/1292/1174
f 1093/1292/1174 1083/1288/1170 1092/1289/1171
f 1093/1292/1174 1092/1289/1171 1102/1153/1042
f 1102/1153/1042 1092/1289/1171 1101/1155/1043
f 1072/1185/1067 1073/1183/1065 1067/1293/1175
f 1067/1293/1175 1073/1183/1065 1066/1290/1172
f 1067/1293/1175 1066/1290/1172 1085/1294/1176
f 1085/1294/1176 1066/1290/1172 1084/1291/1173
f 1085/1294/1176 1084/1291/1173 1094/1295/1177
f 1094/1295/1177 1084/1291/1173 1093/1292/1174
f 1094/1295/1177 1093/1292/1174 1103/1151/1041
f 1103/1151/1041 1093/1292/1174 1102/1153/1042
f 1071/1187/1069 1072/1185/1067 1068/1296/1178
f 1068/1296/1178 1072/1185/1067 1067/1293/1175
f 1068/1296/1178 1067/1293/1175 1086/1297/1179
f 1086/1297/1179 1067/1293/1175 1085/1294/1176
f 1086/1297/1179 1085/1294/1176 1095/1298/1180
f 1095/1298/1180 1085/1294/1176 1094/1295/1177
f 1095/1298/1180 1094/1295/1177 1104/1149/1040
f 1104/1149/1040 1094/1295/1177 1103/1151/1041
f 1070/1138/1031 1071/1187/1069 1069/1140/1033
f 1069/1140/1033 1071/1187/1069 1068/1296/1178
f 1069/1140/1033 1068/1296/1178 1087/1142/1035
f 1087/1142/1035 1068/1296/1178 1086/1297/1179
f 1087/1142/1035 1086/1297/1179 1096/1144/1037
f 1096/1144/1037 1086/1297/1179 1095/1298/1180
f 1096/1144/1037 1095/1298/1180 1105/1146/1039
f 1105/1146/1039 1095/1298/1180 1104/1149/1040
f 1106/1299/1181 1107/1300/1182 933/1301/1183
f 933/1301/1183 1107/1300/1182 934/1302/1184
f 934/1302/1184 1107/1300/1182 1108/1303/1185
f 934/1302/1184 1108/1303/1185 935/1304/1186
f 935/1304/1186 1108/1303/1185 1109/1305/1187
f 935/1304/1186 1109/1305/1187 936/1306/1188
f 936/1306/1188 1109/1305/1187 1110/1307/1189
f 936/1306/1188 1110/1307/1189 937/1308/1190
f 937/1308/1190 1110/1307/1189 1111/1309/1191
f 937/1308/1190 1111/1309/1191 938/1310/1192
f 938/1310/1192 1111/1309/1191 1112/1311/1193
f 938/1310/1192 1112/1311/1193 939/1312/1194
f 939/1312/1194 1112/1311/1193 1113/1313/1195
f 939/1312/1194 1113/1313/1195 940/1314/1196
f 940/1314/1196 1113/1313/1195 1114/1315/1197
f 940/1314/1196 1114/1315/1197 941/1316/1198
f 941/1316/1198 1114/1315/1197 1115/1317/1199
f 941/1316/1198 1115/1317/1199 942/1318/1200
f 942/1318/1200 1115/1317/1199 1116/1319/1201
f 942/1318/1200 1116/1319/1201 943/1320/1151
f 1106/1321/1181 933/1322/1183 1118/1323/1202
f 1118/1323/1202 933/1322/1183 1117/1324/1203
f 1117/1325/1204 933/1326/1008 1134/1327/1205
f 1134/1327/1205 933/1326/1008 970/1328/1010
f 1134/1327/1205 970/1328/1010 1133/1329/1206
f 1133/1329/1206 970/1328/1010 969/1330/1012
f 1133/1329/1206 969/1330/1012 1132/1331/1207
f 1132/1331/1207 969/1330/1012 968/1332/1014
f 1132/1331/1207 968/1332/1014 1131/1333/1208
f 1131/1333/1208 968/1332/1014 967/1334/1016
f 1131/1333/1208 967/1334/1016 1130/1335/1209
f 1130/1335/1209 967/1334/1016 966/1336/1018
f 1130/1335/1209 966/1336/1018 1129/1337/1210
f 1129/1337/1210 966/1336/1018 965/1338/1020
f 1129/1337/1210 965/1338/1020 1128/1339/1211
f 1128/1339/1211 965/1338/1020 964/1340/1022
f 1128/1339/1211 964/1340/1022 1127/1341/1212
f 1127/1341/1212 964/1340/1022 963/1342/1024
f 1127/1341/1212 963/1342/1024 1126/1343/1213
f 1126/1343/1213 963/1342/1024 962/1344/1026
f 1126/1343/1213 962/1344/1026 1125/1345/1214
f 1125/1345/1214 962/1344/1026 961/1346/1028
f 1125/1345/1214 961/1346/1028 1124/1347/1215
f 1124/1347/1215 961/1346/1028 960/1348/1030
f 1124/1347/1215 960/1348/1030 1123/1349/1216
f 1123/1349/1216 960/1348/1030 959/1350/1032
f 1123/1349/1216 959/1350/1032 1122/1351/1217
f 1122/1351/1217 959/1350/1032 958/1352/1034
f 1122/1351/1217 958/1352/1034 1121/1353/1218
f 1121/1353/1218 958/1352/1034 957/1354/1036
f 1121/1353/1218 957/1354/1036 1120/1355/1219
f 1120/1355/1219 957/1354/1036 956/1356/1038
f 1120/1355/1219 956/1356/1038 1119/1357/1220
f 1119/1357/1220 956/1356/1038 778/1358/1221
f 778/1359/855 605/1360/670 1119/1361/1222
f 1119/1361/1222 605/1360/670 1135/1362/1223
f 1135/1363/1223 605/1364/670 1151/1365/1224
f 1151/1365/1224 605/1364/670 642/1366/672
f 1151/1365/1224 642/1366/672 1150/1367/1225
f 1150/1367/1225 642/1366/672 641/1368/674
f 1150/1367/1225 641/1368/674 1149/1369/1226
f 1149/1369/1226 641/1368/674 640/1370/676
f 1149/1369/1226 640/1370/676 1148/1371/1227
f 1148/1371/1227 640/1370/676 639/1372/678
f 1148/1371/1227 639/1372/678 1147/1373/1228
f 1147/1373/1228 639/1372/678 638/1374/680
f 1147/1373/1228 638/1374/680 1146/1375/1229
f 1146/1375/1229 638/1374/680 637/1376/682
f 1146/1375/1229 637/1376/682 1145/1377/1230
f 1145/1377/1230 637/1376/682 636/1378/684
f 1145/1377/1230 636/1378/684 1144/1379/1231
f 1144/1379/1231 636/1378/684 635/1380/686
f 1144/1379/1231 635/1380/686 1143/1381/1232
f 1143/1381/1232 635/1380/686 634/1382/688
f 1143/1381/1232 634/1382/688 1142/1383/1233
f 1142/1383/1233 634/1382/688 633/1384/690
f 1142/1383/1233 633/1384/690 1141/1385/1234
f 1141/1385/1234 633/1384/690 632/1386/692
f 1141/1385/1234 632/1386/692 1140/1387/1235
f 1140/1387/1235 632/1386/692 631/1388/694
f 1140/1387/1235 631/1388/694 1139/1389/1236
f 1139/1389/1236 631/1388/694 630/1390/696
f 1139/1389/1236 630/1390/696 1138/1391/1237
f 1138/1391/1237 630/1390/696 629/1392/698
f 1138/1391/1237 629/1392/698 1137/1393/1238
f 1137/1393/1238 629/1392/698 628/1394/700
f 1137/1393/1238 628/1394/700 1136/1395/1239
f 1136/1395/1239 628/1394/700 583/1396/831
f 583/1397/649 604/1398/648 1136/1399/1240
f 1136/1399/1240 604/1398/648 1152/1400/1241
f 1152/1401/1242 604/1402/1243 1153/1403/1244
f 1153/1403/1244 604/1402/1243 1154/1404/1245
f 1154/1404/1245 604/1402/1243 603/1405/1246
f 1154/1404/1245 603/1405/1246 602/1406/1247
f 602/1406/1247 601/1407/1248 1154/1404/1245
f 1154/1404/1245 601/1407/1248 600/1408/1249
f 1154/1404/1245 600/1408/1249 599/1409/1250
f 599/1409/1250 598/1410/1251 1154/1404/1245
f 1154/1404/1245 598/1410/1251 597/1411/1252
f 1154/1404/1245 597/1411/1252 596/1412/1253
f 596/1412/1253 595/1413/1254 1154/1404/1245
f 1154/1404/1245 595/1413/1254 594/1414/1255
f 1118/1415/1256 1155/1416/1257 1106/1417/1258
f 1106/1417/1258 1155/1416/1257 1156/1418/1259
f 1106/1417/1258 1156/1418/1259 1107/1419/1260
f 1107/1419/1260 1156/1418/1259 1108/1420/1261
f 1108/1420/1261 1156/1418/1259 1109/1421/1262
f 1109/1421/1262 1156/1418/1259 1110/1422/1263
f 1110/1422/1263 1156/1418/1259 1111/1423/1264
f 1111/1423/1264 1156/1418/1259 1112/1424/1265
f 1112/1424/1265 1156/1418/1259 1113/1425/1266
f 1113/1425/1266 1156/1418/1259 1114/1426/1267
f 1114/1426/1267 1156/1418/1259 1115/1427/1268
f 1115/1427/1268 1156/1418/1259 1116/1428/1269
f 1189/1429/1270 1154/1430/1271 1190/1431/1272
f 1190/1431/1272 1154/1430/1271 1157/1432/1273
f 1190/1431/1272 1157/1432/1273 1191/1433/1274
f 1191/1433/1274 1157/1432/1273 1158/1434/1275
f 1191/1433/1274 1158/1434/1275 1192/1435/1276
f 1192/1435/1276 1158/1434/1275 1159/1436/1277
f 1192/1435/1276 1159/1436/1277 1193/1437/1278
f 1193/1437/1278 1159/1436/1277 1160/1438/1279
f 1193/1437/1278 1160/1438/1279 1194/1439/1280
f 1194/1439/1280 1160/1438/1279 1161/1440/1281
f 1194/1439/1280 1161/1440/1281 1195/1441/1282
f 1195/1441/1282 1161/1440/1281 1162/1442/1283
f 1195/1441/1282 1162/1442/1283 1196/1443/1284
f 1196/1443/1284 1162/1442/1283 1163/1444/1285
f 1196/1443/1284 1163/1444/1285 1197/1445/1286
f 1197/1445/1286 1163/1444/1285 1164/1446/1287
f 1197/1445/1286 1164/1446/1287 1198/1447/1288
f 1198/1447/1288 1164/1446/1287 1165/1448/1289
f 1198/1447/1288 1165/1448/1289 1199/1449/1290
f 1199/1449/1290 1165/1448/1289 1166/1450/1291
f 1199/1449/1290 1166/1450/1291 1200/1451/1292
f 1200/1451/1292 1166/1450/1291 1167/1452/1293
f 1200/1451/1292 1167/1452/1293 1201/1453/1294
f 1201/1453/1294 1167/1452/1293 1168/1454/1295
f 1201/1453/1294 1168/1454/1295 1202/1455/1296
f 1202/1455/1296 1168/1454/1295 1169/1456/1297
f 1202/1455/1296 1169/1456/1297 1203/1457/1298
f 1203/1457/1298 1169/1456/1297 1170/1458/1299
f 1203/1457/1298 1170/1458/1299 1204/1459/1300
f 1204/1459/1300 1170/1458/1299 1171/1460/1301
f 1204/1459/1300 1171/1460/1301 1172/1461/1302
f 1172/1461/1302 1173/1462/1303 1204/1459/1300
f 1204/1459/1300 1173/1462/1303 1174/1463/1304
f 1204/1459/1300 1174/1463/1304 1203/1457/1298
f 1203/1457/1298 1174/1463/1304 1175/1464/1305
f 1203/1457/1298 1175/1464/1305 1202/1455/1296
f 1202/1455/1296 1175/1464/1305 1176/1465/1306
f 1202/1455/1296 1176/1465/1306 1201/1453/1294
f 1201/1453/1294 1176/1465/1306 1177/1466/1307
f 1201/1453/1294 1177/1466/1307 1200/1451/1292
f 1200/1451/1292 1177/1466/1307 1178/1467/1308
f 1200/1451/1292 1178/1467/1308 1199/1449/1290
f 1199/1449/1290 1178/1467/1308 1179/1468/1309
f 1199/1449/1290 1179/1468/1309 1198/1447/1288
f 1198/1447/1288 1179/1468/1309 1180/1469/1310
f 1198/1447/1288 1180/1469/1310 1197/1445/1286
f 1197/1445/1286 1180/1469/1310 1181/1470/1311
f 1197/1445/1286 1181/1470/1311 1196/1443/1284
f 1196/1443/1284 1181/1470/1311 1182/1471/1312
f 1196/1443/1284 1182/1471/1312 1195/1441/1282
f 1195/1441/1282 1182/1471/1312 1183/1472/1313
f 1195/1441/1282 1183/1472/1313 1194/1439/1280
f 1194/1439/1280 1183/1472/1313 1184/1473/1314
f 1194/1439/1280 1184/1473/1314 1193/1437/1278
f 1193/1437/1278 1184/1473/1314 1185/1474/1315
f 1193/1437/1278 1185/1474/1315 1192/1435/1276
f 1192/1435/1276 1185/1474/1315 1186/1475/1316
f 1192/1435/1276 1186/1475/1316 1191/1433/1274
f 1191/1433/1274 1186/1475/1316 1187/1476/1317
f 1191/1433/1274 1187/1476/1317 1190/1431/1272
f 1190/1431/1272 1187/1476/1317 1188/1477/1318
f 1190/1431/1272 1188/1477/1318 1189/1429/1270
f 1172/1478/1302 372/1479/1319 1173/1480/1303
f 1173/1480/1303 372/1479/1319 371/1481/1320
f 1206/1482/1321 11/1483/1322 1205/1484/1323
f 1205/1484/1323 11/1483/1322 10/1485/1324
f 1205/1484/1323 10/1485/1324 277/1486/1325
f 277/1486/1325 10/1485/1324 278/1487/1326
f 278/1487/1326 10/1485/1324 9/1488/1327
f 278/1487/1326 9/1488/1327 279/1489/1328
f 279/1489/1328 9/1488/1327 8/1490/1329
f 279/1489/1328 8/1490/1329 280/1491/1330
f 280/1491/1330 8/1490/1329 7/1492/1331
f 280/1491/1330 7/1492/1331 281/1493/1332
f 281/1493/1332 7/1492/1331 6/1494/1333
f 281/1493/1332 6/1494/1333 282/1495/1334
f 282/1495/1334 6/1494/1333 5/1496/1335
f 282/1495/1334 5/1496/1335 283/1497/1336
f 283/1497/1336 5/1496/1335 4/1498/1337
f 283/1497/1336 4/1498/1337 284/1499/1338
f 284/1499/1338 4/1498/1337 3/1500/1339
f 284/1499/1338 3/1500/1339 93/1501/1340
f 93/1501/1340 3/1500/1339 2/1502/1341
f 11/1483/1322 1206/1482/1321 12/1503/1342
f 12/1503/1342 1206/1482/1321 1207/1504/1343
f 12/1503/1342 1207/1504/1343 1208/1505/1344
f 1208/1505/1344 1209/1506/1345 12/1503/1342
f 12/1503/1342 1209/1506/1345 1210/1507/1346
f 12/1503/1342 1210/1507/1346 1241/1508/1347
f 1241/1508/1347 1210/1507/1346 1211/1509/1348
f 1241/1508/1347 1211/1509/1348 1212/1510/1349
f 1212/1510/1349 1213/1511/1350 1241/1508/1347
f 1241/1508/1347 1213/1511/1350 1214/1512/1351
f 1241/1508/1347 1214/1512/1351 1215/1513/1352
f 1241/1508/1347 1215/1513/1352 1267/1514/1353
f 1267/1514/1353 1215/1513/1352 1216/1515/1354
f 1267/1514/1353 1216/1515/1354 1266/1516/1355
f 1266/1516/1355 1216/1515/1354 1217/1517/1356
f 1266/1516/1355 1217/1517/1356 1265/1518/1357
f 1265/1518/1357 1217/1517/1356 1218/1519/1358
f 1265/1518/1357 1218/1519/1358 1264/1520/1359
f 1264/1520/1359 1218/1519/1358 1219/1521/1360
f 1264/1520/1359 1219/1521/1360 1263/1522/1361
f 1263/1522/1361 1219/1521/1360 1262/1523/1362
f 1262/1523/1362 1219/1521/1360 1220/1524/1363
f 1262/1523/1362 1220/1524/1363 1261/1525/1364
f 1261/1525/1364 1220/1524/1363 1221/1526/1365
f 1261/1525/1364 1221/1526/1365 1260/1527/1366
f 1260/1527/1366 1221/1526/1365 1259/1528/1367
f 1259/1528/1367 1221/1526/1365 1222/1529/1368
f 1259/1528/1367 1222/1529/1368 1258/1530/1369
f 1258/1530/1369 1222/1529/1368 1257/1531/1370
f 1257/1531/1370 1222/1529/1368 1223/1532/1371
f 1257/1531/1370 1223/1532/1371 1256/1533/1372
f 1256/1533/1372 1223/1532/1371 1255/1534/1373
f 1255/1534/1373 1223/1532/1371 1254/1535/1374
f 1254/1535/1374 1223/1532/1371 1253/1536/1375
f 1253/1536/1375 1223/1532/1371 1224/1537/1376
f 1253/1536/1375 1224/1537/1376 1252/1538/1377
f 1252/1538/1377 1224/1537/1376 1251/1539/1378
f 1251/1539/1378 1224/1537/1376 1225/1540/1379
f 1251/1539/1378 1225/1540/1379 1250/1541/1380
f 1250/1541/1380 1225/1540/1379 1249/1542/1381
f 1249/1542/1381 1225/1540/1379 1226/1543/1382
f 1249/1542/1381 1226/1543/1382 1248/1544/1383
f 1248/1544/1383 1226/1543/1382 1227/1545/1384
f 1248/1544/1383 1227/1545/1384 1247/1546/1385
f 1247/1546/1385 1227/1545/1384 1246/1547/1386
f 1246/1547/1386 1227/1545/1384 1228/1548/1387
f 1246/1547/1386 1228/1548/1387 1245/1549/1388
f 1245/1549/1388 1228/1548/1387 1229/1550/1389
f 1245/1549/1388 1229/1550/1389 1244/1551/1390
f 1244/1551/1390 1229/1550/1389 1230/1552/1391
f 1244/1551/1390 1230/1552/1391 1243/1553/1392
f 1243/1553/1392 1230/1552/1391 1231/1554/1393
f 1243/1553/1392 1231/1554/1393 1242/1555/1394
f 1242/1555/1394 1231/1554/1393 1232/1556/1395
f 1242/1555/1394 1232/1556/1395 1233/1557/1396
f 1233/1557/1396 1234/1558/1397 1242/1555/1394
f 1242/1555/1394 1234/1558/1397 1235/1559/1398
f 1242/1555/1394 1235/1559/1398 1236/1560/1399
f 1242/1555/1394 1236/1560/1399 275/1561/1400
f 275/1561/1400 1236/1560/1399 1237/1562/1401
f 275/1561/1400 1237/1562/1401 1238/1563/1402
f 1238/1563/1402 1239/1564/1403 275/1561/1400
f 275/1561/1400 1239/1564/1403 1240/1565/1404
f 275/1561/1400 1240/1565/1404 276/1566/1405
f 276/1566/1405 1240/1565/1404 1205/1484/1323
f 276/1566/1405 1205/1484/1323 277/1486/1325
f 1269/1567/1406 381/1568/1407 1268/1569/1408
f 1268/1569/1408 381/1568/1407 380/1570/1409
f 1268/1569/1408 380/1570/1409 75/1571/1410
f 75/1571/1410 380/1570/1409 76/1572/1411
f 76/1572/1411 380/1570/1409 379/1573/1412
f 76/1572/1411 379/1573/1412 77/1574/1413
f 77/1574/1413 379/1573/1412 378/1575/1414
f 77/1574/1413 378/1575/1414 78/1576/1415
f 78/1576/1415 378/1575/1414 377/1577/1416
f 78/1576/1415 377/1577/1416 79/1578/1417
f 79/1578/1417 377/1577/1416 376/1579/1418
f 79/1578/1417 376/1579/1418 80/1580/1419
f 80/1580/1419 376/1579/1418 375/1581/1420
f 80/1580/1419 375/1581/1420 81/1582/1421
f 81/1582/1421 375/1581/1420 374/1583/1422
f 81/1582/1421 374/1583/1422 82/1584/1423
f 82/1584/1423 374/1583/1422 373/1585/1424
f 82/1584/1423 373/1585/1424 83/1586/1425
f 83/1586/1425 373/1585/1424 94/1587/1426
f 381/1568/1407 1269/1567/1406 382/1588/1427
f 382/1588/1427 1269/1567/1406 1270/1589/1428
f 382/1588/1427 1270/1589/1428 1271/1590/1429
f 1271/1590/1429 1272/1591/1430 382/1588/1427
f 382/1588/1427 1272/1591/1430 1273/1592/1431
f 382/1588/1427 1273/1592/1431 582/1593/1432
f 582/1593/1432 1273/1592/1431 1274/1594/1433
f 582/1593/1432 1274/1594/1433 1275/1595/1434
f 1275/1595/1434 1276/1596/1435 582/1593/1432
f 582/1593/1432 1276/1596/1435 1277/1597/1436
f 582/1593/1432 1277/1597/1436 1278/1598/1437
f 582/1593/1432 1278/1598/1437 1329/1599/1438
f 1329/1599/1438 1278/1598/1437 1279/1600/1439
f 1329/1599/1438 1279/1600/1439 1328/1601/1440
f 1328/1601/1440 1279/1600/1439 1280/1602/1441
f 1328/1601/1440 1280/1602/1441 1327/1603/1442
f 1327/1603/1442 1280/1602/1441 1281/1604/1443
f 1327/1603/1442 1281/1604/1443 1326/1605/1444
f 1326/1605/1444 1281/1604/1443 1282/1606/1445
f 1326/1605/1444 1282/1606/1445 1325/1607/1446
f 1325/1607/1446 1282/1606/1445 1324/1608/1447
f 1324/1608/1447 1282/1606/1445 1283/1609/1448
f 1324/1608/1447 1283/1609/1448 1323/1610/1449
f 1323/1610/1449 1283/1609/1448 1284/1611/1450
f 1323/1610/1449 1284/1611/1450 1322/1612/1451
f 1322/1612/1451 1284/1611/1450 1321/1613/1452
f 1321/1613/1452 1284/1611/1450 1285/1614/1453
f 1321/1613/1452 1285/1614/1453 1320/1615/1454
f 1320/1615/1454 1285/1614/1453 1319/1616/1455
f 1319/1616/1455 1285/1614/1453 1286/1617/1456
f 1319/1616/1455 1286/1617/1456 1318/1618/1457
f 1318/1618/1457 1286/1617/1456 1317/1619/1458
f 1317/1619/1458 1286/1617/1456 1316/1620/1459
f 1316/1620/1459 1286/1617/1456 1315/1621/1460
f 1315/1621/1460 1286/1617/1456 1287/1622/1461
f 1315/1621/1460 1287/1622/1461 1314/1623/1462
f 1314/1623/1462 1287/1622/1461 1313/1624/1463
f 1313/1624/1463 1287/1622/1461 1288/1625/1464
f 1313/1624/1463 1288/1625/1464 1312/1626/1465
f 1312/1626/1465 1288/1625/1464 1311/1627/1466
f 1311/1627/1466 1288/1625/1464 1289/1628/1467
f 1311/1627/1466 1289/1628/1467 1310/1629/1468
f 1310/1629/1468 1289/1628/1467 1290/1630/1469
f 1310/1629/1468 1290/1630/1469 1309/1631/1470
f 1309/1631/1470 1290/1630/1469 1308/1632/1471
f 1308/1632/1471 1290/1630/1469 1291/1633/1472
f 1308/1632/1471 1291/1633/1472 1307/1634/1473
f 1307/1634/1473 1291/1633/1472 1292/1635/1474
f 1307/1634/1473 1292/1635/1474 1306/1636/1475
f 1306/1636/1475 1292/1635/1474 1293/1637/1476
f 1306/1636/1475 1293/1637/1476 1305/1638/1477
f 1305/1638/1477 1293/1637/1476 1294/1639/1478
f 1305/1638/1477 1294/1639/1478 1304/1640/1479
f 1304/1640/1479 1294/1639/1478 1295/1641/1480
f 1304/1640/1479 1295/1641/1480 1296/1642/1481
f 1296/1642/1481 1297/1643/1482 1304/1640/1479
f 1304/1640/1479 1297/1643/1482 1298/1644/1483
f 1304/1640/1479 1298/1644/1483 1299/1645/1484
f 1304/1640/1479 1299/1645/1484 73/1646/1485
f 73/1646/1485 1299/1645/1484 1300/1647/1486
f 73/1646/1485 1300/1647/1486 1301/1648/1487
f 1301/1648/1487 1302/1649/1488 73/1646/1485
f 73/1646/1485 1302/1649/1488 1303/1650/1489
f 73/1646/1485 1303/1650/1489 74/1651/1490
f 74/1651/1490 1303/1650/1489 1268/1569/1408
f 74/1651/1490 1268/1569/1408 75/1571/1410
f 38/1652/89 369/1653/1491 73/1654/90
f 73/1654/90 369/1653/1491 1304/1655/1492
f 1304/1656/1492 369/1657/1491 1330/1658/1493
f 1330/1658/1493 369/1657/1491 368/1659/1494
f 1330/1658/1493 368/1659/1494 1331/1660/1495
f 1331/1660/1495 368/1659/1494 367/1661/1496
f 1331/1660/1495 367/1661/1496 1332/1662/1497
f 1332/1662/1497 367/1661/1496 366/1663/1498
f 1332/1662/1497 366/1663/1498 1333/1664/1499
f 1333/1664/1499 366/1663/1498 365/1665/1500
f 1333/1664/1499 365/1665/1500 1334/1666/1501
f 1334/1666/1501 365/1665/1500 364/1667/1502
f 1334/1666/1501 364/1667/1502 1335/1668/1503
f 1335/1668/1503 364/1667/1502 363/1669/1504
f 1335/1668/1503 363/1669/1504 1336/1670/1505
f 1336/1670/1505 363/1669/1504 362/1671/1506
f 1336/1670/1505 362/1671/1506 1337/1672/1507
f 1337/1672/1507 362/1671/1506 361/1673/1508
f 1337/1672/1507 361/1673/1508 1338/1674/1509
f 1338/1674/1509 361/1673/1508 360/1675/1510
f 1338/1674/1509 360/1675/1510 1339/1676/1511
f 1339/1676/1511 360/1675/1510 359/1677/1512
f 1339/1676/1511 359/1677/1512 1340/1678/1513
f 1340/1678/1513 359/1677/1512 358/1679/1514
f 1340/1678/1513 358/1679/1514 1341/1680/1515
f 1341/1680/1515 358/1679/1514 357/1681/1516
f 1341/1680/1515 357/1681/1516 1342/1682/1517
f 1342/1682/1517 357/1681/1516 356/1683/1518
f 1342/1682/1517 356/1683/1518 1343/1684/1519
f 1343/1684/1519 356/1683/1518 355/1685/1520
f 1343/1684/1519 355/1685/1520 1344/1686/1521
f 1344/1686/1521 355/1685/1520 354/1687/1522
f 1344/1686/1521 354/1687/1522 1345/1688/1523
f 1345/1688/1523 354/1687/1522 353/1689/1524
f 1345/1688/1523 353/1689/1524 1346/1690/1525
f 1346/1690/1525 353/1689/1524 352/1691/1526
f 1346/1690/1525 352/1691/1526 1347/1692/1527
f 1347/1692/1527 352/1691/1526 351/1693/1528
f 1347/1692/1527 351/1693/1528 1348/1694/1529
f 1348/1694/1529 351/1693/1528 350/1695/1530
f 1348/1694/1529 350/1695/1530 1349/1696/1531
f 1349/1696/1531 350/1695/1530 349/1697/1532
f 1349/1696/1531 349/1697/1532 1350/1698/1533
f 1350/1698/1533 349/1697/1532 348/1699/1534
f 1350/1698/1533 348/1699/1534 1351/1700/1535
f 1351/1700/1535 348/1699/1534 347/1701/1536
f 1351/1700/1535 347/1701/1536 1352/1702/1537
f 1352/1702/1537 347/1701/1536 346/1703/1538
f 1352/1702/1537 346/1703/1538 1353/1704/1539
f 1353/1704/1539 346/1703/1538 345/1705/1540
f 1353/1704/1539 345/1705/1540 1354/1706/1541
f 1354/1706/1541 345/1705/1540 344/1707/1542
f 1354/1706/1541 344/1707/1542 343/1708/647
f 343/1708/647 582/1709/646 1354/1706/1541
f 1354/1706/1541 582/1709/646 1329/1710/1543
f 1354/1706/1541 1329/1710/1543 1353/1704/1539
f 1353/1704/1539 1329/1710/1543 1328/1711/1544
f 1353/1704/1539 1328/1711/1544 1352/1702/1537
f 1352/1702/1537 1328/1711/1544 1327/1712/1545
f 1352/1702/1537 1327/1712/1545 1351/1700/1535
f 1351/1700/1535 1327/1712/1545 1326/1713/1546
f 1351/1700/1535 1326/1713/1546 1350/1698/1533
f 1350/1698/1533 1326/1713/1546 1325/1714/1547
f 1350/1698/1533 1325/1714/1547 1349/1696/1531
f 1349/1696/1531 1325/1714/1547 1324/1715/1548
f 1349/1696/1531 1324/1715/1548 1348/1694/1529
f 1348/1694/1529 1324/1715/1548 1323/1716/1549
f 1348/1694/1529 1323/1716/1549 1347/1692/1527
f 1347/1692/1527 1323/1716/1549 1322/1717/1550
f 1347/1692/1527 1322/1717/1550 1346/1690/1525
f 1346/1690/1525 1322/1717/1550 1321/1718/1551
f 1346/1690/1525 1321/1718/1551 1345/1688/1523
f 1345/1688/1523 1321/1718/1551 1320/1719/1552
f 1345/1688/1523 1320/1719/1552 1344/1686/1521
f 1344/1686/1521 1320/1719/1552 1319/1720/1553
f 1344/1686/1521 1319/1720/1553 1343/1684/1519
f 1343/1684/1519 1319/1720/1553 1318/1721/1554
f 1343/1684/1519 1318/1721/1554 1342/1682/1517
f 1342/1682/1517 1318/1721/1554 1317/1722/1555
f 1342/1682/1517 1317/1722/1555 1341/1680/1515
f 1341/1680/1515 1317/1722/1555 1316/1723/1556
f 1341/1680/1515 1316/1723/1556 1340/1678/1513
f 1340/1678/1513 1316/1723/1556 1315/1724/1557
f 1340/1678/1513 1315/1724/1557 1339/1676/1511
f 1339/1676/1511 1315/1724/1557 1314/1725/1558
f 1339/1676/1511 1314/1725/1558 1338/1674/1509
f 1338/1674/1509 1314/1725/1558 1313/1726/1559
f 1338/1674/1509 1313/1726/1559 1337/1672/1507
f 1337/1672/1507 1313/1726/1559 1312/1727/1560
f 1337/1672/1507 1312/1727/1560 1336/1670/1505
f 1336/1670/1505 1312/1727/1560 1311/1728/1561
f 1336/1670/1505 1311/1728/1561 1335/1668/1503
f 1335/1668/1503 1311/1728/1561 1310/1729/1562
f 1335/1668/1503 1310/1729/1562 1334/1666/1501
f 1334/1666/1501 1310/1729/1562 1309/1730/1563
f 1334/1666/1501 1309/1730/1563 1333/1664/1499
f 1333/1664/1499 1309/1730/1563 1308/1731/1564
f 1333/1664/1499 1308/1731/1564 1332/1662/1497
f 1332/1662/1497 1308/1731/1564 1307/1732/1565
f 1332/1662/1497 1307/1732/1565 1331/1660/1495
f 1331/1660/1495 1307/1732/1565 1306/1733/1566
f 1331/1660/1495 1306/1733/1566 1330/1658/1493
f 1330/1658/1493 1306/1733/1566 1305/1734/1567
f 1330/1658/1493 1305/1734/1567 1304/1656/1492
f 1242/1735/1568 339/1736/1569 1355/1737/1570
f 1355/1737/1570 339/1736/1569 338/1738/1571
f 1355/1737/1570 338/1738/1571 1356/1739/1572
f 1356/1739/1572 338/1738/1571 337/1740/1573
f 1356/1739/1572 337/1740/1573 1357/1741/1574
f 1357/1741/1574 337/1740/1573 336/1742/1575
f 1357/1741/1574 336/1742/1575 1358/1743/1576
f 1358/1743/1576 336/1742/1575 335/1744/1577
f 1358/1743/1576 335/1744/1577 1359/1745/1578
f 1359/1745/1578 335/1744/1577 334/1746/1579
f 1359/1745/1578 334/1746/1579 1360/1747/1580
f 1360/1747/1580 334/1746/1579 333/1748/1581
f 1360/1747/1580 333/1748/1581 1361/1749/1582
f 1361/1749/1582 333/1748/1581 332/1750/1583
f 1361/1749/1582 332/1750/1583 1362/1751/1584
f 1362/1751/1584 332/1750/1583 331/1752/1585
f 1362/1751/1584 331/1752/1585 1363/1753/1586
f 1363/1753/1586 331/1752/1585 330/1754/1587
f 1363/1753/1586 330/1754/1587 1364/1755/1588
f 1364/1755/1588 330/1754/1587 329/1756/1589
f 1364/1755/1588 329/1756/1589 1365/1757/1590
f 1365/1757/1590 329/1756/1589 328/1758/1591
f 1365/1757/1590 328/1758/1591 1366/1759/1592
f 1366/1759/1592 328/1758/1591 327/1760/1593
f 1366/1759/1592 327/1760/1593 1367/1761/1594
f 1367/1761/1594 327/1760/1593 326/1762/1595
f 1367/1761/1594 326/1762/1595 1368/1763/1596
f 1368/1763/1596 326/1762/1595 325/1764/1597
f 1368/1763/1596 325/1764/1597 1369/1765/1598
f 1369/1765/1598 325/1764/1597 324/1766/1599
f 1369/1765/1598 324/1766/1599 1370/1767/1600
f 1370/1767/1600 324/1766/1599 323/1768/1601
f 1370/1767/1600 323/1768/1601 1371/1769/1602
f 1371/1769/1602 323/1768/1601 322/1770/1603
f 1371/1769/1602 322/1770/1603 1372/1771/1604
f 1372/1771/1604 322/1770/1603 321/1772/1605
f 1372/1771/1604 321/1772/1605 1373/1773/1606
f 1373/1773/1606 321/1772/1605 320/1774/1607
f 1373/1773/1606 320/1774/1607 1374/1775/1608
f 1374/1775/1608 320/1774/1607 319/1776/1609
f 1374/1775/1608 319/1776/1609 1375/1777/1610
f 1375/1777/1610 319/1776/1609 318/1778/1611
f 1375/1777/1610 318/1778/1611 1376/1779/1612
f 1376/1779/1612 318/1778/1611 317/1780/1613
f 1376/1779/1612 317/1780/1613 1377/1781/1614
f 1377/1781/1614 317/1780/1613 316/1782/1615
f 1377/1781/1614 316/1782/1615 1378/1783/1616
f 1378/1783/1616 316/1782/1615 315/1784/1617
f 1378/1783/1616 315/1784/1617 1379/1785/1618
f 1379/1785/1618 315/1784/1617 314/1786/1619
f 1379/1785/1618 314/1786/1619 313/1787/1620
f 313/1787/1620 1241/1788/1621 1379/1785/1618
f 1379/1785/1618 1241/1788/1621 1267/1789/1622
f 1379/1785/1618 1267/1789/1622 1378/1783/1616
f 1378/1783/1616 1267/1789/1622 1266/1790/1623
f 1378/1783/1616 1266/1790/1623 1377/1781/1614
f 1377/1781/1614 1266/1790/1623 1265/1791/1624
f 1377/1781/1614 1265/1791/1624 1376/1779/1612
f 1376/1779/1612 1265/1791/1624 1264/1792/1625
f 1376/1779/1612 1264/1792/1625 1375/1777/1610
f 1375/1777/1610 1264/1792/1625 1263/1793/1626
f 1375/1777/1610 1263/1793/1626 1374/1775/1608
f 1374/1775/1608 1263/1793/1626 1262/1794/1627
f 1374/1775/1608 1262/1794/1627 1373/1773/1606
f 1373/1773/1606 1262/1794/1627 1261/1795/1628
f 1373/1773/1606 1261/1795/1628 1372/1771/1604
f 1372/1771/1604 1261/1795/1628 1260/1796/1629
f 1372/1771/1604 1260/1796/1629 1371/1769/1602
f 1371/1769/1602 1260/1796/1629 1259/1797/1630
f 1371/1769/1602 1259/1797/1630 1370/1767/1600
f 1370/1767/1600 1259/1797/1630 1258/1798/1631
f 1370/1767/1600 1258/1798/1631 1369/1765/1598
f 1369/1765/1598 1258/1798/1631 1257/1799/1632
f 1369/1765/1598 1257/1799/1632 1368/1763/1596
f 1368/1763/1596 1257/1799/1632 1256/1800/1633
f 1368/1763/1596 1256/1800/1633 1367/1761/1594
f 1367/1761/1594 1256/1800/1633 1255/1801/1634
f 1367/1761/1594 1255/1801/1634 1366/1759/1592
f 1366/1759/1592 1255/1801/1634 1254/1802/1635
f 1366/1759/1592 1254/1802/1635 1365/1757/1590
f 1365/1757/1590 1254/1802/1635 1253/1803/1636
f 1365/1757/1590 1253/1803/1636 1364/1755/1588
f 1364/1755/1588 1253/1803/1636 1252/1804/1637
f 1364/1755/1588 1252/1804/1637 1363/1753/1586
f 1363/1753/1586 1252/1804/1637 1251/1805/1638
f 1363/1753/1586 1251/1805/1638 1362/1751/1584
f 1362/1751/1584 1251/1805/1638 1250/1806/1639
f 1362/1751/1584 1250/1806/1639 1361/1749/1582
f 1361/1749/1582 1250/1806/1639 1249/1807/1640
f 1361/1749/1582 1249/1807/1640 1360/1747/1580
f 1360/1747/1580 1249/1807/1640 1248/1808/1641
f 1360/1747/1580 1248/1808/1641 1359/1745/1578
f 1359/1745/1578 1248/1808/1641 1247/1809/1642
f 1359/1745/1578 1247/1809/1642 1358/1743/1576
f 1358/1743/1576 1247/1809/1642 1246/1810/1643
f 1358/1743/1576 1246/1810/1643 1357/1741/1574
f 1357/1741/1574 1246/1810/1643 1245/1811/1644
f 1357/1741/1574 1245/1811/1644 1356/1739/1572
f 1356/1739/1572 1245/1811/1644 1244/1812/1645
f 1356/1739/1572 1244/1812/1645 1355/1737/1570
f 1355/1737/1570 1244/1812/1645 1243/1813/1646
f 1355/1737/1570 1243/1813/1646 1242/1735/1568
f 214/1814/307 339/1815/1569 275/1816/308
f 275/1816/308 339/1815/1569 1242/1817/1568
f 12/1818/28 1241/1819/1621 13/1820/27
f 13/1820/27 1241/1819/1621 313/1821/1620
f 1240/1822/1647 1418/1823/1648 1205/1824/1649
f 1205/1824/1649 1418/1823/1648 1421/1825/1650
f 1205/1824/1649 1421/1825/1650 1206/1826/1651
f 1206/1826/1651 1421/1825/1650 1486/1827/1652
f 1206/1826/1651 1486/1827/1652 1207/1828/1653
f 1207/1828/1653 1486/1827/1652 1484/1829/1654
f 1207/1828/1653 1484/1829/1654 1208/1830/1655
f 1208/1830/1655 1484/1829/1654 1482/1831/1656
f 1208/1830/1655 1482/1831/1656 1209/1832/1657
f 1209/1832/1657 1482/1831/1656 1480/1833/1658
f 1209/1832/1657 1480/1833/1658 1210/1834/1659
f 1210/1834/1659 1480/1833/1658 1478/1835/1660
f 1210/1834/1659 1478/1835/1660 1211/1836/1661
f 1211/1836/1661 1478/1835/1660 1476/1837/1662
f 1211/1836/1661 1476/1837/1662 1212/1838/1663
f 1212/1838/1663 1476/1837/1662 1474/1839/1664
f 1212/1838/1663 1474/1839/1664 1213/1840/1665
f 1213/1840/1665 1474/1839/1664 1472/1841/1666
f 1213/1840/1665 1472/1841/1666 1214/1842/1667
f 1214/1842/1667 1472/1841/1666 1470/1843/1668
f 1214/1842/1667 1470/1843/1668 1215/1844/1669
f 1215/1844/1669 1470/1843/1668 1468/1845/1670
f 1215/1844/1669 1468/1845/1670 1216/1846/1671
f 1216/1846/1671 1468/1845/1670 1466/1847/1672
f 1216/1846/1671 1466/1847/1672 1217/1848/1673
f 1217/1848/1673 1466/1847/1672 1464/1849/1674
f 1217/1848/1673 1464/1849/1674 1218/1850/1675
f 1218/1850/1675 1464/1849/1674 1462/1851/1676
f 1218/1850/1675 1462/1851/1676 1219/1852/1677
f 1219/1852/1677 1462/1851/1676 1460/1853/1678
f 1219/1852/1677 1460/1853/1678 1220/1854/1679
f 1220/1854/1679 1460/1853/1678 1458/1855/1680
f 1220/1854/1679 1458/1855/1680 1221/1856/1681
f 1221/1856/1681 1458/1855/1680 1456/1857/1682
f 1221/1856/1681 1456/1857/1682 1222/1858/1683
f 1222/1858/1683 1456/1857/1682 1454/1859/1684
f 1222/1858/1683 1454/1859/1684 1223/1860/1685
f 1223/1860/1685 1454/1859/1684 1416/1861/1686
f 1223/1862/1685 1416/1863/1686 1224/1864/1687
f 1224/1864/1687 1416/1863/1686 1452/1865/1688
f 1224/1864/1687 1452/1865/1688 1225/1866/1689
f 1225/1866/1689 1452/1865/1688 1450/1867/1690
f 1225/1866/1689 1450/1867/1690 1226/1868/1691
f 1226/1868/1691 1450/1867/1690 1448/1869/1692
f 1226/1868/1691 1448/1869/1692 1227/1870/1693
f 1227/1870/1693 1448/1869/1692 1446/1871/1694
f 1227/1870/1693 1446/1871/1694 1228/1872/1695
f 1228/1872/1695 1446/1871/1694 1444/1873/1696
f 1228/1872/1695 1444/1873/1696 1229/1874/1697
f 1229/1874/1697 1444/1873/1696 1442/1875/1698
f 1229/1874/1697 1442/1875/1698 1230/1876/1699
f 1230/1876/1699 1442/1875/1698 1440/1877/1700
f 1230/1876/1699 1440/1877/1700 1231/1878/1701
f 1231/1878/1701 1440/1877/1700 1438/1879/1702
f 1231/1878/1701 1438/1879/1702 1232/1880/1703
f 1232/1880/1703 1438/1879/1702 1436/1881/1704
f 1232/1880/1703 1436/1881/1704 1233/1882/1705
f 1233/1882/1705 1436/1881/1704 1434/1883/1706
f 1233/1882/1705 1434/1883/1706 1234/1884/1707
f 1234/1884/1707 1434/1883/1706 1432/1885/1708
f 1234/1884/1707 1432/1885/1708 1235/1886/1709
f 1235/1886/1709 1432/1885/1708 1430/1887/1710
f 1235/1886/1709 1430/1887/1710 1236/1888/1711
f 1236/1888/1711 1430/1887/1710 1428/1889/1712
f 1236/1888/1711 1428/1889/1712 1237/1890/1713
f 1237/1890/1713 1428/1889/1712 1426/1891/1714
f 1237/1890/1713 1426/1891/1714 1238/1892/1715
f 1238/1892/1715 1426/1891/1714 1424/1893/1716
f 1238/1892/1715 1424/1893/1716 1239/1894/1717
f 1239/1894/1717 1424/1893/1716 1422/1895/1718
f 1239/1894/1717 1422/1895/1718 1240/1822/1647
f 1240/1822/1647 1422/1895/1718 1418/1823/1648
f 1381/1896/1719 1453/1897/1720 1380/1898/1721
f 1380/1898/1721 1453/1897/1720 1417/1899/1722
f 1380/1900/1721 1417/1901/1722 1415/1902/1723
f 1415/1902/1723 1417/1901/1722 1455/1903/1724
f 1415/1902/1723 1455/1903/1724 1414/1904/1725
f 1414/1904/1725 1455/1903/1724 1457/1905/1726
f 1414/1904/1725 1457/1905/1726 1413/1906/1727
f 1413/1906/1727 1457/1905/1726 1459/1907/1728
f 1413/1906/1727 1459/1907/1728 1412/1908/1729
f 1412/1908/1729 1459/1907/1728 1461/1909/1730
f 1412/1908/1729 1461/1909/1730 1411/1910/1731
f 1411/1910/1731 1461/1909/1730 1463/1911/1732
f 1411/1910/1731 1463/1911/1732 1410/1912/1733
f 1410/1912/1733 1463/1911/1732 1465/1913/1734
f 1410/1912/1733 1465/1913/1734 1409/1914/1735
f 1409/1914/1735 1465/1913/1734 1467/1915/1736
f 1409/1914/1735 1467/1915/1736 1408/1916/1737
f 1408/1916/1737 1467/1915/1736 1469/1917/1738
f 1408/1916/1737 1469/1917/1738 1407/1918/1739
f 1407/1918/1739 1469/1917/1738 1471/1919/1740
f 1407/1918/1739 1471/1919/1740 1406/1920/1741
f 1406/1920/1741 1471/1919/1740 1473/1921/1742
f 1406/1920/1741 1473/1921/1742 1405/1922/1743
f 1405/1922/1743 1473/1921/1742 1475/1923/1744
f 1405/1922/1743 1475/1923/1744 1404/1924/1745
f 1404/1924/1745 1475/1923/1744 1477/1925/1746
f 1404/1924/1745 1477/1925/1746 1403/1926/1747
f 1403/1926/1747 1477/1925/1746 1479/1927/1748
f 1403/1926/1747 1479/1927/1748 1402/1928/1749
f 1402/1928/1749 1479/1927/1748 1481/1929/1750
f 1402/1928/1749 1481/1929/1750 1401/1930/1751
f 1401/1930/1751 1481/1929/1750 1483/1931/1752
f 1401/1930/1751 1483/1931/1752 1400/1932/1753
f 1400/1932/1753 1483/1931/1752 1485/1933/1754
f 1400/1932/1753 1485/1933/1754 1399/1934/1755
f 1399/1934/1755 1485/1933/1754 1487/1935/1756
f 1399/1934/1755 1487/1935/1756 1398/1936/1757
f 1398/1936/1757 1487/1935/1756 1420/1937/1758
f 1398/1936/1757 1420/1937/1758 1397/1938/1759
f 1397/1938/1759 1420/1937/1758 1419/1939/1760
f 1397/1938/1759 1419/1939/1760 1396/1940/1761
f 1396/1940/1761 1419/1939/1760 1423/1941/1762
f 1396/1940/1761 1423/1941/1762 1395/1942/1763
f 1395/1942/1763 1423/1941/1762 1425/1943/1764
f 1395/1942/1763 1425/1943/1764 1394/1944/1765
f 1394/1944/1765 1425/1943/1764 1427/1945/1766
f 1394/1944/1765 1427/1945/1766 1393/1946/1767
f 1393/1946/1767 1427/1945/1766 1429/1947/1768
f 1393/1946/1767 1429/1947/1768 1392/1948/1769
f 1392/1948/1769 1429/1947/1768 1431/1949/1770
f 1392/1948/1769 1431/1949/1770 1391/1950/1771
f 1391/1950/1771 1431/1949/1770 1433/1951/1772
f 1391/1950/1771 1433/1951/1772 1390/1952/1773
f 1390/1952/1773 1433/1951/1772 1435/1953/1774
f 1390/1952/1773 1435/1953/1774 1389/1954/1775
f 1389/1954/1775 1435/1953/1774 1437/1955/1776
f 1389/1954/1775 1437/1955/1776 1388/1956/1777
f 1388/1956/1777 1437/1955/1776 1439/1957/1778
f 1388/1956/1777 1439/1957/1778 1387/1958/1779
f 1387/1958/1779 1439/1957/1778 1441/1959/1780
f 1387/1958/1779 1441/1959/1780 1386/1960/1781
f 1386/1960/1781 1441/1959/1780 1443/1961/1782
f 1386/1960/1781 1443/1961/1782 1385/1962/1783
f 1385/1962/1783 1443/1961/1782 1445/1963/1784
f 1385/1962/1783 1445/1963/1784 1384/1964/1785
f 1384/1964/1785 1445/1963/1784 1447/1965/1786
f 1384/1964/1785 1447/1965/1786 1383/1966/1787
f 1383/1966/1787 1447/1965/1786 1449/1967/1788
f 1383/1966/1787 1449/1967/1788 1382/1968/1789
f 1382/1968/1789 1449/1967/1788 1451/1969/1790
f 1382/1968/1789 1451/1969/1790 1381/1896/1719
f 1381/1896/1719 1451/1969/1790 1453/1897/1720
f 1416/1863/1686 1417/1899/1722 1452/1865/1688
f 1452/1865/1688 1417/1899/1722 1453/1897/1720
f 1452/1865/1688 1453/1897/1720 1450/1867/1690
f 1450/1867/1690 1453/1897/1720 1451/1969/1790
f 1450/1867/1690 1451/1969/1790 1448/1869/1692
f 1448/1869/1692 1451/1969/1790 1449/1967/1788
f 1448/1869/1692 1449/1967/1788 1446/1871/1694
f 1446/1871/1694 1449/1967/1788 1447/1965/1786
f 1446/1871/1694 1447/1965/1786 1444/1873/1696
f 1444/1873/1696 1447/1965/1786 1445/1963/1784
f 1444/1873/1696 1445/1963/1784 1442/1875/1698
f 1442/1875/1698 1445/1963/1784 1443/1961/1782
f 1442/1875/1698 1443/1961/1782 1440/1877/1700
f 1440/1877/1700 1443/1961/1782 1441/1959/1780
f 1440/1877/1700 1441/1959/1780 1438/1879/1702
f 1438/1879/1702 1441/1959/1780 1439/1957/1778
f 1438/1879/1702 1439/1957/1778 1436/1881/1704
f 1436/1881/1704 1439/1957/1778 1437/1955/1776
f 1436/1881/1704 1437/1955/1776 1434/1883/1706
f 1434/1883/1706 1437/1955/1776 1435/1953/1774
f 1434/1883/1706 1435/1953/1774 1432/1885/1708
f 1432/1885/1708 1435/1953/1774 1433/1951/1772
f 1432/1885/1708 1433/1951/1772 1430/1887/1710
f 1430/1887/1710 1433/1951/1772 1431/1949/1770
f 1430/1887/1710 1431/1949/1770 1428/1889/1712
f 1428/1889/1712 1431/1949/1770 1429/1947/1768
f 1428/1889/1712 1429/1947/1768 1426/1891/1714
f 1426/1891/1714 1429/1947/1768 1427/1945/1766
f 1426/1891/1714 1427/1945/1766 1424/1893/1716
f 1424/1893/1716 1427/1945/1766 1425/1943/1764
f 1424/1893/1716 1425/1943/1764 1422/1895/1718
f 1422/1895/1718 1425/1943/1764 1423/1941/1762
f 1422/1895/1718 1423/1941/1762 1418/1823/1648
f 1418/1823/1648 1423/1941/1762 1419/1939/1760
f 1418/1823/1648 1419/1939/1760 1421/1825/1650
f 1421/1825/1650 1419/1939/1760 1420/1937/1758
f 1421/1825/1650 1420/1937/1758 1486/1827/1652
f 1486/1827/1652 1420/1937/1758 1487/1935/1756
f 1486/1827/1652 1487/1935/1756 1484/1829/1654
f 1484/1829/1654 1487/1935/1756 1485/1933/1754
f 1484/1829/1654 1485/1933/1754 1482/1831/1656
f 1482/1831/1656 1485/1933/1754 1483/1931/1752
f 1482/1831/1656 1483/1931/1752 1480/1833/1658
f 1480/1833/1658 1483/1931/1752 1481/1929/1750
f 1480/1833/1658 1481/1929/1750 1478/1835/1660
f 1478/1835/1660 1481/1929/1750 1479/1927/1748
f 1478/1835/1660 1479/1927/1748 1476/1837/1662
f 1476/1837/1662 1479/1927/1748 1477/1925/1746
f 1476/1837/1662 1477/1925/1746 1474/1839/1664
f 1474/1839/1664 1477/1925/1746 1475/1923/1744
f 1474/1839/1664 1475/1923/1744 1472/1841/1666
f 1472/1841/1666 1475/1923/1744 1473/1921/1742
f 1472/1841/1666 1473/1921/1742 1470/1843/1668
f 1470/1843/1668 1473/1921/1742 1471/1919/1740
f 1470/1843/1668 1471/1919/1740 1468/1845/1670
f 1468/1845/1670 1471/1919/1740 1469/1917/1738
f 1468/1845/1670 1469/1917/1738 1466/1847/1672
f 1466/1847/1672 1469/1917/1738 1467/1915/1736
f 1466/1847/1672 1467/1915/1736 1464/1849/1674
f 1464/1849/1674 1467/1915/1736 1465/1913/1734
f 1464/1849/1674 1465/1913/1734 1462/1851/1676
f 1462/1851/1676 1465/1913/1734 1463/1911/1732
f 1462/1851/1676 1463/1911/1732 1460/1853/1678
f 1460/1853/1678 1463/1911/1732 1461/1909/1730
f 1460/1853/1678 1461/1909/1730 1458/1855/1680
f 1458/1855/1680 1461/1909/1730 1459/1907/1728
f 1458/1855/1680 1459/1907/1728 1456/1857/1682
f 1456/1857/1682 1459/1907/1728 1457/1905/1726
f 1456/1857/1682 1457/1905/1726 1454/1859/1684
f 1454/1859/1684 1457/1905/1726 1455/1903/1724
f 1454/1859/1684 1455/1903/1724 1416/1861/1686
f 1416/1861/1686 1455/1903/1724 1417/1901/1722
f 1303/1970/1791 1526/1971/1792 1268/1972/1793
f 1268/1972/1793 1526/1971/1792 1529/1973/1794
f 1268/1972/1793 1529/1973/1794 1269/1974/1795
f 1269/1974/1795 1529/1973/1794 1594/1975/1796
f 1269/1974/1795 1594/1975/1796 1270/1976/1797
f 1270/1976/1797 1594/1975/1796 1592/1977/1798
f 1270/1976/1797 1592/1977/1798 1271/1978/1799
f 1271/1978/1799 1592/1977/1798 1590/1979/1800
f 1271/1978/1799 1590/1979/1800 1272/1980/1801
f 1272/1980/1801 1590/1979/1800 1588/1981/1802
f 1272/1980/1801 1588/1981/1802 1273/1982/1803
f 1273/1982/1803 1588/1981/1802 1586/1983/1804
f 1273/1982/1803 1586/1983/1804 1274/1984/1805
f 1274/1984/1805 1586/1983/1804 1584/1985/1806
f 1274/1984/1805 1584/1985/1806 1275/1986/1807
f 1275/1986/1807 1584/1985/1806 1582/1987/1808
f 1275/1986/1807 1582/1987/1808 1276/1988/1809
f 1276/1988/1809 1582/1987/1808 1580/1989/1810
f 1276/1988/1809 1580/1989/1810 1277/1990/1811
f 1277/1990/1811 1580/1989/1810 1578/1991/1812
f 1277/1990/1811 1578/1991/1812 1278/1992/1813
f 1278/1992/1813 1578/1991/1812 1576/1993/1814
f 1278/1992/1813 1576/1993/1814 1279/1994/1815
f 1279/1994/1815 1576/1993/1814 1574/1995/1816
f 1279/1994/1815 1574/1995/1816 1280/1996/1817
f 1280/1996/1817 1574/1995/1816 1572/1997/1818
f 1280/1996/1817 1572/1997/1818 1281/1998/1819
f 1281/1998/1819 1572/1997/1818 1570/1999/1820
f 1281/1998/1819 1570/1999/1820 1282/2000/1821
f 1282/2000/1821 1570/1999/1820 1568/2001/1822
f 1282/2000/1821 1568/2001/1822 1283/2002/1823
f 1283/2002/1823 1568/2001/1822 1566/2003/1824
f 1283/2002/1823 1566/2003/1824 1284/2004/1825
f 1284/2004/1825 1566/2003/1824 1564/2005/1826
f 1284/2004/1825 1564/2005/1826 1285/2006/1827
f 1285/2006/1827 1564/2005/1826 1562/2007/1828
f 1285/2006/1827 1562/2007/1828 1286/2008/1829
f 1286/2008/1829 1562/2007/1828 1524/2009/1830
f 1286/2010/1829 1524/2011/1830 1287/2012/1831
f 1287/2012/1831 1524/2011/1830 1560/2013/1832
f 1287/2012/1831 1560/2013/1832 1288/2014/1833
f 1288/2014/1833 1560/2013/1832 1558/2015/1834
f 1288/2014/1833 1558/2015/1834 1289/2016/1835
f 1289/2016/1835 1558/2015/1834 1556/2017/1836
f 1289/2016/1835 1556/2017/1836 1290/2018/1837
f 1290/2018/1837 1556/2017/1836 1554/2019/1838
f 1290/2018/1837 1554/2019/1838 1291/2020/1839
f 1291/2020/1839 1554/2019/1838 1552/2021/1840
f 1291/2020/1839 1552/2021/1840 1292/2022/1841
f 1292/2022/1841 1552/2021/1840 1550/2023/1842
f 1292/2022/1841 1550/2023/1842 1293/2024/1843
f 1293/2024/1843 1550/2023/1842 1548/2025/1844
f 1293/2024/1843 1548/2025/1844 1294/2026/1845
f 1294/2026/1845 1548/2025/1844 1546/2027/1846
f 1294/2026/1845 1546/2027/1846 1295/2028/1847
f 1295/2028/1847 1546/2027/1846 1544/2029/1848
f 1295/2028/1847 1544/2029/1848 1296/2030/1849
f 1296/2030/1849 1544/2029/1848 1542/2031/1850
f 1296/2030/1849 1542/2031/1850 1297/2032/1851
f 1297/2032/1851 1542/2031/1850 1540/2033/1852
f 1297/2032/1851 1540/2033/1852 1298/2034/1853
f 1298/2034/1853 1540/2033/1852 1538/2035/1854
f 1298/2034/1853 1538/2035/1854 1299/2036/1855
f 1299/2036/1855 1538/2035/1854 1536/2037/1856
f 1299/2036/1855 1536/2037/1856 1300/2038/1857
f 1300/2038/1857 1536/2037/1856 1534/2039/1858
f 1300/2038/1857 1534/2039/1858 1301/2040/1859
f 1301/2040/1859 1534/2039/1858 1532/2041/1860
f 1301/2040/1859 1532/2041/1860 1302/2042/1861
f 1302/2042/1861 1532/2041/1860 1530/2043/1862
f 1302/2042/1861 1530/2043/1862 1303/1970/1791
f 1303/1970/1791 1530/2043/1862 1526/1971/1792
f 1489/2044/1863 1561/2045/1864 1488/2046/1865
f 1488/2046/1865 1561/2045/1864 1525/2047/1866
f 1488/2048/1865 1525/2049/1866 1523/2050/1867
f 1523/2050/1867 1525/2049/1866 1563/2051/1868
f 1523/2050/1867 1563/2051/1868 1522/2052/1869
f 1522/2052/1869 1563/2051/1868 1565/2053/1870
f 1522/2052/1869 1565/2053/1870 1521/2054/1871
f 1521/2054/1871 1565/2053/1870 1567/2055/1872
f 1521/2054/1871 1567/2055/1872 1520/2056/1873
f 1520/2056/1873 1567/2055/1872 1569/2057/1874
f 1520/2056/1873 1569/2057/1874 1519/2058/1875
f 1519/2058/1875 1569/2057/1874 1571/2059/1876
f 1519/2058/1875 1571/2059/1876 1518/2060/1877
f 1518/2060/1877 1571/2059/1876 1573/2061/1878
f 1518/2060/1877 1573/2061/1878 1517/2062/1879
f 1517/2062/1879 1573/2061/1878 1575/2063/1880
f 1517/2062/1879 1575/2063/1880 1516/2064/1881
f 1516/2064/1881 1575/2063/1880 1577/2065/1882
f 1516/2064/1881 1577/2065/1882 1515/2066/1883
f 1515/2066/1883 1577/2065/1882 1579/2067/1884
f 1515/2066/1883 1579/2067/1884 1514/2068/1885
f 1514/2068/1885 1579/2067/1884 1581/2069/1886
f 1514/2068/1885 1581/2069/1886 1513/2070/1887
f 1513/2070/1887 1581/2069/1886 1583/2071/1888
f 1513/2070/1887 1583/2071/1888 1512/2072/1889
f 1512/2072/1889 1583/2071/1888 1585/2073/1890
f 1512/2072/1889 1585/2073/1890 1511/2074/1891
f 1511/2074/1891 1585/2073/1890 1587/2075/1892
f 1511/2074/1891 1587/2075/1892 1510/2076/1893
f 1510/2076/1893 1587/2075/1892 1589/2077/1894
f 1510/2076/1893 1589/2077/1894 1509/2078/1895
f 1509/2078/1895 1589/2077/1894 1591/2079/1896
f 1509/2078/1895 1591/2079/1896 1508/2080/1897
f 1508/2080/1897 1591/2079/1896 1593/2081/1898
f 1508/2080/1897 1593/2081/1898 1507/2082/1899
f 1507/2082/1899 1593/2081/1898 1595/2083/1900
f 1507/2082/1899 1595/2083/1900 1506/2084/1901
f 1506/2084/1901 1595/2083/1900 1528/2085/1902
f 1506/2084/1901 1528/2085/1902 1505/2086/1903
f 1505/2086/1903 1528/2085/1902 1527/2087/1904
f 1505/2086/1903 1527/2087/1904 1504/2088/1905
f 1504/2088/1905 1527/2087/1904 1531/2089/1906
f 1504/2088/1905 1531/2089/1906 1503/2090/1907
f 1503/2090/1907 1531/2089/1906 1533/2091/1908
f 1503/2090/1907 1533/2091/1908 1502/2092/1909
f 1502/2092/1909 1533/2091/1908 1535/2093/1910
f 1502/2092/1909 1535/2093/1910 1501/2094/1911
f 1501/2094/1911 1535/2093/1910 1537/2095/1912
f 1501/2094/1911 1537/2095/1912 1500/2096/1913
f 1500/2096/1913 1537/2095/1912 1539/2097/1914
f 1500/2096/1913 1539/2097/1914 1499/2098/1915
f 1499/2098/1915 1539/2097/1914 1541/2099/1916
f 1499/2098/1915 1541/2099/1916 1498/2100/1917
f 1498/2100/1917 1541/2099/1916 1543/2101/1918
f 1498/2100/1917 1543/2101/1918 1497/2102/1919
f 1497/2102/1919 1543/2101/1918 1545/2103/1920
f 1497/2102/1919 1545/2103/1920 1496/2104/1921
f 1496/2104/1921 1545/2103/1920 1547/2105/1922
f 1496/2104/1921 1547/2105/1922 1495/2106/1923
f 1495/2106/1923 1547/2105/1922 1549/2107/1924
f 1495/2106/1923 1549/2107/1924 1494/2108/1925
f 1494/2108/1925 1549/2107/1924 1551/2109/1926
f 1494/2108/1925 1551/2109/1926 1493/2110/1927
f 1493/2110/1927 1551/2109/1926 1553/2111/1928
f 1493/2110/1927 1553/2111/1928 1492/2112/1929
f 1492/2112/1929 1553/2111/1928 1555/2113/1930
f 1492/2112/1929 1555/2113/1930 1491/2114/1931
f 1491/2114/1931 1555/2113/1930 1557/2115/1932
f 1491/2114/1931 1557/2115/1932 1490/2116/1933
f 1490/2116/1933 1557/2115/1932 1559/2117/1934
f 1490/2116/1933 1559/2117/1934 1489/2044/1863
f 1489/2044/1863 1559/2117/1934 1561/2045/1864
f 1524/2011/1830 1525/2047/1866 1560/2013/1832
f 1560/2013/1832 1525/2047/1866 1561/2045/1864
f 1560/2013/1832 1561/2045/1864 1558/2015/1834
f 1558/2015/1834 1561/2045/1864 1559/2117/1934
f 1558/2015/1834 1559/2117/1934 1556/2017/1836
f 1556/2017/1836 1559/2117/1934 1557/2115/1932
f 1556/2017/1836 1557/2115/1932 1554/2019/1838
f 1554/2019/1838 1557/2115/1932 1555/2113/1930
f 1554/2019/1838 1555/2113/1930 1552/2021/1840
f 1552/2021/1840 1555/2113/1930 1553/2111/1928
f 1552/2021/1840 1553/2111/1928 1550/2023/1842
f 1550/2023/1842 1553/2111/1928 1551/2109/1926
f 1550/2023/1842 1551/2109/1926 1548/2025/1844
f 1548/2025/1844 1551/2109/1926 1549/2107/1924
f 1548/2025/1844 1549/2107/1924 1546/2027/1846
f 1546/2027/1846 1549/2107/1924 1547/2105/1922
f 1546/2027/1846 1547/2105/1922 1544/2029/1848
f 1544/2029/1848 1547/2105/1922 1545/2103/1920
f 1544/2029/1848 1545/2103/1920 1542/2031/1850
f 1542/2031/1850 1545/2103/1920 1543/2101/1918
f 1542/2031/1850 1543/2101/1918 1540/2033/1852
f 1540/2033/1852 1543/2101/1918 1541/2099/1916
f 1540/2033/1852 1541/2099/1916 1538/2035/1854
f 1538/2035/1854 1541/2099/1916 1539/2097/1914
f 1538/2035/1854 1539/2097/1914 1536/2037/1856
f 1536/2037/1856 1539/2097/1914 1537/2095/1912
f 1536/2037/1856 1537/2095/1912 1534/2039/1858
f 1534/2039/1858 1537/2095/1912 1535/2093/1910
f 1534/2039/1858 1535/2093/1910 1532/2041/1860
f 1532/2041/1860 1535/2093/1910 1533/2091/1908
f 1532/2041/1860 1533/2091/1908 1530/2043/1862
f 1530/2043/1862 1533/2091/1908 1531/2089/1906
f 1530/2043/1862 1531/2089/1906 1526/1971/1792
f 1526/1971/1792 1531/2089/1906 1527/2087/1904
f 1526/1971/1792 1527/2087/1904 1529/1973/1794
f 1529/1973/1794 1527/2087/1904 1528/2085/1902
f 1529/1973/1794 1528/2085/1902 1594/1975/1796
f 1594/1975/1796 1528/2085/1902 1595/2083/1900
f 1594/1975/1796 1595/2083/1900 1592/1977/1798
f 1592/1977/1798 1595/2083/1900 1593/2081/1898
f 1592/1977/1798 1593/2081/1898 1590/1979/1800
f 1590/1979/1800 1593/2081/1898 1591/2079/1896
f 1590/1979/1800 1591/2079/1896 1588/1981/1802
f 1588/1981/1802 1591/2079/1896 1589/2077/1894
f 1588/1981/1802 1589/2077/1894 1586/1983/1804
f 1586/1983/1804 1589/2077/1894 1587/2075/1892
f 1586/1983/1804 1587/2075/1892 1584/1985/1806
f 1584/1985/1806 1587/2075/1892 1585/2073/1890
f 1584/1985/1806 1585/2073/1890 1582/1987/1808
f 1582/1987/1808 1585/2073/1890 1583/2071/1888
f 1582/1987/1808 1583/2071/1888 1580/1989/1810
f 1580/1989/1810 1583/2071/1888 1581/2069/1886
f 1580/1989/1810 1581/2069/1886 1578/1991/1812
f 1578/1991/1812 1581/2069/1886 1579/2067/1884
f 1578/1991/1812 1579/2067/1884 1576/1993/1814
f 1576/1993/1814 1579/2067/1884 1577/2065/1882
f 1576/1993/1814 1577/2065/1882 1574/1995/1816
f 1574/1995/1816 1577/2065/1882 1575/2063/1880
f 1574/1995/1816 1575/2063/1880 1572/1997/1818
f 1572/1997/1818 1575/2063/1880 1573/2061/1878
f 1572/1997/1818 1573/2061/1878 1570/1999/1820
f 1570/1999/1820 1573/2061/1878 1571/2059/1876
f 1570/1999/1820 1571/2059/1876 1568/2001/1822
f 1568/2001/1822 1571/2059/1876 1569/2057/1874
f 1568/2001/1822 1569/2057/1874 1566/2003/1824
f 1566/2003/1824 1569/2057/1874 1567/2055/1872
f 1566/2003/1824 1567/2055/1872 1564/2005/1826
f 1564/2005/1826 1567/2055/1872 1565/2053/1870
f 1564/2005/1826 1565/2053/1870 1562/2007/1828
f 1562/2007/1828 1565/2053/1870 1563/2051/1868
f 1562/2007/1828 1563/2051/1868 1524/2009/1830
f 1524/2009/1830 1563/2051/1868 1525/2049/1866
f 499/2118/1935 340/2119/1936 1596/2120/1937
f 1596/2120/1937 340/2119/1936 204/2121/1938
f 1596/2120/1937 204/2121/1938 370/2122/1939
f 370/2122/1939 204/2121/1938 203/2123/1940
f 370/2122/1939 203/2123/1940 202/2124/1941
f 202/2124/1941 201/2125/1942 370/2122/1939
f 370/2122/1939 201/2125/1942 200/2126/1943
f 370/2122/1939 200/2126/1943 199/2127/1944
f 199/2127/1944 198/2128/1945 370/2122/1939
f 370/2122/1939 198/2128/1945 197/2129/1946
f 370/2122/1939 197/2129/1946 196/2130/1947
f 196/2130/1947 195/2131/1948 370/2122/1939
f 370/2122/1939 195/2131/1948 194/2132/1949
f 508/2133/1950 507/2134/1951 1596/2120/1937
f 1596/2120/1937 507/2134/1951 506/2135/1952
f 1596/2120/1937 506/2135/1952 505/2136/1953
f 505/2136/1953 504/2137/1954 1596/2120/1937
f 1596/2120/1937 504/2137/1954 503/2138/1955
f 1596/2120/1937 503/2138/1955 502/2139/1956
f 502/2139/1956 501/2140/1957 1596/2120/1937
f 1596/2120/1937 501/2140/1957 500/2141/1958
f 1596/2120/1937 500/2141/1958 499/2118/1935
f 1596/2142/1959 1597/2143/1960 508/2144/566
f 508/2144/566 1597/2143/1960 1598/2145/1961
f 508/2144/566 1598/2145/1961 518/2146/567
f 518/2146/567 425/2147/528 508/2144/566
f 1597/2148/1962 1599/2149/1963 1598/2150/1964
f 1598/2150/1964 1599/2149/1963 1600/2151/1965
f 1598/2152/1966 1635/2153/1967 518/2154/1968
f 518/2154/1968 1635/2153/1967 1636/2155/1969
f 518/2154/1968 1636/2155/1969 519/2156/1970
f 519/2156/1970 1636/2155/1969 520/2157/1971
f 520/2157/1971 1636/2155/1969 521/2158/1972
f 521/2158/1972 1636/2155/1969 522/2159/1973
f 522/2159/1973 1636/2155/1969 523/2160/1974
f 523/2160/1974 1636/2155/1969 524/2161/1975
f 524/2161/1975 1636/2155/1969 525/2162/1976
f 525/2162/1976 1636/2155/1969 526/2163/1977
f 526/2163/1977 1636/2155/1969 527/2164/1978
f 527/2164/1978 1636/2155/1969 97/2165/1979
f 97/2165/1979 1636/2155/1969 1637/2166/1980
f 97/2165/1979 1637/2166/1980 98/2167/1981
f 98/2167/1981 1637/2166/1980 294/2168/1982
f 294/2168/1982 1637/2166/1980 295/2169/1983
f 295/2169/1983 1637/2166/1980 296/2170/1984
f 296/2170/1984 1637/2166/1980 297/2171/1985
f 297/2171/1985 1637/2166/1980 298/2172/1986
f 298/2172/1986 1637/2166/1980 299/2173/1987
f 299/2173/1987 1637/2166/1980 300/2174/1988
f 300/2174/1988 1637/2166/1980 301/2175/1989
f 301/2175/1989 1637/2166/1980 302/2176/1990
f 302/2176/1990 1637/2166/1980 303/2177/1991
f 303/2177/1991 1637/2166/1980 1644/2178/1992
f 303/2177/1991 1644/2178/1992 1645/2179/1993
f 1600/2180/1994 1602/2181/1995 1598/2152/1966
f 1598/2152/1966 1602/2181/1995 1603/2182/1996
f 1598/2152/1966 1603/2182/1996 1604/2183/1997
f 1600/2180/1994 1601/2184/1998 1602/2181/1995
f 1604/2183/1997 1605/2185/1999 1598/2152/1966
f 1598/2152/1966 1605/2185/1999 1606/2186/2000
f 1598/2152/1966 1606/2186/2000 1607/2187/2001
f 1607/2187/2001 1608/2188/2002 1598/2152/1966
f 1598/2152/1966 1608/2188/2002 1609/2189/2003
f 1598/2152/1966 1609/2189/2003 1610/2190/2004
f 1610/2190/2004 1611/2191/2005 1598/2152/1966
f 1598/2152/1966 1611/2191/2005 1612/2192/2006
f 1598/2152/1966 1612/2192/2006 1613/2193/2007
f 1613/2193/2007 1614/2194/2008 1598/2152/1966
f 1598/2152/1966 1614/2194/2008 1615/2195/2009
f 1598/2152/1966 1615/2195/2009 1616/2196/2010
f 1616/2196/2010 1617/2197/2011 1598/2152/1966
f 1598/2152/1966 1617/2197/2011 1634/2198/2012
f 1598/2152/1966 1634/2198/2012 1635/2153/1967
f 1617/2197/2011 1618/2199/2013 1634/2198/2012
f 1634/2198/2012 1618/2199/2013 1619/2200/2014
f 1634/2198/2012 1619/2200/2014 1620/2201/2015
f 1620/2201/2015 1621/2202/2016 1634/2198/2012
f 1634/2198/2012 1621/2202/2016 1622/2203/2017
f 1634/2198/2012 1622/2203/2017 1623/2204/2018
f 1623/2204/2018 1624/2205/2019 1634/2198/2012
f 1634/2198/2012 1624/2205/2019 1625/2206/2020
f 1634/2198/2012 1625/2206/2020 1626/2207/2021
f 1634/2198/2012 1626/2207/2021 1633/2208/2022
f 1633/2208/2022 1626/2207/2021 1627/2209/2023
f 1633/2208/2022 1627/2209/2023 1628/2210/2024
f 1628/2210/2024 1629/2211/2025 1633/2208/2022
f 1633/2208/2022 1629/2211/2025 1630/2212/2026
f 1633/2208/2022 1630/2212/2026 1631/2213/2027
f 1631/2213/2027 1632/2214/2028 1633/2208/2022
f 1638/2215/2029 1639/2216/2030 1637/2166/1980
f 1637/2166/1980 1639/2216/2030 1640/2217/2031
f 1637/2166/1980 1640/2217/2031 1641/2218/2032
f 1641/2218/2032 1642/2219/2033 1637/2166/1980
f 1637/2166/1980 1642/2219/2033 1643/2220/2034
f 1637/2166/1980 1643/2220/2034 1644/2178/1992
f 1645/2179/1993 1646/2221/2035 303/2177/1991
f 303/2177/1991 1646/2221/2035 1647/2222/2036
f 303/2177/1991 1647/2222/2036 1648/2223/2037
f 1648/2223/2037 1649/2224/2038 303/2177/1991
f 303/2177/1991 1649/2224/2038 1650/2225/2039
f 303/2177/1991 1650/2225/2039 1651/2226/2040
f 1651/2226/2040 1652/2227/2041 303/2177/1991
f 303/2177/1991 1652/2227/2041 1653/2228/2042
f 303/2177/1991 1653/2228/2042 1654/2229/2043
f 1654/2229/2043 1655/2230/2044 303/2177/1991
f 303/2177/1991 1655/2230/2044 1656/2231/2045
f 303/2177/1991 1656/2231/2045 1189/2232/2046
f 303/2177/1991 1189/2232/2046 371/2233/2047
f 371/2233/2047 1189/2232/2046 1188/2234/2048
f 371/2233/2047 1188/2234/2048 1187/2235/2049
f 1187/2235/2049 1186/2236/2050 371/2233/2047
f 371/2233/2047 1186/2236/2050 1185/2237/2051
f 371/2233/2047 1185/2237/2051 1184/2238/2052
f 1184/2238/2052 1183/2239/2053 371/2233/2047
f 371/2233/2047 1183/2239/2053 1182/2240/2054
f 371/2233/2047 1182/2240/2054 1181/2241/2055
f 1181/2241/2055 1180/2242/2056 371/2233/2047
f 371/2233/2047 1180/2242/2056 1179/2243/2057
f 371/2233/2047 1179/2243/2057 1178/2244/2058
f 1178/2244/2058 1177/2245/2059 371/2233/2047
f 371/2233/2047 1177/2245/2059 1176/2246/2060
f 371/2233/2047 1176/2246/2060 1175/2247/2061
f 1174/2248/2062 1173/2249/2063 1175/2247/2061
f 1175/2247/2061 1173/2249/2063 371/2233/2047
f 1153/2250/2064 1657/2251/2065 1152/2252/2066
f 1152/2252/2066 1657/2251/2065 1136/2253/2067
f 1136/2253/2067 1657/2251/2065 1137/2254/2068
f 1137/2254/2068 1657/2251/2065 1658/2255/2069
f 1137/2254/2068 1658/2255/2069 1138/2256/2070
f 1138/2256/2070 1658/2255/2069 1659/2257/2071
f 1138/2256/2070 1659/2257/2071 1139/2258/2072
f 1139/2258/2072 1659/2257/2071 1660/2259/2073
f 1139/2258/2072 1660/2259/2073 1140/2260/2074
f 1140/2260/2074 1660/2259/2073 1661/2261/2075
f 1140/2260/2074 1661/2261/2075 1141/2262/2076
f 1141/2262/2076 1661/2261/2075 1662/2263/2077
f 1141/2262/2076 1662/2263/2077 1142/2264/2078
f 1142/2264/2078 1662/2263/2077 1143/2265/2079
f 1143/2265/2079 1662/2263/2077 1663/2266/2080
f 1143/2265/2079 1663/2266/2080 1144/2267/2081
f 1144/2267/2081 1663/2266/2080 1664/2268/2082
f 1144/2267/2081 1664/2268/2082 1145/2269/2083
f 1145/2269/2083 1664/2268/2082 1665/2270/2084
f 1145/2269/2083 1665/2270/2084 1146/2271/2085
f 1146/2271/2085 1665/2270/2084 1147/2272/2086
f 1147/2272/2086 1665/2270/2084 1666/2273/2087
f 1147/2272/2086 1666/2273/2087 1148/2274/2088
f 1148/2274/2088 1666/2273/2087 1149/2275/2089
f 1149/2275/2089 1666/2273/2087 1667/2276/2090
f 1149/2275/2089 1667/2276/2090 1150/2277/2091
f 1150/2277/2091 1667/2276/2090 1151/2278/2092
f 1151/2278/2092 1667/2276/2090 1135/2279/2093
f 1135/2279/2093 1667/2276/2090 1668/2280/2094
f 1135/2279/2093 1668/2280/2094 1669/2281/2095
f 1669/2281/2095 1670/2282/2096 1135/2279/2093
f 1135/2279/2093 1670/2282/2096 1671/2283/2097
f 1135/2279/2093 1671/2283/2097 1676/2284/2098
f 1676/2284/2098 1671/2283/2097 1672/2285/2099
f 1676/2284/2098 1672/2285/2099 1673/2286/2100
f 1673/2286/2100 1674/2287/2101 1676/2284/2098
f 1676/2284/2098 1674/2287/2101 1675/2288/2102
f 1135/2279/2093 1676/2284/2098 1119/2289/2103
f 1119/2289/2103 1676/2284/2098 1677/2290/2104
f 1119/2289/2103 1677/2290/2104 1682/2291/2105
f 1682/2291/2105 1677/2290/2104 1681/2292/2106
f 1681/2292/2106 1677/2290/2104 1680/2293/2107
f 1680/2293/2107 1677/2290/2104 1679/2294/2108
f 1679/2294/2108 1677/2290/2104 1678/2295/2109
f 1682/2291/2105 1683/2296/2110 1119/2289/2103
f 1119/2289/2103 1683/2296/2110 1684/2297/2111
f 1119/2289/2103 1684/2297/2111 1685/2298/2112
f 1685/2298/2112 1686/2299/2113 1119/2289/2103
f 1119/2289/2103 1686/2299/2113 1120/2300/2114
f 1120/2300/2114 1686/2299/2113 1121/2301/2115
f 1121/2301/2115 1686/2299/2113 1122/2302/2116
f 1122/2302/2116 1686/2299/2113 1687/2303/2117
f 1122/2302/2116 1687/2303/2117 1123/2304/2118
f 1123/2304/2118 1687/2303/2117 1124/2305/2119
f 1124/2305/2119 1687/2303/2117 1688/2306/2120
f 1124/2305/2119 1688/2306/2120 1125/2307/2121
f 1125/2307/2121 1688/2306/2120 1126/2308/2122
f 1126/2308/2122 1688/2306/2120 1689/2309/2123
f 1126/2308/2122 1689/2309/2123 1127/2310/2124
f 1127/2310/2124 1689/2309/2123 1690/2311/2125
f 1127/2310/2124 1690/2311/2125 1128/2312/2126
f 1128/2312/2126 1690/2311/2125 1691/2313/2127
f 1128/2312/2126 1691/2313/2127 1129/2314/2128
f 1129/2314/2128 1691/2313/2127 1130/2315/2129
f 1130/2315/2129 1691/2313/2127 1692/2316/2130
f 1130/2315/2129 1692/2316/2130 1131/2317/2131
f 1131/2317/2131 1692/2316/2130 1693/2318/2132
f 1131/2317/2131 1693/2318/2132 1132/2319/2133
f 1132/2319/2133 1693/2318/2132 1694/2320/2134
f 1132/2319/2133 1694/2320/2134 1133/2321/2135
f 1133/2321/2135 1694/2320/2134 1695/2322/2136
f 1133/2321/2135 1695/2322/2136 1134/2323/2137
f 1134/2323/2137 1695/2322/2136 1696/2324/2138
f 1134/2323/2137 1696/2324/2138 1117/2325/2139
f 1117/2325/2139 1696/2324/2138 1118/2326/2140
f 1118/2326/2140 1696/2324/2138 1155/2327/2141
f 1189/2328/1270 1656/2329/2142 1154/2330/1271
f 1154/2330/1271 1656/2329/2142 1657/2331/2143
f 1154/2330/1271 1657/2331/2143 1153/2332/2144
f 1600/2333/1965 1599/2334/1963 1712/2335/2145
f 1712/2335/2145 1599/2334/1963 1697/2336/2146
f 1712/2335/2145 1697/2336/2146 1713/2337/2147
f 1713/2337/2147 1697/2336/2146 1698/2338/2148
f 1713/2337/2147 1698/2338/2148 1714/2339/2149
f 1714/2339/2149 1698/2338/2148 1699/2340/2150
f 1714/2339/2149 1699/2340/2150 1715/2341/2151
f 1715/2341/2151 1699/2340/2150 1700/2342/2152
f 1715/2341/2151 1700/2342/2152 1716/2343/2153
f 1716/2343/2153 1700/2342/2152 1701/2344/2154
f 1716/2343/2153 1701/2344/2154 1717/2345/2155
f 1717/2345/2155 1701/2344/2154 1702/2346/2156
f 1717/2345/2155 1702/2346/2156 1718/2347/2157
f 1718/2347/2157 1702/2346/2156 1703/2348/2158
f 1718/2347/2157 1703/2348/2158 1719/2349/2159
f 1719/2349/2159 1703/2348/2158 1704/2350/2160
f 1719/2349/2159 1704/2350/2160 1720/2351/2161
f 1720/2351/2161 1704/2350/2160 1705/2352/2162
f 1720/2351/2161 1705/2352/2162 1721/2353/2163
f 1721/2353/2163 1705/2352/2162 1706/2354/2164
f 1721/2353/2163 1706/2354/2164 1722/2355/2165
f 1722/2355/2165 1706/2354/2164 1707/2356/2166
f 1722/2355/2165 1707/2356/2166 1723/2357/2167
f 1723/2357/2167 1707/2356/2166 1708/2358/2168
f 1723/2357/2167 1708/2358/2168 1724/2359/2169
f 1724/2359/2169 1708/2358/2168 1709/2360/2170
f 1724/2359/2169 1709/2360/2170 1725/2361/2171
f 1725/2361/2171 1709/2360/2170 1710/2362/2172
f 1725/2361/2171 1710/2362/2172 1726/2363/2173
f 1726/2363/2173 1710/2362/2172 1711/2364/2174
f 1726/2363/2173 1711/2364/2174 1156/2365/2175
f 1156/2365/2175 1616/2366/2176 1726/2363/2173
f 1726/2363/2173 1616/2366/2176 1615/2367/2177
f 1726/2363/2173 1615/2367/2177 1725/2361/2171
f 1725/2361/2171 1615/2367/2177 1614/2368/2178
f 1725/2361/2171 1614/2368/2178 1724/2359/2169
f 1724/2359/2169 1614/2368/2178 1613/2369/2179
f 1724/2359/2169 1613/2369/2179 1723/2357/2167
f 1723/2357/2167 1613/2369/2179 1612/2370/2180
f 1723/2357/2167 1612/2370/2180 1722/2355/2165
f 1722/2355/2165 1612/2370/2180 1611/2371/2181
f 1722/2355/2165 1611/2371/2181 1721/2353/2163
f 1721/2353/2163 1611/2371/2181 1610/2372/2182
f 1721/2353/2163 1610/2372/2182 1720/2351/2161
f 1720/2351/2161 1610/2372/2182 1609/2373/2183
f 1720/2351/2161 1609/2373/2183 1719/2349/2159
f 1719/2349/2159 1609/2373/2183 1608/2374/2184
f 1719/2349/2159 1608/2374/2184 1718/2347/2157
f 1718/2347/2157 1608/2374/2184 1607/2375/2185
f 1718/2347/2157 1607/2375/2185 1717/2345/2155
f 1717/2345/2155 1607/2375/2185 1606/2376/2186
f 1717/2345/2155 1606/2376/2186 1716/2343/2153
f 1716/2343/2153 1606/2376/2186 1605/2377/2187
f 1716/2343/2153 1605/2377/2187 1715/2341/2151
f 1715/2341/2151 1605/2377/2187 1604/2378/2188
f 1715/2341/2151 1604/2378/2188 1714/2339/2149
f 1714/2339/2149 1604/2378/2188 1603/2379/2189
f 1714/2339/2149 1603/2379/2189 1713/2337/2147
f 1713/2337/2147 1603/2379/2189 1602/2380/2190
f 1713/2337/2147 1602/2380/2190 1712/2335/2145
f 1712/2335/2145 1602/2380/2190 1601/2381/2191
f 1712/2335/2145 1601/2381/2191 1600/2333/1965
f 1616/2382/2176 1156/2383/2175 1617/2384/2192
f 1617/2384/2192 1156/2383/2175 1696/2385/2193
f 1696/2385/2193 1156/2383/2175 1155/2386/2194
f 1658/2387/2195 1657/2388/2196 1727/2389/2197
f 1727/2389/2197 1657/2388/2196 1656/2390/2198
f 1727/2389/2197 1656/2390/2198 1655/2391/2199
f 1727/2389/2197 1655/2391/2199 1728/2392/2200
f 1728/2392/2200 1655/2391/2199 1654/2393/2201
f 1728/2392/2200 1654/2393/2201 1729/2394/2202
f 1729/2394/2202 1654/2393/2201 1653/2395/2203
f 1729/2394/2202 1653/2395/2203 1730/2396/2204
f 1730/2396/2204 1653/2395/2203 1652/2397/2205
f 1730/2396/2204 1652/2397/2205 1731/2398/2206
f 1731/2398/2206 1652/2397/2205 1651/2399/2207
f 1731/2398/2206 1651/2399/2207 1732/2400/2208
f 1732/2400/2208 1651/2399/2207 1650/2401/2209
f 1732/2400/2208 1650/2401/2209 1733/2402/2210
f 1733/2402/2210 1650/2401/2209 1649/2403/2211
f 1733/2402/2210 1649/2403/2211 1734/2404/2212
f 1734/2404/2212 1649/2403/2211 1648/2405/2213
f 1734/2404/2212 1648/2405/2213 1735/2406/2214
f 1735/2406/2214 1648/2405/2213 1647/2407/2215
f 1735/2406/2214 1647/2407/2215 1736/2408/2216
f 1736/2408/2216 1647/2407/2215 1646/2409/2217
f 1736/2408/2216 1646/2409/2217 1737/2410/2218
f 1737/2410/2218 1646/2409/2217 1645/2411/2219
f 1737/2410/2218 1645/2411/2219 1738/2412/2220
f 1738/2412/2220 1645/2411/2219 1644/2413/2221
f 1738/2412/2220 1644/2413/2221 1739/2414/2222
f 1739/2414/2222 1644/2413/2221 1643/2415/2223
f 1739/2414/2222 1643/2415/2223 1740/2416/2224
f 1740/2416/2224 1643/2415/2223 1642/2417/2225
f 1740/2416/2224 1642/2417/2225 1741/2418/2226
f 1741/2418/2226 1642/2417/2225 1641/2419/2227
f 1741/2418/2226 1641/2419/2227 1742/2420/2228
f 1742/2420/2228 1641/2419/2227 1640/2421/2229
f 1742/2420/2228 1640/2421/2229 1743/2422/2230
f 1743/2422/2230 1640/2421/2229 1639/2423/2231
f 1743/2422/2230 1639/2423/2231 1744/2424/2232
f 1744/2424/2232 1639/2423/2231 1638/2425/2233
f 1744/2424/2232 1638/2425/2233 1637/2426/2234
f 1637/2426/2234 1676/2427/2235 1744/2424/2232
f 1744/2424/2232 1676/2427/2235 1675/2428/2236
f 1744/2424/2232 1675/2428/2236 1743/2422/2230
f 1743/2422/2230 1675/2428/2236 1674/2429/2237
f 1743/2422/2230 1674/2429/2237 1742/2420/2228
f 1742/2420/2228 1674/2429/2237 1673/2430/2238
f 1742/2420/2228 1673/2430/2238 1741/2418/2226
f 1741/2418/2226 1673/2430/2238 1672/2431/2239
f 1741/2418/2226 1672/2431/2239 1740/2416/2224
f 1740/2416/2224 1672/2431/2239 1671/2432/2240
f 1740/2416/2224 1671/2432/2240 1739/2414/2222
f 1739/2414/2222 1671/2432/2240 1670/2433/2241
f 1739/2414/2222 1670/2433/2241 1738/2412/2220
f 1738/2412/2220 1670/2433/2241 1669/2434/2242
f 1738/2412/2220 1669/2434/2242 1737/2410/2218
f 1737/2410/2218 1669/2434/2242 1668/2435/2243
f 1737/2410/2218 1668/2435/2243 1736/2408/2216
f 1736/2408/2216 1668/2435/2243 1667/2436/2244
f 1736/2408/2216 1667/2436/2244 1735/2406/2214
f 1735/2406/2214 1667/2436/2244 1666/2437/2245
f 1735/2406/2214 1666/2437/2245 1734/2404/2212
f 1734/2404/2212 1666/2437/2245 1665/2438/2246
f 1734/2404/2212 1665/2438/2246 1733/2402/2210
f 1733/2402/2210 1665/2438/2246 1664/2439/2247
f 1733/2402/2210 1664/2439/2247 1732/2400/2208
f 1732/2400/2208 1664/2439/2247 1663/2440/2248
f 1732/2400/2208 1663/2440/2248 1731/2398/2206
f 1731/2398/2206 1663/2440/2248 1662/2441/2249
f 1731/2398/2206 1662/2441/2249 1730/2396/2204
f 1730/2396/2204 1662/2441/2249 1661/2442/2250
f 1730/2396/2204 1661/2442/2250 1729/2394/2202
f 1729/2394/2202 1661/2442/2250 1660/2443/2251
f 1729/2394/2202 1660/2443/2251 1728/2392/2200
f 1728/2392/2200 1660/2443/2251 1659/2444/2252
f 1728/2392/2200 1659/2444/2252 1727/2389/2197
f 1727/2389/2197 1659/2444/2252 1658/2387/2195
f 1637/2445/2234 1636/2446/2253 1676/2447/2235
f 1676/2447/2235 1636/2446/2253 1677/2448/2254
f 1678/2449/2255 1677/2450/2256 1745/2451/2257
f 1745/2451/2257 1677/2450/2256 1636/2452/2258
f 1745/2451/2257 1636/2452/2258 1635/2453/2259
f 1745/2451/2257 1635/2453/2259 1746/2454/2260
f 1746/2454/2260 1635/2453/2259 1634/2455/2261
f 1746/2454/2260 1634/2455/2261 1747/2456/2262
f 1747/2456/2262 1634/2455/2261 1633/2457/2263
f 1747/2456/2262 1633/2457/2263 1748/2458/2264
f 1748/2458/2264 1633/2457/2263 1632/2459/2265
f 1748/2458/2264 1632/2459/2265 1749/2460/2266
f 1749/2460/2266 1632/2459/2265 1631/2461/2267
f 1749/2460/2266 1631/2461/2267 1750/2462/2268
f 1750/2462/2268 1631/2461/2267 1630/2463/2269
f 1750/2462/2268 1630/2463/2269 1751/2464/2270
f 1751/2464/2270 1630/2463/2269 1629/2465/2271
f 1751/2464/2270 1629/2465/2271 1752/2466/2272
f 1752/2466/2272 1629/2465/2271 1628/2467/2273
f 1752/2466/2272 1628/2467/2273 1753/2468/2274
f 1753/2468/2274 1628/2467/2273 1627/2469/2275
f 1753/2468/2274 1627/2469/2275 1754/2470/2276
f 1754/2470/2276 1627/2469/2275 1626/2471/2277
f 1754/2470/2276 1626/2471/2277 1755/2472/2278
f 1755/2472/2278 1626/2471/2277 1625/2473/2279
f 1755/2472/2278 1625/2473/2279 1756/2474/2280
f 1756/2474/2280 1625/2473/2279 1624/2475/2281
f 1756/2474/2280 1624/2475/2281 1757/2476/2282
f 1757/2476/2282 1624/2475/2281 1623/2477/2283
f 1757/2476/2282 1623/2477/2283 1758/2478/2284
f 1758/2478/2284 1623/2477/2283 1622/2479/2285
f 1758/2478/2284 1622/2479/2285 1759/2480/2286
f 1759/2480/2286 1622/2479/2285 1621/2481/2287
f 1759/2480/2286 1621/2481/2287 1760/2482/2288
f 1760/2482/2288 1621/2481/2287 1620/2483/2289
f 1760/2482/2288 1620/2483/2289 1761/2484/2290
f 1761/2484/2290 1620/2483/2289 1619/2485/2291
f 1761/2484/2290 1619/2485/2291 1762/2486/2292
f 1762/2486/2292 1619/2485/2291 1618/2487/2293
f 1762/2486/2292 1618/2487/2293 1617/2488/2294
f 1617/2488/2294 1696/2489/2295 1762/2486/2292
f 1762/2486/2292 1696/2489/2295 1695/2490/2296
f 1762/2486/2292 1695/2490/2296 1761/2484/2290
f 1761/2484/2290 1695/2490/2296 1694/2491/2297
f 1761/2484/2290 1694/2491/2297 1760/2482/2288
f 1760/2482/2288 1694/2491/2297 1693/2492/2298
f 1760/2482/2288 1693/2492/2298 1759/2480/2286
f 1759/2480/2286 1693/2492/2298 1692/2493/2299
f 1759/2480/2286 1692/2493/2299 1758/2478/2284
f 1758/2478/2284 1692/2493/2299 1691/2494/2300
f 1758/2478/2284 1691/2494/2300 1757/2476/2282
f 1757/2476/2282 1691/2494/2300 1690/2495/2301
f 1757/2476/2282 1690/2495/2301 1756/2474/2280
f 1756/2474/2280 1690/2495/2301 1689/2496/2302
f 1756/2474/2280 1689/2496/2302 1755/2472/2278
f 1755/2472/2278 1689/2496/2302 1688/2497/2303
f 1755/2472/2278 1688/2497/2303 1754/2470/2276
f 1754/2470/2276 1688/2497/2303 1687/2498/2304
f 1754/2470/2276 1687/2498/2304 1753/2468/2274
f 1753/2468/2274 1687/2498/2304 1686/2499/2305
f 1753/2468/2274 1686/2499/2305 1752/2466/2272
f 1752/2466/2272 1686/2499/2305 1685/2500/2306
f 1752/2466/2272 1685/2500/2306 1751/2464/2270
f 1751/2464/2270 1685/2500/2306 1684/2501/2307
f 1751/2464/2270 1684/2501/2307 1750/2462/2268
f 1750/2462/2268 1684/2501/2307 1683/2502/2308
f 1750/2462/2268 1683/2502/2308 1749/2460/2266
f 1749/2460/2266 1683/2502/2308 1682/2503/2309
f 1749/2460/2266 1682/2503/2309 1748/2458/2264
f 1748/2458/2264 1682/2503/2309 1681/2504/2310
f 1748/2458/2264 1681/2504/2310 1747/2456/2262
f 1747/2456/2262 1681/2504/2310 1680/2505/2311
f 1747/2456/2262 1680/2505/2311 1746/2454/2260
f 1746/2454/2260 1680/2505/2311 1679/2506/2312
f 1746/2454/2260 1679/2506/2312 1745/2451/2257
f 1745/2451/2257 1679/2506/2312 1678/2449/2255
f 1156/2507/2313 1711/2508/2314 1116/2509/1201
f 1116/2509/1201 1711/2508/2314 1710/2510/2315
f 1116/2509/1201 1710/2510/2315 1596/2511/2316
f 1596/2511/2316 1710/2510/2315 1709/2512/2317
f 1596/2511/2316 1709/2512/2317 1708/2513/2318
f 1708/2513/2318 1707/2514/2319 1596/2511/2316
f 1596/2511/2316 1707/2514/2319 1706/2515/2320
f 1596/2511/2316 1706/2515/2320 1705/2516/2321
f 1705/2516/2321 1704/2517/2322 1596/2511/2316
f 1596/2511/2316 1704/2517/2322 1703/2518/2323
f 1596/2511/2316 1703/2518/2323 1597/2519/2324
f 1597/2519/2324 1703/2518/2323 1702/2520/2325
f 1597/2519/2324 1702/2520/2325 1701/2521/2326
f 1701/2521/2326 1700/2522/2327 1597/2519/2324
f 1597/2519/2324 1700/2522/2327 1699/2523/2328
f 1597/2519/2324 1699/2523/2328 1698/2524/2329
f 1697/2525/2330 1599/2526/2331 1698/2524/2329
f 1698/2524/2329 1599/2526/2331 1597/2519/2324
f 370/2527/2332 1380/2528/2333 1596/2511/2316
f 1596/2511/2316 1380/2528/2333 1488/2529/2334
f 1596/2511/2316 1488/2529/2334 1116/2509/1201
f 1116/2509/1201 1488/2529/2334 1523/2530/2335
f 1116/2509/1201 1523/2530/2335 943/2531/1151
f 943/2531/1151 1523/2530/2335 1522/2532/2336
f 943/2531/1151 1522/2532/2336 1521/2533/2337
f 372/2534/2338 1165/2535/2339 370/2527/2332
f 370/2527/2332 1165/2535/2339 1164/2536/2340
f 370/2527/2332 1164/2536/2340 1163/2537/2341
f 1172/2538/2342 1170/2539/2343 372/2534/2338
f 372/2534/2338 1170/2539/2343 1169/2540/2344
f 372/2534/2338 1169/2540/2344 1168/2541/2345
f 1172/2538/2342 1171/2542/2346 1170/2539/2343
f 1168/2541/2345 1167/2543/2347 372/2534/2338
f 372/2534/2338 1167/2543/2347 1166/2544/2348
f 372/2534/2338 1166/2544/2348 1165/2535/2339
f 1163/2537/2341 1162/2545/2349 370/2527/2332
f 370/2527/2332 1162/2545/2349 1161/2546/2350
f 370/2527/2332 1161/2546/2350 1160/2547/2351
f 1160/2547/2351 1159/2548/2352 370/2527/2332
f 370/2527/2332 1159/2548/2352 1158/2549/2353
f 370/2527/2332 1158/2549/2353 594/2550/668
f 594/2550/668 1158/2549/2353 1157/2551/2354
f 594/2550/668 1157/2551/2354 1154/2552/2355
f 593/2553/669 1381/2554/2356 594/2550/668
f 594/2550/668 1381/2554/2356 1380/2528/2333
f 594/2550/668 1380/2528/2333 370/2527/2332
f 627/2555/719 1383/2556/2357 593/2553/669
f 593/2553/669 1383/2556/2357 1382/2557/2358
f 593/2553/669 1382/2557/2358 1381/2554/2356
f 626/2558/721 1385/2559/2359 627/2555/719
f 627/2555/719 1385/2559/2359 1384/2560/2360
f 627/2555/719 1384/2560/2360 1383/2556/2357
f 625/2561/723 1387/2562/2361 626/2558/721
f 626/2558/721 1387/2562/2361 1386/2563/2362
f 626/2558/721 1386/2563/2362 1385/2559/2359
f 624/2564/725 1389/2565/2363 625/2561/723
f 625/2561/723 1389/2565/2363 1388/2566/2364
f 625/2561/723 1388/2566/2364 1387/2562/2361
f 1389/2565/2363 624/2564/725 1390/2567/2365
f 1390/2567/2365 624/2564/725 623/2568/830
f 1390/2567/2365 623/2568/830 1391/2569/2366
f 1391/2569/2366 623/2568/830 1392/2570/2367
f 1392/2570/2367 623/2568/830 622/2571/829
f 1392/2570/2367 622/2571/829 1393/2572/2368
f 1393/2572/2368 622/2571/829 621/2573/828
f 1393/2572/2368 621/2573/828 1394/2574/2369
f 1394/2574/2369 621/2573/828 620/2575/827
f 1394/2574/2369 620/2575/827 1395/2576/2370
f 1395/2576/2370 620/2575/827 615/2577/822
f 1395/2576/2370 615/2577/822 1396/2578/2371
f 1396/2578/2371 615/2577/822 1397/2579/2372
f 1397/2579/2372 615/2577/822 1398/2580/2373
f 1398/2580/2373 615/2577/822 788/2581/922
f 1398/2580/2373 788/2581/922 1506/2582/2374
f 1506/2582/2374 788/2581/922 1507/2583/2375
f 1507/2583/2375 788/2581/922 1508/2584/2376
f 1508/2584/2376 788/2581/922 1509/2585/2377
f 1509/2585/2377 788/2581/922 951/2586/1159
f 1509/2585/2377 951/2586/1159 1510/2587/2378
f 1510/2587/2378 951/2586/1159 950/2588/1158
f 1510/2587/2378 950/2588/1158 1511/2589/2379
f 1511/2589/2379 950/2588/1158 949/2590/1157
f 1511/2589/2379 949/2590/1157 1512/2591/2380
f 1512/2591/2380 949/2590/1157 948/2592/1156
f 1512/2591/2380 948/2592/1156 1513/2593/2381
f 1513/2593/2381 948/2592/1156 1514/2594/2382
f 1514/2594/2382 948/2592/1156 947/2595/1155
f 1514/2594/2382 947/2595/1155 1515/2596/2383
f 1515/2596/2383 947/2595/1155 946/2597/1154
f 1515/2596/2383 946/2597/1154 1516/2598/2384
f 1516/2598/2384 946/2597/1154 1517/2599/2385
f 1517/2599/2385 946/2597/1154 945/2600/1153
f 1517/2599/2385 945/2600/1153 1518/2601/2386
f 1518/2601/2386 945/2600/1153 1519/2602/2387
f 1519/2602/2387 945/2600/1153 944/2603/1152
f 1519/2602/2387 944/2603/1152 1520/2604/2388
f 1520/2604/2388 944/2603/1152 1521/2533/2337
f 1521/2533/2337 944/2603/1152 943/2531/1151
f 620/2575/827 619/2605/826 615/2577/822
f 615/2577/822 619/2605/826 618/2606/825
f 615/2577/822 618/2606/825 617/2607/824
f 617/2607/824 616/2608/823 615/2577/822
f 955/2609/1048 954/2610/1050 788/2581/922
f 788/2581/922 954/2610/1050 953/2611/1052
f 788/2581/922 953/2611/1052 952/2612/1054
f 952/2612/1054 951/2586/1159 788/2581/922
f 1380/2528/2333 1415/2613/2389 1488/2529/2334
f 1488/2529/2334 1415/2613/2389 1489/2614/2390
f 1489/2614/2390 1415/2613/2389 1490/2615/2391
f 1490/2615/2391 1415/2613/2389 1414/2616/2392
f 1490/2615/2391 1414/2616/2392 1491/2617/2393
f 1491/2617/2393 1414/2616/2392 1413/2618/2394
f 1491/2617/2393 1413/2618/2394 1492/2619/2395
f 1492/2619/2395 1413/2618/2394 1412/2620/2396
f 1492/2619/2395 1412/2620/2396 1493/2621/2397
f 1493/2621/2397 1412/2620/2396 1411/2622/2398
f 1493/2621/2397 1411/2622/2398 1494/2623/2399
f 1494/2623/2399 1411/2622/2398 1410/2624/2400
f 1494/2623/2399 1410/2624/2400 1495/2625/2401
f 1495/2625/2401 1410/2624/2400 1409/2626/2402
f 1495/2625/2401 1409/2626/2402 1496/2627/2403
f 1496/2627/2403 1409/2626/2402 1408/2628/2404
f 1496/2627/2403 1408/2628/2404 1497/2629/2405
f 1497/2629/2405 1408/2628/2404 1407/2630/2406
f 1497/2629/2405 1407/2630/2406 1406/2631/2407
f 1497/2629/2405 1406/2631/2407 1498/2632/2408
f 1498/2632/2408 1406/2631/2407 1405/2633/2409
f 1498/2632/2408 1405/2633/2409 1499/2634/2410
f 1499/2634/2410 1405/2633/2409 1404/2635/2411
f 1499/2634/2410 1404/2635/2411 1500/2636/2412
f 1500/2636/2412 1404/2635/2411 1403/2637/2413
f 1500/2636/2412 1403/2637/2413 1501/2638/2414
f 1501/2638/2414 1403/2637/2413 1402/2639/2415
f 1501/2638/2414 1402/2639/2415 1502/2640/2416
f 1502/2640/2416 1402/2639/2415 1401/2641/2417
f 1502/2640/2416 1401/2641/2417 1503/2642/2418
f 1503/2642/2418 1401/2641/2417 1400/2643/2419
f 1503/2642/2418 1400/2643/2419 1504/2644/2420
f 1504/2644/2420 1400/2643/2419 1399/2645/2421
f 1504/2644/2420 1399/2645/2421 1505/2646/2422
f 1505/2646/2422 1399/2645/2421 1398/2580/2373
f 1505/2646/2422 1398/2580/2373 1506/2582/2374
# 1762 vertices
# 2646 texture params
# 2422 normals
# 3528 facets

# 1 groups
